[0m21:09:23.643202 [debug] [MainThread]: Sending event: {'category': 'dbt', 'action': 'invocation', 'label': 'start', 'context': [<snowplow_tracker.self_describing_json.SelfDescribingJson object at 0x10a3ccad0>, <snowplow_tracker.self_describing_json.SelfDescribingJson object at 0x10b32b890>, <snowplow_tracker.self_describing_json.SelfDescribingJson object at 0x10b32b9d0>]}


============================== 21:09:23.645692 | 49bcfa40-ae06-42a1-8479-824605c9ff00 ==============================
[0m21:09:23.645692 [info ] [MainThread]: Running with dbt=1.11.8
[0m21:09:23.645928 [debug] [MainThread]: running dbt with arguments {'introspect': 'True', 'quiet': 'False', 'indirect_selection': 'eager', 'invocation_command': 'dbt ', 'version_check': 'True', 'empty': 'None', 'target_path': 'None', 'warn_error_options': 'WarnErrorOptionsV2(error=[], warn=[], silence=[])', 'warn_error': 'None', 'profiles_dir': '/Users/sakshirai/.dbt', 'partial_parse': 'True', 'log_path': '/Users/sakshirai/Desktop/netflixanalysis/netflix_analysis/logs', 'static_parser': 'True', 'debug': 'False', 'use_experimental_parser': 'False', 'use_colors': 'True', 'send_anonymous_usage_stats': 'True', 'log_cache_events': 'False', 'cache_selected_only': 'False', 'log_format': 'default', 'no_print': 'None', 'write_json': 'True', 'printer_width': '80', 'fail_fast': 'False'}
[0m21:09:23.687308 [debug] [MainThread]: Sending event: {'category': 'dbt', 'action': 'project_id', 'label': '49bcfa40-ae06-42a1-8479-824605c9ff00', 'context': [<snowplow_tracker.self_describing_json.SelfDescribingJson object at 0x10a668770>]}
[0m21:09:23.694393 [info ] [MainThread]: Warning: No packages were found in packages.yml
[0m21:09:23.694699 [info ] [MainThread]: Warning: No packages were found in packages.yml
[0m21:09:23.696617 [debug] [MainThread]: Resource report: {"command_name": "deps", "command_success": true, "command_wall_clock_time": 0.08034729, "process_in_blocks": "0", "process_kernel_time": 0.074291, "process_mem_max_rss": "117129216", "process_out_blocks": "0", "process_user_time": 0.519296}
[0m21:09:23.696807 [debug] [MainThread]: Command `cli deps` succeeded at 21:09:23.696761 after 0.08 seconds
[0m21:09:23.696925 [debug] [MainThread]: Sending event: {'category': 'dbt', 'action': 'invocation', 'label': 'end', 'context': [<snowplow_tracker.self_describing_json.SelfDescribingJson object at 0x10b281260>, <snowplow_tracker.self_describing_json.SelfDescribingJson object at 0x10b281e10>, <snowplow_tracker.self_describing_json.SelfDescribingJson object at 0x10b21e050>]}
[0m21:09:23.697034 [debug] [MainThread]: Flushing usage events
[0m21:09:24.629244 [debug] [MainThread]: An error was encountered while trying to flush usage events
[0m21:14:23.733780 [debug] [MainThread]: Sending event: {'category': 'dbt', 'action': 'invocation', 'label': 'start', 'context': [<snowplow_tracker.self_describing_json.SelfDescribingJson object at 0x108510ad0>, <snowplow_tracker.self_describing_json.SelfDescribingJson object at 0x10946f9d0>, <snowplow_tracker.self_describing_json.SelfDescribingJson object at 0x10946f890>]}


============================== 21:14:23.735532 | a209323d-8415-4fee-ae97-1f215789c393 ==============================
[0m21:14:23.735532 [info ] [MainThread]: Running with dbt=1.11.8
[0m21:14:23.735762 [debug] [MainThread]: running dbt with arguments {'log_path': '/Users/sakshirai/Desktop/netflixanalysis/netflix_analysis/logs', 'printer_width': '80', 'no_print': 'None', 'send_anonymous_usage_stats': 'True', 'write_json': 'True', 'quiet': 'False', 'invocation_command': 'dbt ', 'use_colors': 'True', 'introspect': 'True', 'warn_error_options': 'WarnErrorOptionsV2(error=[], warn=[], silence=[])', 'target_path': 'None', 'log_cache_events': 'False', 'static_parser': 'True', 'partial_parse': 'True', 'indirect_selection': 'eager', 'debug': 'False', 'empty': 'None', 'cache_selected_only': 'False', 'warn_error': 'None', 'version_check': 'True', 'fail_fast': 'False', 'use_experimental_parser': 'False', 'log_format': 'default', 'profiles_dir': '/Users/sakshirai/.dbt'}
[0m21:14:23.824181 [debug] [MainThread]: Sending event: {'category': 'dbt', 'action': 'project_id', 'label': 'a209323d-8415-4fee-ae97-1f215789c393', 'context': [<snowplow_tracker.self_describing_json.SelfDescribingJson object at 0x1087ac770>]}
[0m21:14:23.831978 [info ] [MainThread]: Warning: No packages were found in packages.yml
[0m21:14:23.832512 [info ] [MainThread]: Warning: No packages were found in packages.yml
[0m21:14:23.834127 [debug] [MainThread]: Resource report: {"command_name": "deps", "command_success": true, "command_wall_clock_time": 0.12641145, "process_in_blocks": "0", "process_kernel_time": 0.076489, "process_mem_max_rss": "117129216", "process_out_blocks": "0", "process_user_time": 0.52318}
[0m21:14:23.834330 [debug] [MainThread]: Command `cli deps` succeeded at 21:14:23.834286 after 0.13 seconds
[0m21:14:23.834467 [debug] [MainThread]: Sending event: {'category': 'dbt', 'action': 'invocation', 'label': 'end', 'context': [<snowplow_tracker.self_describing_json.SelfDescribingJson object at 0x1093c5260>, <snowplow_tracker.self_describing_json.SelfDescribingJson object at 0x1093c5e10>, <snowplow_tracker.self_describing_json.SelfDescribingJson object at 0x109356250>]}
[0m21:14:23.834596 [debug] [MainThread]: Flushing usage events
[0m21:14:24.751144 [debug] [MainThread]: An error was encountered while trying to flush usage events
[0m21:14:46.043825 [debug] [MainThread]: Sending event: {'category': 'dbt', 'action': 'invocation', 'label': 'start', 'context': [<snowplow_tracker.self_describing_json.SelfDescribingJson object at 0x105190450>, <snowplow_tracker.self_describing_json.SelfDescribingJson object at 0x1051f6b90>, <snowplow_tracker.self_describing_json.SelfDescribingJson object at 0x1051f7650>]}


============================== 21:14:46.045877 | 72edf400-20ef-49af-8afe-4d675193850d ==============================
[0m21:14:46.045877 [info ] [MainThread]: Running with dbt=1.9.0
[0m21:14:46.046121 [debug] [MainThread]: running dbt with arguments {'printer_width': '80', 'indirect_selection': 'eager', 'write_json': 'True', 'log_cache_events': 'False', 'partial_parse': 'True', 'cache_selected_only': 'False', 'warn_error': 'None', 'fail_fast': 'False', 'debug': 'False', 'log_path': '/Users/sakshirai/Desktop/netflixanalysis/netflix_analysis/logs', 'version_check': 'True', 'profiles_dir': '/Users/sakshirai/.dbt', 'use_colors': 'True', 'use_experimental_parser': 'False', 'empty': 'None', 'quiet': 'False', 'no_print': 'None', 'warn_error_options': 'WarnErrorOptions(include=[], exclude=[])', 'introspect': 'True', 'static_parser': 'True', 'invocation_command': 'dbt debug', 'target_path': 'None', 'log_format': 'default', 'send_anonymous_usage_stats': 'True'}
[0m21:14:46.053246 [info ] [MainThread]: dbt version: 1.9.0
[0m21:14:46.053399 [info ] [MainThread]: python version: 3.11.0
[0m21:14:46.053520 [info ] [MainThread]: python path: /Users/sakshirai/Desktop/netflixanalysis/venv/bin/python
[0m21:14:46.053624 [info ] [MainThread]: os info: macOS-26.4.1-arm64-arm-64bit
[0m21:14:46.220450 [info ] [MainThread]: Using profiles dir at /Users/sakshirai/.dbt
[0m21:14:46.220687 [info ] [MainThread]: Using profiles.yml file at /Users/sakshirai/.dbt/profiles.yml
[0m21:14:46.220803 [info ] [MainThread]: Using dbt_project.yml file at /Users/sakshirai/Desktop/netflixanalysis/netflix_analysis/dbt_project.yml
[0m21:14:46.221003 [info ] [MainThread]: adapter type: snowflake
[0m21:14:46.221108 [info ] [MainThread]: adapter version: 1.9.0
[0m21:14:46.272270 [info ] [MainThread]: Configuration:
[0m21:14:46.272505 [info ] [MainThread]:   profiles.yml file [[32mOK found and valid[0m]
[0m21:14:46.272627 [info ] [MainThread]:   dbt_project.yml file [[32mOK found and valid[0m]
[0m21:14:46.272723 [info ] [MainThread]: Required dependencies:
[0m21:14:46.272868 [debug] [MainThread]: Executing "git --help"
[0m21:14:46.285608 [debug] [MainThread]: STDOUT: "b"usage: git [-v | --version] [-h | --help] [-C <path>] [-c <name>=<value>]\n           [--exec-path[=<path>]] [--html-path] [--man-path] [--info-path]\n           [-p | --paginate | -P | --no-pager] [--no-replace-objects] [--no-lazy-fetch]\n           [--no-optional-locks] [--no-advice] [--bare] [--git-dir=<path>]\n           [--work-tree=<path>] [--namespace=<name>] [--config-env=<name>=<envvar>]\n           <command> [<args>]\n\nThese are common Git commands used in various situations:\n\nstart a working area (see also: git help tutorial)\n   clone      Clone a repository into a new directory\n   init       Create an empty Git repository or reinitialize an existing one\n\nwork on the current change (see also: git help everyday)\n   add        Add file contents to the index\n   mv         Move or rename a file, a directory, or a symlink\n   restore    Restore working tree files\n   rm         Remove files from the working tree and from the index\n\nexamine the history and state (see also: git help revisions)\n   bisect     Use binary search to find the commit that introduced a bug\n   diff       Show changes between commits, commit and working tree, etc\n   grep       Print lines matching a pattern\n   log        Show commit logs\n   show       Show various types of objects\n   status     Show the working tree status\n\ngrow, mark and tweak your common history\n   backfill   Download missing objects in a partial clone\n   branch     List, create, or delete branches\n   commit     Record changes to the repository\n   merge      Join two or more development histories together\n   rebase     Reapply commits on top of another base tip\n   reset      Reset current HEAD to the specified state\n   switch     Switch branches\n   tag        Create, list, delete or verify a tag object signed with GPG\n\ncollaborate (see also: git help workflows)\n   fetch      Download objects and refs from another repository\n   pull       Fetch from and integrate with another repository or a local branch\n   push       Update remote refs along with associated objects\n\n'git help -a' and 'git help -g' list available subcommands and some\nconcept guides. See 'git help <command>' or 'git help <concept>'\nto read about a specific subcommand or concept.\nSee 'git help git' for an overview of the system.\n""
[0m21:14:46.286042 [debug] [MainThread]: STDERR: "b''"
[0m21:14:46.286208 [info ] [MainThread]:  - git [[32mOK found[0m]

[0m21:14:46.286335 [info ] [MainThread]: Connection:
[0m21:14:46.286466 [info ] [MainThread]:   account: XDUXYHD-VR68808
[0m21:14:46.286563 [info ] [MainThread]:   user: dbt
[0m21:14:46.286655 [info ] [MainThread]:   database: MOVIELENS
[0m21:14:46.286747 [info ] [MainThread]:   warehouse: COMPUTE_WH
[0m21:14:46.286837 [info ] [MainThread]:   role: TRANSFORM
[0m21:14:46.286925 [info ] [MainThread]:   schema: RAW
[0m21:14:46.287015 [info ] [MainThread]:   authenticator: None
[0m21:14:46.287104 [info ] [MainThread]:   oauth_client_id: None
[0m21:14:46.287193 [info ] [MainThread]:   query_tag: None
[0m21:14:46.287280 [info ] [MainThread]:   client_session_keep_alive: False
[0m21:14:46.287372 [info ] [MainThread]:   host: None
[0m21:14:46.287457 [info ] [MainThread]:   port: None
[0m21:14:46.287543 [info ] [MainThread]:   proxy_host: None
[0m21:14:46.287632 [info ] [MainThread]:   proxy_port: None
[0m21:14:46.287717 [info ] [MainThread]:   protocol: None
[0m21:14:46.287806 [info ] [MainThread]:   connect_retries: 1
[0m21:14:46.287889 [info ] [MainThread]:   connect_timeout: None
[0m21:14:46.287974 [info ] [MainThread]:   retry_on_database_errors: False
[0m21:14:46.288057 [info ] [MainThread]:   retry_all: False
[0m21:14:46.288140 [info ] [MainThread]:   insecure_mode: False
[0m21:14:46.288226 [info ] [MainThread]:   reuse_connections: True
[0m21:14:46.288472 [info ] [MainThread]: Registered adapter: snowflake=1.9.0
[0m21:14:46.333661 [debug] [MainThread]: Acquiring new snowflake connection 'debug'
[0m21:14:46.354176 [debug] [MainThread]: Using snowflake connection "debug"
[0m21:14:46.354332 [debug] [MainThread]: On debug: select 1 as id
[0m21:14:46.354432 [debug] [MainThread]: Opening a new connection, currently in state init
[0m21:14:47.137493 [debug] [MainThread]: SQL status: SUCCESS 1 in 0.783 seconds
[0m21:14:47.138532 [info ] [MainThread]:   Connection test: [[32mOK connection ok[0m]

[0m21:14:47.138979 [info ] [MainThread]: [32mAll checks passed![0m
[0m21:14:47.143112 [debug] [MainThread]: Resource report: {"command_name": "debug", "command_success": true, "command_wall_clock_time": 1.1234194, "process_in_blocks": "0", "process_kernel_time": 0.185461, "process_mem_max_rss": "163987456", "process_out_blocks": "0", "process_user_time": 0.672567}
[0m21:14:47.143675 [debug] [MainThread]: Command `dbt debug` succeeded at 21:14:47.143566 after 1.12 seconds
[0m21:14:47.143987 [debug] [MainThread]: Connection 'debug' was left open.
[0m21:14:47.144244 [debug] [MainThread]: On debug: Close
[0m21:14:47.349191 [debug] [MainThread]: Sending event: {'category': 'dbt', 'action': 'invocation', 'label': 'end', 'context': [<snowplow_tracker.self_describing_json.SelfDescribingJson object at 0x104fcf950>, <snowplow_tracker.self_describing_json.SelfDescribingJson object at 0x100bcd390>, <snowplow_tracker.self_describing_json.SelfDescribingJson object at 0x1051dc810>]}
[0m21:14:47.349893 [debug] [MainThread]: Flushing usage events
[0m21:14:48.286496 [debug] [MainThread]: An error was encountered while trying to flush usage events
[0m21:18:16.955910 [debug] [MainThread]: Sending event: {'category': 'dbt', 'action': 'invocation', 'label': 'start', 'context': [<snowplow_tracker.self_describing_json.SelfDescribingJson object at 0x1098ea450>, <snowplow_tracker.self_describing_json.SelfDescribingJson object at 0x1098eb8d0>, <snowplow_tracker.self_describing_json.SelfDescribingJson object at 0x10995b490>]}


============================== 21:18:16.958189 | fbfdf56a-56f7-479e-9622-924fb6be6fd7 ==============================
[0m21:18:16.958189 [info ] [MainThread]: Running with dbt=1.9.0
[0m21:18:16.958442 [debug] [MainThread]: running dbt with arguments {'printer_width': '80', 'indirect_selection': 'eager', 'write_json': 'True', 'log_cache_events': 'False', 'partial_parse': 'True', 'cache_selected_only': 'False', 'warn_error': 'None', 'fail_fast': 'False', 'debug': 'False', 'log_path': '/Users/sakshirai/Desktop/netflixanalysis/netflix_analysis/logs', 'version_check': 'True', 'profiles_dir': '/Users/sakshirai/.dbt', 'use_colors': 'True', 'use_experimental_parser': 'False', 'no_print': 'None', 'quiet': 'False', 'empty': 'False', 'log_format': 'default', 'invocation_command': 'dbt run', 'warn_error_options': 'WarnErrorOptions(include=[], exclude=[])', 'static_parser': 'True', 'target_path': 'None', 'introspect': 'True', 'send_anonymous_usage_stats': 'True'}
[0m21:18:17.189934 [debug] [MainThread]: Sending event: {'category': 'dbt', 'action': 'project_id', 'label': 'fbfdf56a-56f7-479e-9622-924fb6be6fd7', 'context': [<snowplow_tracker.self_describing_json.SelfDescribingJson object at 0x10acfa890>]}
[0m21:18:17.208020 [debug] [MainThread]: Sending event: {'category': 'dbt', 'action': 'adapter_info', 'label': 'fbfdf56a-56f7-479e-9622-924fb6be6fd7', 'context': [<snowplow_tracker.self_describing_json.SelfDescribingJson object at 0x10a9f35d0>]}
[0m21:18:17.208618 [info ] [MainThread]: Registered adapter: snowflake=1.9.0
[0m21:18:17.256264 [debug] [MainThread]: checksum: c99e828bba267739642b5a3ce85f17518764ea526e0e6c4fdc649171c1a66bff, vars: {}, profile: , target: , version: 1.9.0
[0m21:18:17.279022 [info ] [MainThread]: Unable to do partial parsing because of a version mismatch
[0m21:18:17.279267 [debug] [MainThread]: Sending event: {'category': 'dbt', 'action': 'partial_parser', 'label': 'fbfdf56a-56f7-479e-9622-924fb6be6fd7', 'context': [<snowplow_tracker.self_describing_json.SelfDescribingJson object at 0x109347650>]}
[0m21:18:17.596992 [warn ] [MainThread]: [[33mWARNING[0m]: Configuration paths exist in your dbt_project.yml file which do not apply to any resources.
There are 1 unused configuration paths:
- models.netflix_analysis.example
[0m21:18:17.598720 [debug] [MainThread]: Sending event: {'category': 'dbt', 'action': 'load_project', 'label': 'fbfdf56a-56f7-479e-9622-924fb6be6fd7', 'context': [<snowplow_tracker.self_describing_json.SelfDescribingJson object at 0x10b97ae50>]}
[0m21:18:17.618121 [debug] [MainThread]: Wrote artifact WritableManifest to /Users/sakshirai/Desktop/netflixanalysis/netflix_analysis/target/manifest.json
[0m21:18:17.624302 [debug] [MainThread]: Wrote artifact SemanticManifest to /Users/sakshirai/Desktop/netflixanalysis/netflix_analysis/target/semantic_manifest.json
[0m21:18:17.635059 [debug] [MainThread]: Sending event: {'category': 'dbt', 'action': 'resource_counts', 'label': 'fbfdf56a-56f7-479e-9622-924fb6be6fd7', 'context': [<snowplow_tracker.self_describing_json.SelfDescribingJson object at 0x10c48f0d0>]}
[0m21:18:17.635251 [info ] [MainThread]: Found 1 model, 473 macros
[0m21:18:17.635376 [debug] [MainThread]: Sending event: {'category': 'dbt', 'action': 'runnable_timing', 'label': 'fbfdf56a-56f7-479e-9622-924fb6be6fd7', 'context': [<snowplow_tracker.self_describing_json.SelfDescribingJson object at 0x10bda2ad0>]}
[0m21:18:17.635996 [warn ] [MainThread]: Nothing to do. Try checking your model configs and model specification args
[0m21:18:17.636192 [debug] [MainThread]: Command end result
[0m21:18:17.644432 [debug] [MainThread]: Wrote artifact WritableManifest to /Users/sakshirai/Desktop/netflixanalysis/netflix_analysis/target/manifest.json
[0m21:18:17.644991 [debug] [MainThread]: Wrote artifact SemanticManifest to /Users/sakshirai/Desktop/netflixanalysis/netflix_analysis/target/semantic_manifest.json
[0m21:18:17.646030 [debug] [MainThread]: Wrote artifact RunExecutionResult to /Users/sakshirai/Desktop/netflixanalysis/netflix_analysis/target/run_results.json
[0m21:18:17.647894 [debug] [MainThread]: Resource report: {"command_name": "run", "command_success": true, "command_wall_clock_time": 0.71765584, "process_in_blocks": "0", "process_kernel_time": 0.168899, "process_mem_max_rss": "145637376", "process_out_blocks": "0", "process_user_time": 0.968361}
[0m21:18:17.648154 [debug] [MainThread]: Command `dbt run` succeeded at 21:18:17.648118 after 0.72 seconds
[0m21:18:17.648597 [debug] [MainThread]: Sending event: {'category': 'dbt', 'action': 'invocation', 'label': 'end', 'context': [<snowplow_tracker.self_describing_json.SelfDescribingJson object at 0x10bdba150>, <snowplow_tracker.self_describing_json.SelfDescribingJson object at 0x104696010>, <snowplow_tracker.self_describing_json.SelfDescribingJson object at 0x104696ad0>]}
[0m21:18:17.648753 [debug] [MainThread]: Flushing usage events
[0m21:18:18.564861 [debug] [MainThread]: An error was encountered while trying to flush usage events
[0m21:19:15.764793 [debug] [MainThread]: Sending event: {'category': 'dbt', 'action': 'invocation', 'label': 'start', 'context': [<snowplow_tracker.self_describing_json.SelfDescribingJson object at 0x110eea290>, <snowplow_tracker.self_describing_json.SelfDescribingJson object at 0x110f33f90>, <snowplow_tracker.self_describing_json.SelfDescribingJson object at 0x110f3cd10>]}


============================== 21:19:15.767004 | 100518fc-8eb6-4fbd-8157-b4edf0fb5529 ==============================
[0m21:19:15.767004 [info ] [MainThread]: Running with dbt=1.9.0
[0m21:19:15.767252 [debug] [MainThread]: running dbt with arguments {'printer_width': '80', 'indirect_selection': 'eager', 'write_json': 'True', 'log_cache_events': 'False', 'partial_parse': 'True', 'cache_selected_only': 'False', 'profiles_dir': '/Users/sakshirai/.dbt', 'fail_fast': 'False', 'version_check': 'True', 'log_path': '/Users/sakshirai/Desktop/netflixanalysis/netflix_analysis/logs', 'debug': 'False', 'warn_error': 'None', 'use_colors': 'True', 'use_experimental_parser': 'False', 'no_print': 'None', 'quiet': 'False', 'empty': 'False', 'warn_error_options': 'WarnErrorOptions(include=[], exclude=[])', 'static_parser': 'True', 'invocation_command': 'dbt run', 'introspect': 'True', 'target_path': 'None', 'log_format': 'default', 'send_anonymous_usage_stats': 'True'}
[0m21:19:15.971119 [debug] [MainThread]: Sending event: {'category': 'dbt', 'action': 'project_id', 'label': '100518fc-8eb6-4fbd-8157-b4edf0fb5529', 'context': [<snowplow_tracker.self_describing_json.SelfDescribingJson object at 0x114b31610>]}
[0m21:19:15.988269 [debug] [MainThread]: Sending event: {'category': 'dbt', 'action': 'adapter_info', 'label': '100518fc-8eb6-4fbd-8157-b4edf0fb5529', 'context': [<snowplow_tracker.self_describing_json.SelfDescribingJson object at 0x1149f7610>]}
[0m21:19:15.988647 [info ] [MainThread]: Registered adapter: snowflake=1.9.0
[0m21:19:16.036825 [debug] [MainThread]: checksum: c99e828bba267739642b5a3ce85f17518764ea526e0e6c4fdc649171c1a66bff, vars: {}, profile: , target: , version: 1.9.0
[0m21:19:16.073328 [debug] [MainThread]: Partial parsing enabled: 0 files deleted, 0 files added, 0 files changed.
[0m21:19:16.073504 [debug] [MainThread]: Partial parsing enabled, no changes found, skipping parsing
[0m21:19:16.075317 [warn ] [MainThread]: [[33mWARNING[0m]: Configuration paths exist in your dbt_project.yml file which do not apply to any resources.
There are 1 unused configuration paths:
- models.netflix_analysis.example
[0m21:19:16.082482 [debug] [MainThread]: Sending event: {'category': 'dbt', 'action': 'load_project', 'label': '100518fc-8eb6-4fbd-8157-b4edf0fb5529', 'context': [<snowplow_tracker.self_describing_json.SelfDescribingJson object at 0x11575a650>]}
[0m21:19:16.102559 [debug] [MainThread]: Wrote artifact WritableManifest to /Users/sakshirai/Desktop/netflixanalysis/netflix_analysis/target/manifest.json
[0m21:19:16.108168 [debug] [MainThread]: Wrote artifact SemanticManifest to /Users/sakshirai/Desktop/netflixanalysis/netflix_analysis/target/semantic_manifest.json
[0m21:19:16.117700 [debug] [MainThread]: Sending event: {'category': 'dbt', 'action': 'resource_counts', 'label': '100518fc-8eb6-4fbd-8157-b4edf0fb5529', 'context': [<snowplow_tracker.self_describing_json.SelfDescribingJson object at 0x115748550>]}
[0m21:19:16.117880 [info ] [MainThread]: Found 1 model, 473 macros
[0m21:19:16.118004 [debug] [MainThread]: Sending event: {'category': 'dbt', 'action': 'runnable_timing', 'label': '100518fc-8eb6-4fbd-8157-b4edf0fb5529', 'context': [<snowplow_tracker.self_describing_json.SelfDescribingJson object at 0x11573be90>]}
[0m21:19:16.118559 [warn ] [MainThread]: Nothing to do. Try checking your model configs and model specification args
[0m21:19:16.119182 [debug] [MainThread]: Command end result
[0m21:19:16.126218 [debug] [MainThread]: Wrote artifact WritableManifest to /Users/sakshirai/Desktop/netflixanalysis/netflix_analysis/target/manifest.json
[0m21:19:16.126797 [debug] [MainThread]: Wrote artifact SemanticManifest to /Users/sakshirai/Desktop/netflixanalysis/netflix_analysis/target/semantic_manifest.json
[0m21:19:16.127960 [debug] [MainThread]: Wrote artifact RunExecutionResult to /Users/sakshirai/Desktop/netflixanalysis/netflix_analysis/target/run_results.json
[0m21:19:16.130067 [debug] [MainThread]: Resource report: {"command_name": "run", "command_success": true, "command_wall_clock_time": 0.3920027, "process_in_blocks": "0", "process_kernel_time": 0.150874, "process_mem_max_rss": "142082048", "process_out_blocks": "0", "process_user_time": 0.699932}
[0m21:19:16.130324 [debug] [MainThread]: Command `dbt run` succeeded at 21:19:16.130289 after 0.39 seconds
[0m21:19:16.130495 [debug] [MainThread]: Sending event: {'category': 'dbt', 'action': 'invocation', 'label': 'end', 'context': [<snowplow_tracker.self_describing_json.SelfDescribingJson object at 0x110f3c810>, <snowplow_tracker.self_describing_json.SelfDescribingJson object at 0x102fe2b10>, <snowplow_tracker.self_describing_json.SelfDescribingJson object at 0x102fe2050>]}
[0m21:19:16.130642 [debug] [MainThread]: Flushing usage events
[0m21:19:17.085610 [debug] [MainThread]: An error was encountered while trying to flush usage events
[0m21:23:51.017091 [debug] [MainThread]: Sending event: {'category': 'dbt', 'action': 'invocation', 'label': 'start', 'context': [<snowplow_tracker.self_describing_json.SelfDescribingJson object at 0x106954790>, <snowplow_tracker.self_describing_json.SelfDescribingJson object at 0x1074939d0>, <snowplow_tracker.self_describing_json.SelfDescribingJson object at 0x107493f90>]}


============================== 21:23:51.019333 | e19f691d-b9ac-4735-ac05-535895669537 ==============================
[0m21:23:51.019333 [info ] [MainThread]: Running with dbt=1.9.0
[0m21:23:51.019584 [debug] [MainThread]: running dbt with arguments {'printer_width': '80', 'indirect_selection': 'eager', 'log_cache_events': 'False', 'write_json': 'True', 'partial_parse': 'True', 'cache_selected_only': 'False', 'warn_error': 'None', 'fail_fast': 'False', 'version_check': 'True', 'log_path': '/Users/sakshirai/Desktop/netflixanalysis/netflix_analysis/logs', 'debug': 'False', 'profiles_dir': '/Users/sakshirai/.dbt', 'use_colors': 'True', 'use_experimental_parser': 'False', 'no_print': 'None', 'quiet': 'False', 'empty': 'False', 'log_format': 'default', 'static_parser': 'True', 'invocation_command': 'dbt run', 'introspect': 'True', 'target_path': 'None', 'warn_error_options': 'WarnErrorOptions(include=[], exclude=[])', 'send_anonymous_usage_stats': 'True'}
[0m21:23:51.237015 [debug] [MainThread]: Sending event: {'category': 'dbt', 'action': 'project_id', 'label': 'e19f691d-b9ac-4735-ac05-535895669537', 'context': [<snowplow_tracker.self_describing_json.SelfDescribingJson object at 0x1083e1bd0>]}
[0m21:23:51.254414 [debug] [MainThread]: Sending event: {'category': 'dbt', 'action': 'adapter_info', 'label': 'e19f691d-b9ac-4735-ac05-535895669537', 'context': [<snowplow_tracker.self_describing_json.SelfDescribingJson object at 0x10819b590>]}
[0m21:23:51.255026 [info ] [MainThread]: Registered adapter: snowflake=1.9.0
[0m21:23:51.305119 [debug] [MainThread]: checksum: c99e828bba267739642b5a3ce85f17518764ea526e0e6c4fdc649171c1a66bff, vars: {}, profile: , target: , version: 1.9.0
[0m21:23:51.326397 [info ] [MainThread]: Unable to do partial parsing because of a version mismatch
[0m21:23:51.326618 [debug] [MainThread]: Sending event: {'category': 'dbt', 'action': 'partial_parser', 'label': 'e19f691d-b9ac-4735-ac05-535895669537', 'context': [<snowplow_tracker.self_describing_json.SelfDescribingJson object at 0x10839e2d0>]}
[0m21:23:51.642715 [warn ] [MainThread]: [[33mWARNING[0m]: Configuration paths exist in your dbt_project.yml file which do not apply to any resources.
There are 1 unused configuration paths:
- models.netflix_analysis.example
[0m21:23:51.644425 [debug] [MainThread]: Sending event: {'category': 'dbt', 'action': 'load_project', 'label': 'e19f691d-b9ac-4735-ac05-535895669537', 'context': [<snowplow_tracker.self_describing_json.SelfDescribingJson object at 0x108879210>]}
[0m21:23:51.663307 [debug] [MainThread]: Wrote artifact WritableManifest to /Users/sakshirai/Desktop/netflixanalysis/netflix_analysis/target/manifest.json
[0m21:23:51.669043 [debug] [MainThread]: Wrote artifact SemanticManifest to /Users/sakshirai/Desktop/netflixanalysis/netflix_analysis/target/semantic_manifest.json
[0m21:23:51.678609 [debug] [MainThread]: Sending event: {'category': 'dbt', 'action': 'resource_counts', 'label': 'e19f691d-b9ac-4735-ac05-535895669537', 'context': [<snowplow_tracker.self_describing_json.SelfDescribingJson object at 0x1089a3f50>]}
[0m21:23:51.678792 [info ] [MainThread]: Found 1 model, 473 macros
[0m21:23:51.678914 [debug] [MainThread]: Sending event: {'category': 'dbt', 'action': 'runnable_timing', 'label': 'e19f691d-b9ac-4735-ac05-535895669537', 'context': [<snowplow_tracker.self_describing_json.SelfDescribingJson object at 0x1087df090>]}
[0m21:23:51.679510 [warn ] [MainThread]: Nothing to do. Try checking your model configs and model specification args
[0m21:23:51.679699 [debug] [MainThread]: Command end result
[0m21:23:51.687038 [debug] [MainThread]: Wrote artifact WritableManifest to /Users/sakshirai/Desktop/netflixanalysis/netflix_analysis/target/manifest.json
[0m21:23:51.687667 [debug] [MainThread]: Wrote artifact SemanticManifest to /Users/sakshirai/Desktop/netflixanalysis/netflix_analysis/target/semantic_manifest.json
[0m21:23:51.689145 [debug] [MainThread]: Wrote artifact RunExecutionResult to /Users/sakshirai/Desktop/netflixanalysis/netflix_analysis/target/run_results.json
[0m21:23:51.691081 [debug] [MainThread]: Resource report: {"command_name": "run", "command_success": true, "command_wall_clock_time": 0.6980562, "process_in_blocks": "0", "process_kernel_time": 0.162512, "process_mem_max_rss": "145391616", "process_out_blocks": "0", "process_user_time": 0.956006}
[0m21:23:51.691299 [debug] [MainThread]: Command `dbt run` succeeded at 21:23:51.691265 after 0.70 seconds
[0m21:23:51.691436 [debug] [MainThread]: Sending event: {'category': 'dbt', 'action': 'invocation', 'label': 'end', 'context': [<snowplow_tracker.self_describing_json.SelfDescribingJson object at 0x1085b8490>, <snowplow_tracker.self_describing_json.SelfDescribingJson object at 0x107422ad0>, <snowplow_tracker.self_describing_json.SelfDescribingJson object at 0x107423e90>]}
[0m21:23:51.691564 [debug] [MainThread]: Flushing usage events
[0m21:23:52.606850 [debug] [MainThread]: An error was encountered while trying to flush usage events
[0m21:26:50.666778 [debug] [MainThread]: Sending event: {'category': 'dbt', 'action': 'invocation', 'label': 'start', 'context': [<snowplow_tracker.self_describing_json.SelfDescribingJson object at 0x105827590>, <snowplow_tracker.self_describing_json.SelfDescribingJson object at 0x1057528d0>, <snowplow_tracker.self_describing_json.SelfDescribingJson object at 0x105a38d10>]}


============================== 21:26:50.669075 | 97f4405a-21a4-4147-8e9d-361f78f1e1a2 ==============================
[0m21:26:50.669075 [info ] [MainThread]: Running with dbt=1.9.0
[0m21:26:50.669325 [debug] [MainThread]: running dbt with arguments {'printer_width': '80', 'indirect_selection': 'eager', 'write_json': 'True', 'log_cache_events': 'False', 'partial_parse': 'True', 'cache_selected_only': 'False', 'profiles_dir': '/Users/sakshirai/.dbt', 'version_check': 'True', 'fail_fast': 'False', 'log_path': '/Users/sakshirai/Desktop/netflixanalysis/netflix_analysis/logs', 'warn_error': 'None', 'debug': 'False', 'use_colors': 'True', 'use_experimental_parser': 'False', 'empty': 'False', 'quiet': 'False', 'no_print': 'None', 'warn_error_options': 'WarnErrorOptions(include=[], exclude=[])', 'invocation_command': 'dbt run', 'static_parser': 'True', 'log_format': 'default', 'target_path': 'None', 'introspect': 'True', 'send_anonymous_usage_stats': 'True'}
[0m21:26:50.887707 [debug] [MainThread]: Sending event: {'category': 'dbt', 'action': 'project_id', 'label': '97f4405a-21a4-4147-8e9d-361f78f1e1a2', 'context': [<snowplow_tracker.self_describing_json.SelfDescribingJson object at 0x106e57d10>]}
[0m21:26:50.905524 [debug] [MainThread]: Sending event: {'category': 'dbt', 'action': 'adapter_info', 'label': '97f4405a-21a4-4147-8e9d-361f78f1e1a2', 'context': [<snowplow_tracker.self_describing_json.SelfDescribingJson object at 0x1049d4590>]}
[0m21:26:50.906016 [info ] [MainThread]: Registered adapter: snowflake=1.9.0
[0m21:26:50.955166 [debug] [MainThread]: checksum: c99e828bba267739642b5a3ce85f17518764ea526e0e6c4fdc649171c1a66bff, vars: {}, profile: , target: , version: 1.9.0
[0m21:26:50.990947 [debug] [MainThread]: Partial parsing enabled: 0 files deleted, 0 files added, 0 files changed.
[0m21:26:50.991111 [debug] [MainThread]: Partial parsing enabled, no changes found, skipping parsing
[0m21:26:50.992928 [warn ] [MainThread]: [[33mWARNING[0m]: Configuration paths exist in your dbt_project.yml file which do not apply to any resources.
There are 1 unused configuration paths:
- models.netflix_analysis.example
[0m21:26:51.000089 [debug] [MainThread]: Sending event: {'category': 'dbt', 'action': 'load_project', 'label': '97f4405a-21a4-4147-8e9d-361f78f1e1a2', 'context': [<snowplow_tracker.self_describing_json.SelfDescribingJson object at 0x107b95f90>]}
[0m21:26:51.020382 [debug] [MainThread]: Wrote artifact WritableManifest to /Users/sakshirai/Desktop/netflixanalysis/netflix_analysis/target/manifest.json
[0m21:26:51.026097 [debug] [MainThread]: Wrote artifact SemanticManifest to /Users/sakshirai/Desktop/netflixanalysis/netflix_analysis/target/semantic_manifest.json
[0m21:26:51.035568 [debug] [MainThread]: Sending event: {'category': 'dbt', 'action': 'resource_counts', 'label': '97f4405a-21a4-4147-8e9d-361f78f1e1a2', 'context': [<snowplow_tracker.self_describing_json.SelfDescribingJson object at 0x106d9c2d0>]}
[0m21:26:51.035767 [info ] [MainThread]: Found 1 model, 473 macros
[0m21:26:51.035897 [debug] [MainThread]: Sending event: {'category': 'dbt', 'action': 'runnable_timing', 'label': '97f4405a-21a4-4147-8e9d-361f78f1e1a2', 'context': [<snowplow_tracker.self_describing_json.SelfDescribingJson object at 0x107b4cb10>]}
[0m21:26:51.036450 [warn ] [MainThread]: Nothing to do. Try checking your model configs and model specification args
[0m21:26:51.037068 [debug] [MainThread]: Command end result
[0m21:26:51.044467 [debug] [MainThread]: Wrote artifact WritableManifest to /Users/sakshirai/Desktop/netflixanalysis/netflix_analysis/target/manifest.json
[0m21:26:51.045091 [debug] [MainThread]: Wrote artifact SemanticManifest to /Users/sakshirai/Desktop/netflixanalysis/netflix_analysis/target/semantic_manifest.json
[0m21:26:51.046165 [debug] [MainThread]: Wrote artifact RunExecutionResult to /Users/sakshirai/Desktop/netflixanalysis/netflix_analysis/target/run_results.json
[0m21:26:51.048153 [debug] [MainThread]: Resource report: {"command_name": "run", "command_success": true, "command_wall_clock_time": 0.4060535, "process_in_blocks": "0", "process_kernel_time": 0.160484, "process_mem_max_rss": "141230080", "process_out_blocks": "0", "process_user_time": 0.682}
[0m21:26:51.048376 [debug] [MainThread]: Command `dbt run` succeeded at 21:26:51.048342 after 0.41 seconds
[0m21:26:51.048518 [debug] [MainThread]: Sending event: {'category': 'dbt', 'action': 'invocation', 'label': 'end', 'context': [<snowplow_tracker.self_describing_json.SelfDescribingJson object at 0x105a38c50>, <snowplow_tracker.self_describing_json.SelfDescribingJson object at 0x105a3afd0>, <snowplow_tracker.self_describing_json.SelfDescribingJson object at 0x1008d2c50>]}
[0m21:26:51.048641 [debug] [MainThread]: Flushing usage events
[0m21:26:52.145118 [debug] [MainThread]: An error was encountered while trying to flush usage events
[0m21:30:50.500055 [debug] [MainThread]: Sending event: {'category': 'dbt', 'action': 'invocation', 'label': 'start', 'context': [<snowplow_tracker.self_describing_json.SelfDescribingJson object at 0x104b9bb10>, <snowplow_tracker.self_describing_json.SelfDescribingJson object at 0x104c0b2d0>, <snowplow_tracker.self_describing_json.SelfDescribingJson object at 0x104c0bd90>]}


============================== 21:30:50.502273 | cb495d3e-c525-486d-92cf-feb39f65da68 ==============================
[0m21:30:50.502273 [info ] [MainThread]: Running with dbt=1.9.0
[0m21:30:50.502519 [debug] [MainThread]: running dbt with arguments {'printer_width': '80', 'indirect_selection': 'eager', 'log_cache_events': 'False', 'write_json': 'True', 'partial_parse': 'True', 'cache_selected_only': 'False', 'profiles_dir': '/Users/sakshirai/.dbt', 'fail_fast': 'False', 'warn_error': 'None', 'log_path': '/Users/sakshirai/Desktop/netflixanalysis/netflix_analysis/logs', 'debug': 'False', 'version_check': 'True', 'use_colors': 'True', 'use_experimental_parser': 'False', 'empty': 'False', 'quiet': 'False', 'no_print': 'None', 'log_format': 'default', 'introspect': 'True', 'warn_error_options': 'WarnErrorOptions(include=[], exclude=[])', 'invocation_command': 'dbt run', 'target_path': 'None', 'static_parser': 'True', 'send_anonymous_usage_stats': 'True'}
[0m21:30:50.703965 [debug] [MainThread]: Sending event: {'category': 'dbt', 'action': 'project_id', 'label': 'cb495d3e-c525-486d-92cf-feb39f65da68', 'context': [<snowplow_tracker.self_describing_json.SelfDescribingJson object at 0x104bf6990>]}
[0m21:30:50.721234 [debug] [MainThread]: Sending event: {'category': 'dbt', 'action': 'adapter_info', 'label': 'cb495d3e-c525-486d-92cf-feb39f65da68', 'context': [<snowplow_tracker.self_describing_json.SelfDescribingJson object at 0x103f88510>]}
[0m21:30:50.721927 [info ] [MainThread]: Registered adapter: snowflake=1.9.0
[0m21:30:50.768840 [debug] [MainThread]: checksum: c99e828bba267739642b5a3ce85f17518764ea526e0e6c4fdc649171c1a66bff, vars: {}, profile: , target: , version: 1.9.0
[0m21:30:50.807071 [debug] [MainThread]: Partial parsing enabled: 0 files deleted, 0 files added, 0 files changed.
[0m21:30:50.807316 [debug] [MainThread]: Partial parsing enabled, no changes found, skipping parsing
[0m21:30:50.809336 [warn ] [MainThread]: [[33mWARNING[0m]: Configuration paths exist in your dbt_project.yml file which do not apply to any resources.
There are 1 unused configuration paths:
- models.netflix_analysis.example
[0m21:30:50.816896 [debug] [MainThread]: Sending event: {'category': 'dbt', 'action': 'load_project', 'label': 'cb495d3e-c525-486d-92cf-feb39f65da68', 'context': [<snowplow_tracker.self_describing_json.SelfDescribingJson object at 0x105dd6510>]}
[0m21:30:50.837937 [debug] [MainThread]: Wrote artifact WritableManifest to /Users/sakshirai/Desktop/netflixanalysis/netflix_analysis/target/manifest.json
[0m21:30:50.843766 [debug] [MainThread]: Wrote artifact SemanticManifest to /Users/sakshirai/Desktop/netflixanalysis/netflix_analysis/target/semantic_manifest.json
[0m21:30:50.853225 [debug] [MainThread]: Sending event: {'category': 'dbt', 'action': 'resource_counts', 'label': 'cb495d3e-c525-486d-92cf-feb39f65da68', 'context': [<snowplow_tracker.self_describing_json.SelfDescribingJson object at 0x105d98b10>]}
[0m21:30:50.853392 [info ] [MainThread]: Found 1 model, 473 macros
[0m21:30:50.853512 [debug] [MainThread]: Sending event: {'category': 'dbt', 'action': 'runnable_timing', 'label': 'cb495d3e-c525-486d-92cf-feb39f65da68', 'context': [<snowplow_tracker.self_describing_json.SelfDescribingJson object at 0x105cf6ad0>]}
[0m21:30:50.854052 [warn ] [MainThread]: Nothing to do. Try checking your model configs and model specification args
[0m21:30:50.854648 [debug] [MainThread]: Command end result
[0m21:30:50.861832 [debug] [MainThread]: Wrote artifact WritableManifest to /Users/sakshirai/Desktop/netflixanalysis/netflix_analysis/target/manifest.json
[0m21:30:50.862490 [debug] [MainThread]: Wrote artifact SemanticManifest to /Users/sakshirai/Desktop/netflixanalysis/netflix_analysis/target/semantic_manifest.json
[0m21:30:50.863847 [debug] [MainThread]: Wrote artifact RunExecutionResult to /Users/sakshirai/Desktop/netflixanalysis/netflix_analysis/target/run_results.json
[0m21:30:50.865232 [debug] [MainThread]: Resource report: {"command_name": "run", "command_success": true, "command_wall_clock_time": 0.39028233, "process_in_blocks": "0", "process_kernel_time": 0.155306, "process_mem_max_rss": "141279232", "process_out_blocks": "0", "process_user_time": 0.680864}
[0m21:30:50.865459 [debug] [MainThread]: Command `dbt run` succeeded at 21:30:50.865421 after 0.39 seconds
[0m21:30:50.865605 [debug] [MainThread]: Sending event: {'category': 'dbt', 'action': 'invocation', 'label': 'end', 'context': [<snowplow_tracker.self_describing_json.SelfDescribingJson object at 0x104c27e90>, <snowplow_tracker.self_describing_json.SelfDescribingJson object at 0x1004a6ad0>, <snowplow_tracker.self_describing_json.SelfDescribingJson object at 0x1004a6010>]}
[0m21:30:50.865727 [debug] [MainThread]: Flushing usage events
[0m21:30:51.778471 [debug] [MainThread]: An error was encountered while trying to flush usage events
[0m21:31:19.026975 [debug] [MainThread]: Sending event: {'category': 'dbt', 'action': 'invocation', 'label': 'start', 'context': [<snowplow_tracker.self_describing_json.SelfDescribingJson object at 0x1062e9610>, <snowplow_tracker.self_describing_json.SelfDescribingJson object at 0x10635b490>, <snowplow_tracker.self_describing_json.SelfDescribingJson object at 0x10635bf50>]}


============================== 21:31:19.028552 | 22d4a98d-efa0-4242-b05a-51edb1313bc2 ==============================
[0m21:31:19.028552 [info ] [MainThread]: Running with dbt=1.9.0
[0m21:31:19.028798 [debug] [MainThread]: running dbt with arguments {'printer_width': '80', 'indirect_selection': 'eager', 'log_cache_events': 'False', 'write_json': 'True', 'partial_parse': 'True', 'cache_selected_only': 'False', 'profiles_dir': '/Users/sakshirai/.dbt', 'fail_fast': 'False', 'warn_error': 'None', 'log_path': '/Users/sakshirai/Desktop/netflixanalysis/netflix_analysis/logs', 'version_check': 'True', 'debug': 'False', 'use_colors': 'True', 'use_experimental_parser': 'False', 'no_print': 'None', 'quiet': 'False', 'empty': 'False', 'log_format': 'default', 'static_parser': 'True', 'warn_error_options': 'WarnErrorOptions(include=[], exclude=[])', 'introspect': 'True', 'target_path': 'None', 'invocation_command': 'dbt run', 'send_anonymous_usage_stats': 'True'}
[0m21:31:19.175909 [debug] [MainThread]: Sending event: {'category': 'dbt', 'action': 'project_id', 'label': '22d4a98d-efa0-4242-b05a-51edb1313bc2', 'context': [<snowplow_tracker.self_describing_json.SelfDescribingJson object at 0x104c81c50>]}
[0m21:31:19.192859 [debug] [MainThread]: Sending event: {'category': 'dbt', 'action': 'adapter_info', 'label': '22d4a98d-efa0-4242-b05a-51edb1313bc2', 'context': [<snowplow_tracker.self_describing_json.SelfDescribingJson object at 0x1074f7150>]}
[0m21:31:19.193236 [info ] [MainThread]: Registered adapter: snowflake=1.9.0
[0m21:31:19.249557 [debug] [MainThread]: checksum: c99e828bba267739642b5a3ce85f17518764ea526e0e6c4fdc649171c1a66bff, vars: {}, profile: , target: , version: 1.9.0
[0m21:31:19.279716 [debug] [MainThread]: Partial parsing enabled: 0 files deleted, 0 files added, 0 files changed.
[0m21:31:19.279911 [debug] [MainThread]: Partial parsing enabled, no changes found, skipping parsing
[0m21:31:19.281844 [warn ] [MainThread]: [[33mWARNING[0m]: Configuration paths exist in your dbt_project.yml file which do not apply to any resources.
There are 1 unused configuration paths:
- models.netflix_analysis.example
[0m21:31:19.289276 [debug] [MainThread]: Sending event: {'category': 'dbt', 'action': 'load_project', 'label': '22d4a98d-efa0-4242-b05a-51edb1313bc2', 'context': [<snowplow_tracker.self_describing_json.SelfDescribingJson object at 0x108696090>]}
[0m21:31:19.309052 [debug] [MainThread]: Wrote artifact WritableManifest to /Users/sakshirai/Desktop/netflixanalysis/netflix_analysis/target/manifest.json
[0m21:31:19.312327 [debug] [MainThread]: Wrote artifact SemanticManifest to /Users/sakshirai/Desktop/netflixanalysis/netflix_analysis/target/semantic_manifest.json
[0m21:31:19.316689 [debug] [MainThread]: Sending event: {'category': 'dbt', 'action': 'resource_counts', 'label': '22d4a98d-efa0-4242-b05a-51edb1313bc2', 'context': [<snowplow_tracker.self_describing_json.SelfDescribingJson object at 0x108603fd0>]}
[0m21:31:19.316861 [info ] [MainThread]: Found 1 model, 473 macros
[0m21:31:19.316992 [debug] [MainThread]: Sending event: {'category': 'dbt', 'action': 'runnable_timing', 'label': '22d4a98d-efa0-4242-b05a-51edb1313bc2', 'context': [<snowplow_tracker.self_describing_json.SelfDescribingJson object at 0x1085c33d0>]}
[0m21:31:19.317527 [warn ] [MainThread]: Nothing to do. Try checking your model configs and model specification args
[0m21:31:19.318258 [debug] [MainThread]: Command end result
[0m21:31:19.325636 [debug] [MainThread]: Wrote artifact WritableManifest to /Users/sakshirai/Desktop/netflixanalysis/netflix_analysis/target/manifest.json
[0m21:31:19.326248 [debug] [MainThread]: Wrote artifact SemanticManifest to /Users/sakshirai/Desktop/netflixanalysis/netflix_analysis/target/semantic_manifest.json
[0m21:31:19.327331 [debug] [MainThread]: Wrote artifact RunExecutionResult to /Users/sakshirai/Desktop/netflixanalysis/netflix_analysis/target/run_results.json
[0m21:31:19.328572 [debug] [MainThread]: Resource report: {"command_name": "run", "command_success": true, "command_wall_clock_time": 0.32414347, "process_in_blocks": "0", "process_kernel_time": 0.138044, "process_mem_max_rss": "141148160", "process_out_blocks": "0", "process_user_time": 0.688986}
[0m21:31:19.328793 [debug] [MainThread]: Command `dbt run` succeeded at 21:31:19.328756 after 0.32 seconds
[0m21:31:19.328950 [debug] [MainThread]: Sending event: {'category': 'dbt', 'action': 'invocation', 'label': 'end', 'context': [<snowplow_tracker.self_describing_json.SelfDescribingJson object at 0x100caaad0>, <snowplow_tracker.self_describing_json.SelfDescribingJson object at 0x100caa010>, <snowplow_tracker.self_describing_json.SelfDescribingJson object at 0x100df6c50>]}
[0m21:31:19.329085 [debug] [MainThread]: Flushing usage events
[0m21:31:20.247416 [debug] [MainThread]: An error was encountered while trying to flush usage events
[0m21:32:12.446498 [debug] [MainThread]: Sending event: {'category': 'dbt', 'action': 'invocation', 'label': 'start', 'context': [<snowplow_tracker.self_describing_json.SelfDescribingJson object at 0x109cea6d0>, <snowplow_tracker.self_describing_json.SelfDescribingJson object at 0x109d5b9d0>, <snowplow_tracker.self_describing_json.SelfDescribingJson object at 0x109d5bf90>]}


============================== 21:32:12.448755 | 79cb6df4-eda8-4f0b-addd-0c17e0a92801 ==============================
[0m21:32:12.448755 [info ] [MainThread]: Running with dbt=1.9.0
[0m21:32:12.449006 [debug] [MainThread]: running dbt with arguments {'printer_width': '80', 'indirect_selection': 'eager', 'log_cache_events': 'False', 'write_json': 'True', 'partial_parse': 'True', 'cache_selected_only': 'False', 'warn_error': 'None', 'debug': 'False', 'fail_fast': 'False', 'log_path': '/Users/sakshirai/Desktop/netflixanalysis/netflix_analysis/logs', 'version_check': 'True', 'profiles_dir': '/Users/sakshirai/.dbt', 'use_colors': 'True', 'use_experimental_parser': 'False', 'no_print': 'None', 'quiet': 'False', 'empty': 'False', 'warn_error_options': 'WarnErrorOptions(include=[], exclude=[])', 'static_parser': 'True', 'invocation_command': 'dbt run', 'introspect': 'True', 'target_path': 'None', 'log_format': 'default', 'send_anonymous_usage_stats': 'True'}
[0m21:32:12.665729 [debug] [MainThread]: Sending event: {'category': 'dbt', 'action': 'project_id', 'label': '79cb6df4-eda8-4f0b-addd-0c17e0a92801', 'context': [<snowplow_tracker.self_describing_json.SelfDescribingJson object at 0x1097b9f10>]}
[0m21:32:12.683397 [debug] [MainThread]: Sending event: {'category': 'dbt', 'action': 'adapter_info', 'label': '79cb6df4-eda8-4f0b-addd-0c17e0a92801', 'context': [<snowplow_tracker.self_describing_json.SelfDescribingJson object at 0x10b8000d0>]}
[0m21:32:12.683837 [info ] [MainThread]: Registered adapter: snowflake=1.9.0
[0m21:32:12.733923 [debug] [MainThread]: checksum: c99e828bba267739642b5a3ce85f17518764ea526e0e6c4fdc649171c1a66bff, vars: {}, profile: , target: , version: 1.9.0
[0m21:32:12.755855 [info ] [MainThread]: Unable to do partial parsing because of a version mismatch
[0m21:32:12.756073 [debug] [MainThread]: Sending event: {'category': 'dbt', 'action': 'partial_parser', 'label': '79cb6df4-eda8-4f0b-addd-0c17e0a92801', 'context': [<snowplow_tracker.self_describing_json.SelfDescribingJson object at 0x108e267d0>]}
[0m21:32:13.071617 [debug] [MainThread]: Sending event: {'category': 'dbt', 'action': 'load_project', 'label': '79cb6df4-eda8-4f0b-addd-0c17e0a92801', 'context': [<snowplow_tracker.self_describing_json.SelfDescribingJson object at 0x10ba3d190>]}
[0m21:32:13.090183 [debug] [MainThread]: Wrote artifact WritableManifest to /Users/sakshirai/Desktop/netflixanalysis/netflix_analysis/target/manifest.json
[0m21:32:13.095806 [debug] [MainThread]: Wrote artifact SemanticManifest to /Users/sakshirai/Desktop/netflixanalysis/netflix_analysis/target/semantic_manifest.json
[0m21:32:13.106612 [debug] [MainThread]: Sending event: {'category': 'dbt', 'action': 'resource_counts', 'label': '79cb6df4-eda8-4f0b-addd-0c17e0a92801', 'context': [<snowplow_tracker.self_describing_json.SelfDescribingJson object at 0x10f98b750>]}
[0m21:32:13.106779 [info ] [MainThread]: Found 1 model, 473 macros
[0m21:32:13.106901 [debug] [MainThread]: Sending event: {'category': 'dbt', 'action': 'runnable_timing', 'label': '79cb6df4-eda8-4f0b-addd-0c17e0a92801', 'context': [<snowplow_tracker.self_describing_json.SelfDescribingJson object at 0x10cbbae50>]}
[0m21:32:13.107495 [warn ] [MainThread]: Nothing to do. Try checking your model configs and model specification args
[0m21:32:13.107694 [debug] [MainThread]: Command end result
[0m21:32:13.115630 [debug] [MainThread]: Wrote artifact WritableManifest to /Users/sakshirai/Desktop/netflixanalysis/netflix_analysis/target/manifest.json
[0m21:32:13.116347 [debug] [MainThread]: Wrote artifact SemanticManifest to /Users/sakshirai/Desktop/netflixanalysis/netflix_analysis/target/semantic_manifest.json
[0m21:32:13.117470 [debug] [MainThread]: Wrote artifact RunExecutionResult to /Users/sakshirai/Desktop/netflixanalysis/netflix_analysis/target/run_results.json
[0m21:32:13.119596 [debug] [MainThread]: Resource report: {"command_name": "run", "command_success": true, "command_wall_clock_time": 0.6985508, "process_in_blocks": "0", "process_kernel_time": 0.164412, "process_mem_max_rss": "146669568", "process_out_blocks": "0", "process_user_time": 0.961636}
[0m21:32:13.119800 [debug] [MainThread]: Command `dbt run` succeeded at 21:32:13.119770 after 0.70 seconds
[0m21:32:13.119935 [debug] [MainThread]: Sending event: {'category': 'dbt', 'action': 'invocation', 'label': 'end', 'context': [<snowplow_tracker.self_describing_json.SelfDescribingJson object at 0x109d3eb50>, <snowplow_tracker.self_describing_json.SelfDescribingJson object at 0x109ce2b10>, <snowplow_tracker.self_describing_json.SelfDescribingJson object at 0x109c28290>]}
[0m21:32:13.120063 [debug] [MainThread]: Flushing usage events
[0m21:32:14.027049 [debug] [MainThread]: An error was encountered while trying to flush usage events
[0m21:33:50.388964 [debug] [MainThread]: Sending event: {'category': 'dbt', 'action': 'invocation', 'label': 'start', 'context': [<snowplow_tracker.self_describing_json.SelfDescribingJson object at 0x1108eb9d0>, <snowplow_tracker.self_describing_json.SelfDescribingJson object at 0x11040da50>, <snowplow_tracker.self_describing_json.SelfDescribingJson object at 0x110a3cd10>]}


============================== 21:33:50.391098 | b5c7a0c1-be37-40fa-955e-c47c10ae095f ==============================
[0m21:33:50.391098 [info ] [MainThread]: Running with dbt=1.9.0
[0m21:33:50.391339 [debug] [MainThread]: running dbt with arguments {'printer_width': '80', 'indirect_selection': 'eager', 'log_cache_events': 'False', 'write_json': 'True', 'partial_parse': 'True', 'cache_selected_only': 'False', 'profiles_dir': '/Users/sakshirai/.dbt', 'fail_fast': 'False', 'debug': 'False', 'log_path': '/Users/sakshirai/Desktop/netflixanalysis/netflix_analysis/logs', 'version_check': 'True', 'warn_error': 'None', 'use_colors': 'True', 'use_experimental_parser': 'False', 'no_print': 'None', 'quiet': 'False', 'empty': 'False', 'warn_error_options': 'WarnErrorOptions(include=[], exclude=[])', 'static_parser': 'True', 'invocation_command': 'dbt run --select src_movies', 'log_format': 'default', 'target_path': 'None', 'introspect': 'True', 'send_anonymous_usage_stats': 'True'}
[0m21:33:50.547256 [debug] [MainThread]: Sending event: {'category': 'dbt', 'action': 'project_id', 'label': 'b5c7a0c1-be37-40fa-955e-c47c10ae095f', 'context': [<snowplow_tracker.self_describing_json.SelfDescribingJson object at 0x111cc6d50>]}
[0m21:33:50.564082 [debug] [MainThread]: Sending event: {'category': 'dbt', 'action': 'adapter_info', 'label': 'b5c7a0c1-be37-40fa-955e-c47c10ae095f', 'context': [<snowplow_tracker.self_describing_json.SelfDescribingJson object at 0x1071e0690>]}
[0m21:33:50.564417 [info ] [MainThread]: Registered adapter: snowflake=1.9.0
[0m21:33:50.608052 [debug] [MainThread]: checksum: c99e828bba267739642b5a3ce85f17518764ea526e0e6c4fdc649171c1a66bff, vars: {}, profile: , target: , version: 1.9.0
[0m21:33:50.638679 [debug] [MainThread]: Partial parsing enabled: 0 files deleted, 0 files added, 0 files changed.
[0m21:33:50.638855 [debug] [MainThread]: Partial parsing enabled, no changes found, skipping parsing
[0m21:33:50.647497 [debug] [MainThread]: Sending event: {'category': 'dbt', 'action': 'load_project', 'label': 'b5c7a0c1-be37-40fa-955e-c47c10ae095f', 'context': [<snowplow_tracker.self_describing_json.SelfDescribingJson object at 0x111fc2750>]}
[0m21:33:50.666882 [debug] [MainThread]: Wrote artifact WritableManifest to /Users/sakshirai/Desktop/netflixanalysis/netflix_analysis/target/manifest.json
[0m21:33:50.670087 [debug] [MainThread]: Wrote artifact SemanticManifest to /Users/sakshirai/Desktop/netflixanalysis/netflix_analysis/target/semantic_manifest.json
[0m21:33:50.674506 [debug] [MainThread]: Sending event: {'category': 'dbt', 'action': 'resource_counts', 'label': 'b5c7a0c1-be37-40fa-955e-c47c10ae095f', 'context': [<snowplow_tracker.self_describing_json.SelfDescribingJson object at 0x111f3ac50>]}
[0m21:33:50.674690 [info ] [MainThread]: Found 1 model, 473 macros
[0m21:33:50.674812 [debug] [MainThread]: Sending event: {'category': 'dbt', 'action': 'runnable_timing', 'label': 'b5c7a0c1-be37-40fa-955e-c47c10ae095f', 'context': [<snowplow_tracker.self_describing_json.SelfDescribingJson object at 0x111f4a0d0>]}
[0m21:33:50.675308 [warn ] [MainThread]: Nothing to do. Try checking your model configs and model specification args
[0m21:33:50.675925 [debug] [MainThread]: Command end result
[0m21:33:50.683890 [debug] [MainThread]: Wrote artifact WritableManifest to /Users/sakshirai/Desktop/netflixanalysis/netflix_analysis/target/manifest.json
[0m21:33:50.684726 [debug] [MainThread]: Wrote artifact SemanticManifest to /Users/sakshirai/Desktop/netflixanalysis/netflix_analysis/target/semantic_manifest.json
[0m21:33:50.686031 [debug] [MainThread]: Wrote artifact RunExecutionResult to /Users/sakshirai/Desktop/netflixanalysis/netflix_analysis/target/run_results.json
[0m21:33:50.687333 [debug] [MainThread]: Resource report: {"command_name": "run", "command_success": true, "command_wall_clock_time": 0.32404137, "process_in_blocks": "0", "process_kernel_time": 0.148545, "process_mem_max_rss": "142065664", "process_out_blocks": "0", "process_user_time": 0.67014}
[0m21:33:50.687576 [debug] [MainThread]: Command `dbt run` succeeded at 21:33:50.687541 after 0.32 seconds
[0m21:33:50.687733 [debug] [MainThread]: Sending event: {'category': 'dbt', 'action': 'invocation', 'label': 'end', 'context': [<snowplow_tracker.self_describing_json.SelfDescribingJson object at 0x10731c790>, <snowplow_tracker.self_describing_json.SelfDescribingJson object at 0x102e56c50>, <snowplow_tracker.self_describing_json.SelfDescribingJson object at 0x111d3d990>]}
[0m21:33:50.687874 [debug] [MainThread]: Flushing usage events
[0m21:33:51.670149 [debug] [MainThread]: An error was encountered while trying to flush usage events
[0m21:34:51.326140 [debug] [MainThread]: Sending event: {'category': 'dbt', 'action': 'invocation', 'label': 'start', 'context': [<snowplow_tracker.self_describing_json.SelfDescribingJson object at 0x107c3d050>, <snowplow_tracker.self_describing_json.SelfDescribingJson object at 0x107c3cd10>, <snowplow_tracker.self_describing_json.SelfDescribingJson object at 0x107c5b9d0>]}


============================== 21:34:51.327726 | 9d9c694c-6162-412a-9f3e-ac25a47b1717 ==============================
[0m21:34:51.327726 [info ] [MainThread]: Running with dbt=1.9.0
[0m21:34:51.327961 [debug] [MainThread]: running dbt with arguments {'printer_width': '80', 'indirect_selection': 'eager', 'write_json': 'True', 'log_cache_events': 'False', 'partial_parse': 'True', 'cache_selected_only': 'False', 'warn_error': 'None', 'debug': 'False', 'version_check': 'True', 'log_path': '/Users/sakshirai/Desktop/netflixanalysis/netflix_analysis/logs', 'profiles_dir': '/Users/sakshirai/.dbt', 'fail_fast': 'False', 'use_colors': 'True', 'use_experimental_parser': 'False', 'empty': 'False', 'quiet': 'False', 'no_print': 'None', 'warn_error_options': 'WarnErrorOptions(include=[], exclude=[])', 'introspect': 'True', 'invocation_command': 'dbt run', 'log_format': 'default', 'target_path': 'None', 'static_parser': 'True', 'send_anonymous_usage_stats': 'True'}
[0m21:34:51.475253 [debug] [MainThread]: Sending event: {'category': 'dbt', 'action': 'project_id', 'label': '9d9c694c-6162-412a-9f3e-ac25a47b1717', 'context': [<snowplow_tracker.self_describing_json.SelfDescribingJson object at 0x129fcccd0>]}
[0m21:34:51.492210 [debug] [MainThread]: Sending event: {'category': 'dbt', 'action': 'adapter_info', 'label': '9d9c694c-6162-412a-9f3e-ac25a47b1717', 'context': [<snowplow_tracker.self_describing_json.SelfDescribingJson object at 0x129cf3310>]}
[0m21:34:51.492520 [info ] [MainThread]: Registered adapter: snowflake=1.9.0
[0m21:34:51.536427 [debug] [MainThread]: checksum: c99e828bba267739642b5a3ce85f17518764ea526e0e6c4fdc649171c1a66bff, vars: {}, profile: , target: , version: 1.9.0
[0m21:34:51.557534 [info ] [MainThread]: Unable to do partial parsing because of a version mismatch
[0m21:34:51.557753 [debug] [MainThread]: Sending event: {'category': 'dbt', 'action': 'partial_parser', 'label': '9d9c694c-6162-412a-9f3e-ac25a47b1717', 'context': [<snowplow_tracker.self_describing_json.SelfDescribingJson object at 0x106e47810>]}
[0m21:34:51.865865 [debug] [MainThread]: Sending event: {'category': 'dbt', 'action': 'load_project', 'label': '9d9c694c-6162-412a-9f3e-ac25a47b1717', 'context': [<snowplow_tracker.self_describing_json.SelfDescribingJson object at 0x129f9d790>]}
[0m21:34:51.884377 [debug] [MainThread]: Wrote artifact WritableManifest to /Users/sakshirai/Desktop/netflixanalysis/netflix_analysis/target/manifest.json
[0m21:34:51.887552 [debug] [MainThread]: Wrote artifact SemanticManifest to /Users/sakshirai/Desktop/netflixanalysis/netflix_analysis/target/semantic_manifest.json
[0m21:34:51.891872 [debug] [MainThread]: Sending event: {'category': 'dbt', 'action': 'resource_counts', 'label': '9d9c694c-6162-412a-9f3e-ac25a47b1717', 'context': [<snowplow_tracker.self_describing_json.SelfDescribingJson object at 0x12b48f290>]}
[0m21:34:51.892031 [info ] [MainThread]: Found 1 model, 473 macros
[0m21:34:51.892161 [debug] [MainThread]: Sending event: {'category': 'dbt', 'action': 'runnable_timing', 'label': '9d9c694c-6162-412a-9f3e-ac25a47b1717', 'context': [<snowplow_tracker.self_describing_json.SelfDescribingJson object at 0x12afcc310>]}
[0m21:34:51.892752 [warn ] [MainThread]: Nothing to do. Try checking your model configs and model specification args
[0m21:34:51.892945 [debug] [MainThread]: Command end result
[0m21:34:51.900735 [debug] [MainThread]: Wrote artifact WritableManifest to /Users/sakshirai/Desktop/netflixanalysis/netflix_analysis/target/manifest.json
[0m21:34:51.901430 [debug] [MainThread]: Wrote artifact SemanticManifest to /Users/sakshirai/Desktop/netflixanalysis/netflix_analysis/target/semantic_manifest.json
[0m21:34:51.902499 [debug] [MainThread]: Wrote artifact RunExecutionResult to /Users/sakshirai/Desktop/netflixanalysis/netflix_analysis/target/run_results.json
[0m21:34:51.903682 [debug] [MainThread]: Resource report: {"command_name": "run", "command_success": true, "command_wall_clock_time": 0.60047346, "process_in_blocks": "0", "process_kernel_time": 0.136603, "process_mem_max_rss": "146079744", "process_out_blocks": "0", "process_user_time": 0.967493}
[0m21:34:51.903877 [debug] [MainThread]: Command `dbt run` succeeded at 21:34:51.903846 after 0.60 seconds
[0m21:34:51.904020 [debug] [MainThread]: Sending event: {'category': 'dbt', 'action': 'invocation', 'label': 'end', 'context': [<snowplow_tracker.self_describing_json.SelfDescribingJson object at 0x107c3c810>, <snowplow_tracker.self_describing_json.SelfDescribingJson object at 0x107be9c90>, <snowplow_tracker.self_describing_json.SelfDescribingJson object at 0x107be9b90>]}
[0m21:34:51.904163 [debug] [MainThread]: Flushing usage events
[0m21:34:52.941202 [debug] [MainThread]: An error was encountered while trying to flush usage events
[0m21:37:50.656383 [debug] [MainThread]: Sending event: {'category': 'dbt', 'action': 'invocation', 'label': 'start', 'context': [<snowplow_tracker.self_describing_json.SelfDescribingJson object at 0x1051b67d0>, <snowplow_tracker.self_describing_json.SelfDescribingJson object at 0x105227950>, <snowplow_tracker.self_describing_json.SelfDescribingJson object at 0x105227f90>]}


============================== 21:37:50.658604 | 553b2af6-7436-44e9-9bdc-185229a0310e ==============================
[0m21:37:50.658604 [info ] [MainThread]: Running with dbt=1.9.0
[0m21:37:50.658857 [debug] [MainThread]: running dbt with arguments {'printer_width': '80', 'indirect_selection': 'eager', 'log_cache_events': 'False', 'write_json': 'True', 'partial_parse': 'True', 'cache_selected_only': 'False', 'profiles_dir': '/Users/sakshirai/.dbt', 'version_check': 'True', 'debug': 'False', 'log_path': '/Users/sakshirai/Desktop/netflixanalysis/netflix_analysis/logs', 'warn_error': 'None', 'fail_fast': 'False', 'use_colors': 'True', 'use_experimental_parser': 'False', 'no_print': 'None', 'quiet': 'False', 'empty': 'False', 'log_format': 'default', 'invocation_command': 'dbt run', 'introspect': 'True', 'static_parser': 'True', 'target_path': 'None', 'warn_error_options': 'WarnErrorOptions(include=[], exclude=[])', 'send_anonymous_usage_stats': 'True'}
[0m21:37:50.875359 [debug] [MainThread]: Sending event: {'category': 'dbt', 'action': 'project_id', 'label': '553b2af6-7436-44e9-9bdc-185229a0310e', 'context': [<snowplow_tracker.self_describing_json.SelfDescribingJson object at 0x104d84ed0>]}
[0m21:37:50.892757 [debug] [MainThread]: Sending event: {'category': 'dbt', 'action': 'adapter_info', 'label': '553b2af6-7436-44e9-9bdc-185229a0310e', 'context': [<snowplow_tracker.self_describing_json.SelfDescribingJson object at 0x105ee7a10>]}
[0m21:37:50.893374 [info ] [MainThread]: Registered adapter: snowflake=1.9.0
[0m21:37:50.942605 [debug] [MainThread]: checksum: c99e828bba267739642b5a3ce85f17518764ea526e0e6c4fdc649171c1a66bff, vars: {}, profile: , target: , version: 1.9.0
[0m21:37:50.980328 [debug] [MainThread]: Partial parsing enabled: 0 files deleted, 0 files added, 0 files changed.
[0m21:37:50.980501 [debug] [MainThread]: Partial parsing enabled, no changes found, skipping parsing
[0m21:37:50.989392 [debug] [MainThread]: Sending event: {'category': 'dbt', 'action': 'load_project', 'label': '553b2af6-7436-44e9-9bdc-185229a0310e', 'context': [<snowplow_tracker.self_describing_json.SelfDescribingJson object at 0x1060dbb50>]}
[0m21:37:51.008903 [debug] [MainThread]: Wrote artifact WritableManifest to /Users/sakshirai/Desktop/netflixanalysis/netflix_analysis/target/manifest.json
[0m21:37:51.014633 [debug] [MainThread]: Wrote artifact SemanticManifest to /Users/sakshirai/Desktop/netflixanalysis/netflix_analysis/target/semantic_manifest.json
[0m21:37:51.024164 [debug] [MainThread]: Sending event: {'category': 'dbt', 'action': 'resource_counts', 'label': '553b2af6-7436-44e9-9bdc-185229a0310e', 'context': [<snowplow_tracker.self_describing_json.SelfDescribingJson object at 0x106104c10>]}
[0m21:37:51.024347 [info ] [MainThread]: Found 1 model, 473 macros
[0m21:37:51.024484 [debug] [MainThread]: Sending event: {'category': 'dbt', 'action': 'runnable_timing', 'label': '553b2af6-7436-44e9-9bdc-185229a0310e', 'context': [<snowplow_tracker.self_describing_json.SelfDescribingJson object at 0x1060d9790>]}
[0m21:37:51.025051 [warn ] [MainThread]: Nothing to do. Try checking your model configs and model specification args
[0m21:37:51.025671 [debug] [MainThread]: Command end result
[0m21:37:51.033102 [debug] [MainThread]: Wrote artifact WritableManifest to /Users/sakshirai/Desktop/netflixanalysis/netflix_analysis/target/manifest.json
[0m21:37:51.033777 [debug] [MainThread]: Wrote artifact SemanticManifest to /Users/sakshirai/Desktop/netflixanalysis/netflix_analysis/target/semantic_manifest.json
[0m21:37:51.034853 [debug] [MainThread]: Wrote artifact RunExecutionResult to /Users/sakshirai/Desktop/netflixanalysis/netflix_analysis/target/run_results.json
[0m21:37:51.036946 [debug] [MainThread]: Resource report: {"command_name": "run", "command_success": true, "command_wall_clock_time": 0.40659353, "process_in_blocks": "0", "process_kernel_time": 0.158665, "process_mem_max_rss": "141246464", "process_out_blocks": "0", "process_user_time": 0.673859}
[0m21:37:51.037164 [debug] [MainThread]: Command `dbt run` succeeded at 21:37:51.037132 after 0.41 seconds
[0m21:37:51.037308 [debug] [MainThread]: Sending event: {'category': 'dbt', 'action': 'invocation', 'label': 'end', 'context': [<snowplow_tracker.self_describing_json.SelfDescribingJson object at 0x1052279d0>, <snowplow_tracker.self_describing_json.SelfDescribingJson object at 0x1051c4790>, <snowplow_tracker.self_describing_json.SelfDescribingJson object at 0x100aba050>]}
[0m21:37:51.037439 [debug] [MainThread]: Flushing usage events
[0m21:37:51.935245 [debug] [MainThread]: An error was encountered while trying to flush usage events
[0m21:39:40.676937 [debug] [MainThread]: Sending event: {'category': 'dbt', 'action': 'invocation', 'label': 'start', 'context': [<snowplow_tracker.self_describing_json.SelfDescribingJson object at 0x105463bd0>, <snowplow_tracker.self_describing_json.SelfDescribingJson object at 0x1054bced0>, <snowplow_tracker.self_describing_json.SelfDescribingJson object at 0x105297090>]}


============================== 21:39:40.679134 | bb78d1d1-1b86-40b8-bc8e-79f7cb38be13 ==============================
[0m21:39:40.679134 [info ] [MainThread]: Running with dbt=1.9.0
[0m21:39:40.679379 [debug] [MainThread]: running dbt with arguments {'printer_width': '80', 'indirect_selection': 'eager', 'write_json': 'True', 'log_cache_events': 'False', 'partial_parse': 'True', 'cache_selected_only': 'False', 'profiles_dir': '/Users/sakshirai/.dbt', 'debug': 'False', 'version_check': 'True', 'log_path': '/Users/sakshirai/Desktop/netflixanalysis/netflix_analysis/logs', 'warn_error': 'None', 'fail_fast': 'False', 'use_colors': 'True', 'use_experimental_parser': 'False', 'no_print': 'None', 'quiet': 'False', 'empty': 'False', 'log_format': 'default', 'static_parser': 'True', 'invocation_command': 'dbt run', 'introspect': 'True', 'target_path': 'None', 'warn_error_options': 'WarnErrorOptions(include=[], exclude=[])', 'send_anonymous_usage_stats': 'True'}
[0m21:39:40.901603 [debug] [MainThread]: Sending event: {'category': 'dbt', 'action': 'project_id', 'label': 'bb78d1d1-1b86-40b8-bc8e-79f7cb38be13', 'context': [<snowplow_tracker.self_describing_json.SelfDescribingJson object at 0x10546f490>]}
[0m21:39:40.918739 [debug] [MainThread]: Sending event: {'category': 'dbt', 'action': 'adapter_info', 'label': 'bb78d1d1-1b86-40b8-bc8e-79f7cb38be13', 'context': [<snowplow_tracker.self_describing_json.SelfDescribingJson object at 0x1061c2f10>]}
[0m21:39:40.919322 [info ] [MainThread]: Registered adapter: snowflake=1.9.0
[0m21:39:40.970045 [debug] [MainThread]: checksum: c99e828bba267739642b5a3ce85f17518764ea526e0e6c4fdc649171c1a66bff, vars: {}, profile: , target: , version: 1.9.0
[0m21:39:40.992650 [info ] [MainThread]: Unable to do partial parsing because of a version mismatch
[0m21:39:40.992943 [debug] [MainThread]: Sending event: {'category': 'dbt', 'action': 'partial_parser', 'label': 'bb78d1d1-1b86-40b8-bc8e-79f7cb38be13', 'context': [<snowplow_tracker.self_describing_json.SelfDescribingJson object at 0x104fc7750>]}
[0m21:39:41.311329 [debug] [MainThread]: Sending event: {'category': 'dbt', 'action': 'load_project', 'label': 'bb78d1d1-1b86-40b8-bc8e-79f7cb38be13', 'context': [<snowplow_tracker.self_describing_json.SelfDescribingJson object at 0x1065d9010>]}
[0m21:39:41.330232 [debug] [MainThread]: Wrote artifact WritableManifest to /Users/sakshirai/Desktop/netflixanalysis/netflix_analysis/target/manifest.json
[0m21:39:41.336230 [debug] [MainThread]: Wrote artifact SemanticManifest to /Users/sakshirai/Desktop/netflixanalysis/netflix_analysis/target/semantic_manifest.json
[0m21:39:41.345899 [debug] [MainThread]: Sending event: {'category': 'dbt', 'action': 'resource_counts', 'label': 'bb78d1d1-1b86-40b8-bc8e-79f7cb38be13', 'context': [<snowplow_tracker.self_describing_json.SelfDescribingJson object at 0x1069d8450>]}
[0m21:39:41.346067 [info ] [MainThread]: Found 1 model, 473 macros
[0m21:39:41.346191 [debug] [MainThread]: Sending event: {'category': 'dbt', 'action': 'runnable_timing', 'label': 'bb78d1d1-1b86-40b8-bc8e-79f7cb38be13', 'context': [<snowplow_tracker.self_describing_json.SelfDescribingJson object at 0x1068f8bd0>]}
[0m21:39:41.346864 [info ] [MainThread]: 
[0m21:39:41.346998 [info ] [MainThread]: Concurrency: 1 threads (target='dev')
[0m21:39:41.347096 [info ] [MainThread]: 
[0m21:39:41.347281 [debug] [MainThread]: Acquiring new snowflake connection 'master'
[0m21:39:41.347603 [debug] [ThreadPool]: Acquiring new snowflake connection 'list_MOVIELENS'
[0m21:39:41.374422 [debug] [ThreadPool]: Using snowflake connection "list_MOVIELENS"
[0m21:39:41.374597 [debug] [ThreadPool]: On list_MOVIELENS: /* {"app": "dbt", "dbt_version": "1.9.0", "profile_name": "netflix_analysis", "target_name": "dev", "connection_name": "list_MOVIELENS"} */
show terse schemas in database MOVIELENS
    limit 10000
[0m21:39:41.374701 [debug] [ThreadPool]: Opening a new connection, currently in state init
[0m21:39:42.399933 [debug] [ThreadPool]: SQL status: SUCCESS 3 in 1.025 seconds
[0m21:39:42.403340 [debug] [ThreadPool]: Re-using an available connection from the pool (formerly list_MOVIELENS, now list_MOVIELENS_RAW)
[0m21:39:42.414194 [debug] [ThreadPool]: Using snowflake connection "list_MOVIELENS_RAW"
[0m21:39:42.414787 [debug] [ThreadPool]: On list_MOVIELENS_RAW: /* {"app": "dbt", "dbt_version": "1.9.0", "profile_name": "netflix_analysis", "target_name": "dev", "connection_name": "list_MOVIELENS_RAW"} */
show objects in MOVIELENS.RAW limit 10000;
[0m21:39:42.582963 [debug] [ThreadPool]: SQL status: SUCCESS 6 in 0.168 seconds
[0m21:39:42.587175 [debug] [MainThread]: Sending event: {'category': 'dbt', 'action': 'runnable_timing', 'label': 'bb78d1d1-1b86-40b8-bc8e-79f7cb38be13', 'context': [<snowplow_tracker.self_describing_json.SelfDescribingJson object at 0x10d07ce50>]}
[0m21:39:42.588893 [debug] [Thread-1 (]: Began running node model.netflix_analysis.src_movies
[0m21:39:42.589445 [info ] [Thread-1 (]: 1 of 1 START sql view model RAW.src_movies ..................................... [RUN]
[0m21:39:42.589877 [debug] [Thread-1 (]: Re-using an available connection from the pool (formerly list_MOVIELENS_RAW, now model.netflix_analysis.src_movies)
[0m21:39:42.590183 [debug] [Thread-1 (]: Began compiling node model.netflix_analysis.src_movies
[0m21:39:42.596363 [debug] [Thread-1 (]: Writing injected SQL for node "model.netflix_analysis.src_movies"
[0m21:39:42.597813 [debug] [Thread-1 (]: Began executing node model.netflix_analysis.src_movies
[0m21:39:42.616685 [debug] [Thread-1 (]: Writing runtime sql for node "model.netflix_analysis.src_movies"
[0m21:39:42.617868 [debug] [Thread-1 (]: Using snowflake connection "model.netflix_analysis.src_movies"
[0m21:39:42.618090 [debug] [Thread-1 (]: On model.netflix_analysis.src_movies: /* {"app": "dbt", "dbt_version": "1.9.0", "profile_name": "netflix_analysis", "target_name": "dev", "node_id": "model.netflix_analysis.src_movies"} */
create or replace   view MOVIELENS.RAW.src_movies
  
   as (
    select 1 as id
  );
[0m21:39:42.832471 [debug] [Thread-1 (]: SQL status: SUCCESS 1 in 0.214 seconds
[0m21:39:42.858243 [debug] [Thread-1 (]: Sending event: {'category': 'dbt', 'action': 'run_model', 'label': 'bb78d1d1-1b86-40b8-bc8e-79f7cb38be13', 'context': [<snowplow_tracker.self_describing_json.SelfDescribingJson object at 0x1068a19d0>]}
[0m21:39:42.858886 [info ] [Thread-1 (]: 1 of 1 OK created sql view model RAW.src_movies ................................ [[32mSUCCESS 1[0m in 0.27s]
[0m21:39:42.859352 [debug] [Thread-1 (]: Finished running node model.netflix_analysis.src_movies
[0m21:39:42.860310 [debug] [MainThread]: Connection 'master' was properly closed.
[0m21:39:42.860578 [debug] [MainThread]: Connection 'model.netflix_analysis.src_movies' was left open.
[0m21:39:42.860796 [debug] [MainThread]: On model.netflix_analysis.src_movies: Close
[0m21:39:43.142076 [info ] [MainThread]: 
[0m21:39:43.142779 [info ] [MainThread]: Finished running 1 view model in 0 hours 0 minutes and 1.79 seconds (1.79s).
[0m21:39:43.143499 [debug] [MainThread]: Command end result
[0m21:39:43.167549 [debug] [MainThread]: Wrote artifact WritableManifest to /Users/sakshirai/Desktop/netflixanalysis/netflix_analysis/target/manifest.json
[0m21:39:43.169175 [debug] [MainThread]: Wrote artifact SemanticManifest to /Users/sakshirai/Desktop/netflixanalysis/netflix_analysis/target/semantic_manifest.json
[0m21:39:43.173234 [debug] [MainThread]: Wrote artifact RunExecutionResult to /Users/sakshirai/Desktop/netflixanalysis/netflix_analysis/target/run_results.json
[0m21:39:43.173450 [info ] [MainThread]: 
[0m21:39:43.173715 [info ] [MainThread]: [32mCompleted successfully[0m
[0m21:39:43.173895 [info ] [MainThread]: 
[0m21:39:43.174090 [info ] [MainThread]: Done. PASS=1 WARN=0 ERROR=0 SKIP=0 TOTAL=1
[0m21:39:43.177366 [debug] [MainThread]: Resource report: {"command_name": "run", "command_success": true, "command_wall_clock_time": 2.5259702, "process_in_blocks": "0", "process_kernel_time": 0.222951, "process_mem_max_rss": "175570944", "process_out_blocks": "0", "process_user_time": 1.21958}
[0m21:39:43.177737 [debug] [MainThread]: Command `dbt run` succeeded at 21:39:43.177672 after 2.53 seconds
[0m21:39:43.178016 [debug] [MainThread]: Sending event: {'category': 'dbt', 'action': 'invocation', 'label': 'end', 'context': [<snowplow_tracker.self_describing_json.SelfDescribingJson object at 0x1054eff10>, <snowplow_tracker.self_describing_json.SelfDescribingJson object at 0x1054eff50>, <snowplow_tracker.self_describing_json.SelfDescribingJson object at 0x100d82010>]}
[0m21:39:43.178264 [debug] [MainThread]: Flushing usage events
[0m21:39:44.081599 [debug] [MainThread]: An error was encountered while trying to flush usage events
[0m21:42:58.188233 [debug] [MainThread]: Sending event: {'category': 'dbt', 'action': 'invocation', 'label': 'start', 'context': [<snowplow_tracker.self_describing_json.SelfDescribingJson object at 0x104b5b6d0>, <snowplow_tracker.self_describing_json.SelfDescribingJson object at 0x104bcb0d0>, <snowplow_tracker.self_describing_json.SelfDescribingJson object at 0x104bcbb90>]}


============================== 21:42:58.190515 | 98d2aaa1-3931-42dc-b91d-a79bbcd4cda3 ==============================
[0m21:42:58.190515 [info ] [MainThread]: Running with dbt=1.9.0
[0m21:42:58.190754 [debug] [MainThread]: running dbt with arguments {'printer_width': '80', 'indirect_selection': 'eager', 'log_cache_events': 'False', 'write_json': 'True', 'partial_parse': 'True', 'cache_selected_only': 'False', 'warn_error': 'None', 'fail_fast': 'False', 'version_check': 'True', 'log_path': '/Users/sakshirai/Desktop/netflixanalysis/netflix_analysis/logs', 'profiles_dir': '/Users/sakshirai/.dbt', 'debug': 'False', 'use_colors': 'True', 'use_experimental_parser': 'False', 'empty': 'False', 'quiet': 'False', 'no_print': 'None', 'warn_error_options': 'WarnErrorOptions(include=[], exclude=[])', 'introspect': 'True', 'static_parser': 'True', 'log_format': 'default', 'target_path': 'None', 'invocation_command': 'dbt run', 'send_anonymous_usage_stats': 'True'}
[0m21:42:58.409462 [debug] [MainThread]: Sending event: {'category': 'dbt', 'action': 'project_id', 'label': '98d2aaa1-3931-42dc-b91d-a79bbcd4cda3', 'context': [<snowplow_tracker.self_describing_json.SelfDescribingJson object at 0x104731fd0>]}
[0m21:42:58.426054 [debug] [MainThread]: Sending event: {'category': 'dbt', 'action': 'adapter_info', 'label': '98d2aaa1-3931-42dc-b91d-a79bbcd4cda3', 'context': [<snowplow_tracker.self_describing_json.SelfDescribingJson object at 0x1058973d0>]}
[0m21:42:58.426645 [info ] [MainThread]: Registered adapter: snowflake=1.9.0
[0m21:42:58.473444 [debug] [MainThread]: checksum: c99e828bba267739642b5a3ce85f17518764ea526e0e6c4fdc649171c1a66bff, vars: {}, profile: , target: , version: 1.9.0
[0m21:42:58.494761 [info ] [MainThread]: Unable to do partial parsing because of a version mismatch
[0m21:42:58.494994 [debug] [MainThread]: Sending event: {'category': 'dbt', 'action': 'partial_parser', 'label': '98d2aaa1-3931-42dc-b91d-a79bbcd4cda3', 'context': [<snowplow_tracker.self_describing_json.SelfDescribingJson object at 0x103fa26d0>]}
[0m21:42:58.812473 [debug] [MainThread]: Sending event: {'category': 'dbt', 'action': 'load_project', 'label': '98d2aaa1-3931-42dc-b91d-a79bbcd4cda3', 'context': [<snowplow_tracker.self_describing_json.SelfDescribingJson object at 0x105ee4b10>]}
[0m21:42:58.830958 [debug] [MainThread]: Wrote artifact WritableManifest to /Users/sakshirai/Desktop/netflixanalysis/netflix_analysis/target/manifest.json
[0m21:42:58.836489 [debug] [MainThread]: Wrote artifact SemanticManifest to /Users/sakshirai/Desktop/netflixanalysis/netflix_analysis/target/semantic_manifest.json
[0m21:42:58.845870 [debug] [MainThread]: Sending event: {'category': 'dbt', 'action': 'resource_counts', 'label': '98d2aaa1-3931-42dc-b91d-a79bbcd4cda3', 'context': [<snowplow_tracker.self_describing_json.SelfDescribingJson object at 0x10609f1d0>]}
[0m21:42:58.846034 [info ] [MainThread]: Found 1 model, 473 macros
[0m21:42:58.846159 [debug] [MainThread]: Sending event: {'category': 'dbt', 'action': 'runnable_timing', 'label': '98d2aaa1-3931-42dc-b91d-a79bbcd4cda3', 'context': [<snowplow_tracker.self_describing_json.SelfDescribingJson object at 0x105f16d90>]}
[0m21:42:58.846830 [info ] [MainThread]: 
[0m21:42:58.846962 [info ] [MainThread]: Concurrency: 1 threads (target='dev')
[0m21:42:58.847061 [info ] [MainThread]: 
[0m21:42:58.847242 [debug] [MainThread]: Acquiring new snowflake connection 'master'
[0m21:42:58.847547 [debug] [ThreadPool]: Acquiring new snowflake connection 'list_MOVIELENS'
[0m21:42:58.872263 [debug] [ThreadPool]: Using snowflake connection "list_MOVIELENS"
[0m21:42:58.872432 [debug] [ThreadPool]: On list_MOVIELENS: /* {"app": "dbt", "dbt_version": "1.9.0", "profile_name": "netflix_analysis", "target_name": "dev", "connection_name": "list_MOVIELENS"} */
show terse schemas in database MOVIELENS
    limit 10000
[0m21:42:58.872542 [debug] [ThreadPool]: Opening a new connection, currently in state init
[0m21:42:59.692840 [debug] [ThreadPool]: SQL status: SUCCESS 3 in 0.820 seconds
[0m21:42:59.695565 [debug] [ThreadPool]: Re-using an available connection from the pool (formerly list_MOVIELENS, now list_MOVIELENS_RAW)
[0m21:42:59.703974 [debug] [ThreadPool]: Using snowflake connection "list_MOVIELENS_RAW"
[0m21:42:59.704246 [debug] [ThreadPool]: On list_MOVIELENS_RAW: /* {"app": "dbt", "dbt_version": "1.9.0", "profile_name": "netflix_analysis", "target_name": "dev", "connection_name": "list_MOVIELENS_RAW"} */
show objects in MOVIELENS.RAW limit 10000;
[0m21:42:59.844203 [debug] [ThreadPool]: SQL status: SUCCESS 7 in 0.140 seconds
[0m21:42:59.850224 [debug] [MainThread]: Sending event: {'category': 'dbt', 'action': 'runnable_timing', 'label': '98d2aaa1-3931-42dc-b91d-a79bbcd4cda3', 'context': [<snowplow_tracker.self_describing_json.SelfDescribingJson object at 0x10770fd10>]}
[0m21:42:59.851266 [debug] [Thread-1 (]: Began running node model.netflix_analysis.src_movies
[0m21:42:59.851624 [info ] [Thread-1 (]: 1 of 1 START sql view model RAW.src_movies ..................................... [RUN]
[0m21:42:59.851936 [debug] [Thread-1 (]: Re-using an available connection from the pool (formerly list_MOVIELENS_RAW, now model.netflix_analysis.src_movies)
[0m21:42:59.852156 [debug] [Thread-1 (]: Began compiling node model.netflix_analysis.src_movies
[0m21:42:59.856775 [debug] [Thread-1 (]: Writing injected SQL for node "model.netflix_analysis.src_movies"
[0m21:42:59.857403 [debug] [Thread-1 (]: Began executing node model.netflix_analysis.src_movies
[0m21:42:59.873061 [debug] [Thread-1 (]: Writing runtime sql for node "model.netflix_analysis.src_movies"
[0m21:42:59.873655 [debug] [Thread-1 (]: Using snowflake connection "model.netflix_analysis.src_movies"
[0m21:42:59.873841 [debug] [Thread-1 (]: On model.netflix_analysis.src_movies: /* {"app": "dbt", "dbt_version": "1.9.0", "profile_name": "netflix_analysis", "target_name": "dev", "node_id": "model.netflix_analysis.src_movies"} */
create or replace   view MOVIELENS.RAW.src_movies
  
   as (
    select 1 as id
  );
[0m21:43:00.047140 [debug] [Thread-1 (]: SQL status: SUCCESS 1 in 0.173 seconds
[0m21:43:00.074461 [debug] [Thread-1 (]: Sending event: {'category': 'dbt', 'action': 'run_model', 'label': '98d2aaa1-3931-42dc-b91d-a79bbcd4cda3', 'context': [<snowplow_tracker.self_describing_json.SelfDescribingJson object at 0x105acc210>]}
[0m21:43:00.075035 [info ] [Thread-1 (]: 1 of 1 OK created sql view model RAW.src_movies ................................ [[32mSUCCESS 1[0m in 0.22s]
[0m21:43:00.075430 [debug] [Thread-1 (]: Finished running node model.netflix_analysis.src_movies
[0m21:43:00.076325 [debug] [MainThread]: Connection 'master' was properly closed.
[0m21:43:00.076578 [debug] [MainThread]: Connection 'model.netflix_analysis.src_movies' was left open.
[0m21:43:00.076786 [debug] [MainThread]: On model.netflix_analysis.src_movies: Close
[0m21:43:00.278247 [info ] [MainThread]: 
[0m21:43:00.279086 [info ] [MainThread]: Finished running 1 view model in 0 hours 0 minutes and 1.43 seconds (1.43s).
[0m21:43:00.279958 [debug] [MainThread]: Command end result
[0m21:43:00.304473 [debug] [MainThread]: Wrote artifact WritableManifest to /Users/sakshirai/Desktop/netflixanalysis/netflix_analysis/target/manifest.json
[0m21:43:00.306477 [debug] [MainThread]: Wrote artifact SemanticManifest to /Users/sakshirai/Desktop/netflixanalysis/netflix_analysis/target/semantic_manifest.json
[0m21:43:00.310639 [debug] [MainThread]: Wrote artifact RunExecutionResult to /Users/sakshirai/Desktop/netflixanalysis/netflix_analysis/target/run_results.json
[0m21:43:00.310846 [info ] [MainThread]: 
[0m21:43:00.311117 [info ] [MainThread]: [32mCompleted successfully[0m
[0m21:43:00.311296 [info ] [MainThread]: 
[0m21:43:00.311488 [info ] [MainThread]: Done. PASS=1 WARN=0 ERROR=0 SKIP=0 TOTAL=1
[0m21:43:00.314586 [debug] [MainThread]: Resource report: {"command_name": "run", "command_success": true, "command_wall_clock_time": 2.1509135, "process_in_blocks": "0", "process_kernel_time": 0.215249, "process_mem_max_rss": "173965312", "process_out_blocks": "0", "process_user_time": 1.196857}
[0m21:43:00.314855 [debug] [MainThread]: Command `dbt run` succeeded at 21:43:00.314801 after 2.15 seconds
[0m21:43:00.315100 [debug] [MainThread]: Sending event: {'category': 'dbt', 'action': 'invocation', 'label': 'end', 'context': [<snowplow_tracker.self_describing_json.SelfDescribingJson object at 0x104b5b2d0>, <snowplow_tracker.self_describing_json.SelfDescribingJson object at 0x10498f3d0>, <snowplow_tracker.self_describing_json.SelfDescribingJson object at 0x10068eb90>]}
[0m21:43:00.315303 [debug] [MainThread]: Flushing usage events
[0m21:43:01.224771 [debug] [MainThread]: An error was encountered while trying to flush usage events
[0m23:21:13.760930 [debug] [MainThread]: Sending event: {'category': 'dbt', 'action': 'invocation', 'label': 'start', 'context': [<snowplow_tracker.self_describing_json.SelfDescribingJson object at 0x107feb590>, <snowplow_tracker.self_describing_json.SelfDescribingJson object at 0x11005b790>, <snowplow_tracker.self_describing_json.SelfDescribingJson object at 0x11005be10>]}


============================== 23:21:13.763299 | 81a3ff88-005c-49af-b876-bf95f139e15e ==============================
[0m23:21:13.763299 [info ] [MainThread]: Running with dbt=1.9.0
[0m23:21:13.763555 [debug] [MainThread]: running dbt with arguments {'printer_width': '80', 'indirect_selection': 'eager', 'write_json': 'True', 'log_cache_events': 'False', 'partial_parse': 'True', 'cache_selected_only': 'False', 'profiles_dir': '/Users/sakshirai/.dbt', 'version_check': 'True', 'debug': 'False', 'log_path': '/Users/sakshirai/Desktop/netflixanalysis/netflix_analysis/logs', 'warn_error': 'None', 'fail_fast': 'False', 'use_colors': 'True', 'use_experimental_parser': 'False', 'no_print': 'None', 'quiet': 'False', 'empty': 'False', 'log_format': 'default', 'invocation_command': 'dbt run', 'static_parser': 'True', 'warn_error_options': 'WarnErrorOptions(include=[], exclude=[])', 'target_path': 'None', 'introspect': 'True', 'send_anonymous_usage_stats': 'True'}
[0m23:21:14.201422 [debug] [MainThread]: Sending event: {'category': 'dbt', 'action': 'project_id', 'label': '81a3ff88-005c-49af-b876-bf95f139e15e', 'context': [<snowplow_tracker.self_describing_json.SelfDescribingJson object at 0x1079bd0d0>]}
[0m23:21:14.219150 [debug] [MainThread]: Sending event: {'category': 'dbt', 'action': 'adapter_info', 'label': '81a3ff88-005c-49af-b876-bf95f139e15e', 'context': [<snowplow_tracker.self_describing_json.SelfDescribingJson object at 0x1136efe90>]}
[0m23:21:14.219656 [info ] [MainThread]: Registered adapter: snowflake=1.9.0
[0m23:21:14.271046 [debug] [MainThread]: checksum: c99e828bba267739642b5a3ce85f17518764ea526e0e6c4fdc649171c1a66bff, vars: {}, profile: , target: , version: 1.9.0
[0m23:21:14.293393 [info ] [MainThread]: Unable to do partial parsing because of a version mismatch
[0m23:21:14.293641 [debug] [MainThread]: Sending event: {'category': 'dbt', 'action': 'partial_parser', 'label': '81a3ff88-005c-49af-b876-bf95f139e15e', 'context': [<snowplow_tracker.self_describing_json.SelfDescribingJson object at 0x107947810>]}
[0m23:21:14.614228 [debug] [MainThread]: Sending event: {'category': 'dbt', 'action': 'load_project', 'label': '81a3ff88-005c-49af-b876-bf95f139e15e', 'context': [<snowplow_tracker.self_describing_json.SelfDescribingJson object at 0x113b59410>]}
[0m23:21:14.633745 [debug] [MainThread]: Wrote artifact WritableManifest to /Users/sakshirai/Desktop/netflixanalysis/netflix_analysis/target/manifest.json
[0m23:21:14.640808 [debug] [MainThread]: Wrote artifact SemanticManifest to /Users/sakshirai/Desktop/netflixanalysis/netflix_analysis/target/semantic_manifest.json
[0m23:21:14.651724 [debug] [MainThread]: Sending event: {'category': 'dbt', 'action': 'resource_counts', 'label': '81a3ff88-005c-49af-b876-bf95f139e15e', 'context': [<snowplow_tracker.self_describing_json.SelfDescribingJson object at 0x11518bad0>]}
[0m23:21:14.651889 [info ] [MainThread]: Found 1 model, 473 macros
[0m23:21:14.652014 [debug] [MainThread]: Sending event: {'category': 'dbt', 'action': 'runnable_timing', 'label': '81a3ff88-005c-49af-b876-bf95f139e15e', 'context': [<snowplow_tracker.self_describing_json.SelfDescribingJson object at 0x113fbd050>]}
[0m23:21:14.652675 [info ] [MainThread]: 
[0m23:21:14.652815 [info ] [MainThread]: Concurrency: 1 threads (target='dev')
[0m23:21:14.652913 [info ] [MainThread]: 
[0m23:21:14.653100 [debug] [MainThread]: Acquiring new snowflake connection 'master'
[0m23:21:14.653420 [debug] [ThreadPool]: Acquiring new snowflake connection 'list_MOVIELENS'
[0m23:21:14.680928 [debug] [ThreadPool]: Using snowflake connection "list_MOVIELENS"
[0m23:21:14.681110 [debug] [ThreadPool]: On list_MOVIELENS: /* {"app": "dbt", "dbt_version": "1.9.0", "profile_name": "netflix_analysis", "target_name": "dev", "connection_name": "list_MOVIELENS"} */
show terse schemas in database MOVIELENS
    limit 10000
[0m23:21:14.681213 [debug] [ThreadPool]: Opening a new connection, currently in state init
[0m23:21:15.559877 [debug] [ThreadPool]: SQL status: SUCCESS 3 in 0.878 seconds
[0m23:21:15.563716 [debug] [ThreadPool]: Re-using an available connection from the pool (formerly list_MOVIELENS, now list_MOVIELENS_RAW)
[0m23:21:15.578660 [debug] [ThreadPool]: Using snowflake connection "list_MOVIELENS_RAW"
[0m23:21:15.579095 [debug] [ThreadPool]: On list_MOVIELENS_RAW: /* {"app": "dbt", "dbt_version": "1.9.0", "profile_name": "netflix_analysis", "target_name": "dev", "connection_name": "list_MOVIELENS_RAW"} */
show objects in MOVIELENS.RAW limit 10000;
[0m23:21:15.712207 [debug] [ThreadPool]: SQL status: SUCCESS 7 in 0.133 seconds
[0m23:21:15.716969 [debug] [MainThread]: Sending event: {'category': 'dbt', 'action': 'runnable_timing', 'label': '81a3ff88-005c-49af-b876-bf95f139e15e', 'context': [<snowplow_tracker.self_describing_json.SelfDescribingJson object at 0x115da0390>]}
[0m23:21:15.718920 [debug] [Thread-1 (]: Began running node model.netflix_analysis.src_movies
[0m23:21:15.719647 [info ] [Thread-1 (]: 1 of 1 START sql view model RAW.src_movies ..................................... [RUN]
[0m23:21:15.720304 [debug] [Thread-1 (]: Re-using an available connection from the pool (formerly list_MOVIELENS_RAW, now model.netflix_analysis.src_movies)
[0m23:21:15.720711 [debug] [Thread-1 (]: Began compiling node model.netflix_analysis.src_movies
[0m23:21:15.728402 [debug] [Thread-1 (]: Writing injected SQL for node "model.netflix_analysis.src_movies"
[0m23:21:15.729419 [debug] [Thread-1 (]: Began executing node model.netflix_analysis.src_movies
[0m23:21:15.750036 [debug] [Thread-1 (]: Writing runtime sql for node "model.netflix_analysis.src_movies"
[0m23:21:15.750867 [debug] [Thread-1 (]: Using snowflake connection "model.netflix_analysis.src_movies"
[0m23:21:15.751079 [debug] [Thread-1 (]: On model.netflix_analysis.src_movies: /* {"app": "dbt", "dbt_version": "1.9.0", "profile_name": "netflix_analysis", "target_name": "dev", "node_id": "model.netflix_analysis.src_movies"} */
create or replace   view MOVIELENS.RAW.src_movies
  
   as (
    WITH raw_movies AS(
    SELECT * 
    FROM MOVIELENS.RAW.RAW_MOVIES
)

SELECT 
    movieID as movie_id,
    title,
    genres
FROM raw_movies
  );
[0m23:21:15.952173 [debug] [Thread-1 (]: SQL status: SUCCESS 1 in 0.201 seconds
[0m23:21:15.980569 [debug] [Thread-1 (]: Sending event: {'category': 'dbt', 'action': 'run_model', 'label': '81a3ff88-005c-49af-b876-bf95f139e15e', 'context': [<snowplow_tracker.self_describing_json.SelfDescribingJson object at 0x113afb3d0>]}
[0m23:21:15.981132 [info ] [Thread-1 (]: 1 of 1 OK created sql view model RAW.src_movies ................................ [[32mSUCCESS 1[0m in 0.26s]
[0m23:21:15.981568 [debug] [Thread-1 (]: Finished running node model.netflix_analysis.src_movies
[0m23:21:15.982402 [debug] [MainThread]: Connection 'master' was properly closed.
[0m23:21:15.982651 [debug] [MainThread]: Connection 'model.netflix_analysis.src_movies' was left open.
[0m23:21:15.982851 [debug] [MainThread]: On model.netflix_analysis.src_movies: Close
[0m23:21:16.184543 [info ] [MainThread]: 
[0m23:21:16.185466 [info ] [MainThread]: Finished running 1 view model in 0 hours 0 minutes and 1.53 seconds (1.53s).
[0m23:21:16.186294 [debug] [MainThread]: Command end result
[0m23:21:16.210999 [debug] [MainThread]: Wrote artifact WritableManifest to /Users/sakshirai/Desktop/netflixanalysis/netflix_analysis/target/manifest.json
[0m23:21:16.212500 [debug] [MainThread]: Wrote artifact SemanticManifest to /Users/sakshirai/Desktop/netflixanalysis/netflix_analysis/target/semantic_manifest.json
[0m23:21:16.216441 [debug] [MainThread]: Wrote artifact RunExecutionResult to /Users/sakshirai/Desktop/netflixanalysis/netflix_analysis/target/run_results.json
[0m23:21:16.216647 [info ] [MainThread]: 
[0m23:21:16.216927 [info ] [MainThread]: [32mCompleted successfully[0m
[0m23:21:16.217106 [info ] [MainThread]: 
[0m23:21:16.217311 [info ] [MainThread]: Done. PASS=1 WARN=0 ERROR=0 SKIP=0 TOTAL=1
[0m23:21:16.220615 [debug] [MainThread]: Resource report: {"command_name": "run", "command_success": true, "command_wall_clock_time": 2.488802, "process_in_blocks": "0", "process_kernel_time": 0.250082, "process_mem_max_rss": "175964160", "process_out_blocks": "0", "process_user_time": 1.270154}
[0m23:21:16.220887 [debug] [MainThread]: Command `dbt run` succeeded at 23:21:16.220836 after 2.49 seconds
[0m23:21:16.221121 [debug] [MainThread]: Sending event: {'category': 'dbt', 'action': 'invocation', 'label': 'end', 'context': [<snowplow_tracker.self_describing_json.SelfDescribingJson object at 0x11003e790>, <snowplow_tracker.self_describing_json.SelfDescribingJson object at 0x11003ed90>, <snowplow_tracker.self_describing_json.SelfDescribingJson object at 0x102de2c50>]}
[0m23:21:16.221326 [debug] [MainThread]: Flushing usage events
[0m23:21:17.121592 [debug] [MainThread]: An error was encountered while trying to flush usage events
[0m00:57:39.473014 [debug] [MainThread]: Sending event: {'category': 'dbt', 'action': 'invocation', 'label': 'start', 'context': [<snowplow_tracker.self_describing_json.SelfDescribingJson object at 0x108deb250>, <snowplow_tracker.self_describing_json.SelfDescribingJson object at 0x108c2ba90>, <snowplow_tracker.self_describing_json.SelfDescribingJson object at 0x108e5bc50>]}


============================== 00:57:39.476044 | cec99371-701d-4549-a25f-92bf1a5e0704 ==============================
[0m00:57:39.476044 [info ] [MainThread]: Running with dbt=1.9.0
[0m00:57:39.476348 [debug] [MainThread]: running dbt with arguments {'printer_width': '80', 'indirect_selection': 'eager', 'write_json': 'True', 'log_cache_events': 'False', 'partial_parse': 'True', 'cache_selected_only': 'False', 'profiles_dir': '/Users/sakshirai/.dbt', 'debug': 'False', 'warn_error': 'None', 'log_path': '/Users/sakshirai/Desktop/netflixanalysis/netflix_analysis/logs', 'fail_fast': 'False', 'version_check': 'True', 'use_colors': 'True', 'use_experimental_parser': 'False', 'empty': 'False', 'quiet': 'False', 'no_print': 'None', 'log_format': 'default', 'introspect': 'True', 'warn_error_options': 'WarnErrorOptions(include=[], exclude=[])', 'static_parser': 'True', 'target_path': 'None', 'invocation_command': 'dbt run', 'send_anonymous_usage_stats': 'True'}
[0m00:57:40.177136 [debug] [MainThread]: Sending event: {'category': 'dbt', 'action': 'project_id', 'label': 'cec99371-701d-4549-a25f-92bf1a5e0704', 'context': [<snowplow_tracker.self_describing_json.SelfDescribingJson object at 0x108c2b390>]}
[0m00:57:40.193819 [debug] [MainThread]: Sending event: {'category': 'dbt', 'action': 'adapter_info', 'label': 'cec99371-701d-4549-a25f-92bf1a5e0704', 'context': [<snowplow_tracker.self_describing_json.SelfDescribingJson object at 0x10cbf3810>]}
[0m00:57:40.194286 [info ] [MainThread]: Registered adapter: snowflake=1.9.0
[0m00:57:40.242094 [debug] [MainThread]: checksum: c99e828bba267739642b5a3ce85f17518764ea526e0e6c4fdc649171c1a66bff, vars: {}, profile: , target: , version: 1.9.0
[0m00:57:40.264195 [info ] [MainThread]: Unable to do partial parsing because of a version mismatch
[0m00:57:40.264425 [debug] [MainThread]: Sending event: {'category': 'dbt', 'action': 'partial_parser', 'label': 'cec99371-701d-4549-a25f-92bf1a5e0704', 'context': [<snowplow_tracker.self_describing_json.SelfDescribingJson object at 0x107948a90>]}
[0m00:57:40.583097 [debug] [MainThread]: Sending event: {'category': 'dbt', 'action': 'load_project', 'label': 'cec99371-701d-4549-a25f-92bf1a5e0704', 'context': [<snowplow_tracker.self_describing_json.SelfDescribingJson object at 0x10d0dd610>]}
[0m00:57:40.601573 [debug] [MainThread]: Wrote artifact WritableManifest to /Users/sakshirai/Desktop/netflixanalysis/netflix_analysis/target/manifest.json
[0m00:57:40.607519 [debug] [MainThread]: Wrote artifact SemanticManifest to /Users/sakshirai/Desktop/netflixanalysis/netflix_analysis/target/semantic_manifest.json
[0m00:57:40.617976 [debug] [MainThread]: Sending event: {'category': 'dbt', 'action': 'resource_counts', 'label': 'cec99371-701d-4549-a25f-92bf1a5e0704', 'context': [<snowplow_tracker.self_describing_json.SelfDescribingJson object at 0x10d29e590>]}
[0m00:57:40.618174 [info ] [MainThread]: Found 6 models, 473 macros
[0m00:57:40.618305 [debug] [MainThread]: Sending event: {'category': 'dbt', 'action': 'runnable_timing', 'label': 'cec99371-701d-4549-a25f-92bf1a5e0704', 'context': [<snowplow_tracker.self_describing_json.SelfDescribingJson object at 0x10d26e610>]}
[0m00:57:40.618948 [info ] [MainThread]: 
[0m00:57:40.619083 [info ] [MainThread]: Concurrency: 1 threads (target='dev')
[0m00:57:40.619182 [info ] [MainThread]: 
[0m00:57:40.619360 [debug] [MainThread]: Acquiring new snowflake connection 'master'
[0m00:57:40.619725 [debug] [ThreadPool]: Acquiring new snowflake connection 'list_MOVIELENS'
[0m00:57:40.646312 [debug] [ThreadPool]: Using snowflake connection "list_MOVIELENS"
[0m00:57:40.646482 [debug] [ThreadPool]: On list_MOVIELENS: /* {"app": "dbt", "dbt_version": "1.9.0", "profile_name": "netflix_analysis", "target_name": "dev", "connection_name": "list_MOVIELENS"} */
show terse schemas in database MOVIELENS
    limit 10000
[0m00:57:40.646584 [debug] [ThreadPool]: Opening a new connection, currently in state init
[0m00:57:41.515165 [debug] [ThreadPool]: SQL status: SUCCESS 3 in 0.868 seconds
[0m00:57:41.523728 [debug] [ThreadPool]: Re-using an available connection from the pool (formerly list_MOVIELENS, now list_MOVIELENS_RAW)
[0m00:57:41.536459 [debug] [ThreadPool]: Using snowflake connection "list_MOVIELENS_RAW"
[0m00:57:41.536927 [debug] [ThreadPool]: On list_MOVIELENS_RAW: /* {"app": "dbt", "dbt_version": "1.9.0", "profile_name": "netflix_analysis", "target_name": "dev", "connection_name": "list_MOVIELENS_RAW"} */
show objects in MOVIELENS.RAW limit 10000;
[0m00:57:41.681909 [debug] [ThreadPool]: SQL status: SUCCESS 7 in 0.145 seconds
[0m00:57:41.686569 [debug] [MainThread]: Sending event: {'category': 'dbt', 'action': 'runnable_timing', 'label': 'cec99371-701d-4549-a25f-92bf1a5e0704', 'context': [<snowplow_tracker.self_describing_json.SelfDescribingJson object at 0x10ece0090>]}
[0m00:57:41.688353 [debug] [Thread-1 (]: Began running node model.netflix_analysis.src_movies
[0m00:57:41.688944 [info ] [Thread-1 (]: 1 of 1 START sql view model RAW.src_movies ..................................... [RUN]
[0m00:57:41.689400 [debug] [Thread-1 (]: Re-using an available connection from the pool (formerly list_MOVIELENS_RAW, now model.netflix_analysis.src_movies)
[0m00:57:41.689716 [debug] [Thread-1 (]: Began compiling node model.netflix_analysis.src_movies
[0m00:57:41.696473 [debug] [Thread-1 (]: Writing injected SQL for node "model.netflix_analysis.src_movies"
[0m00:57:41.697801 [debug] [Thread-1 (]: Began executing node model.netflix_analysis.src_movies
[0m00:57:41.717410 [debug] [Thread-1 (]: Writing runtime sql for node "model.netflix_analysis.src_movies"
[0m00:57:41.718147 [debug] [Thread-1 (]: Using snowflake connection "model.netflix_analysis.src_movies"
[0m00:57:41.718344 [debug] [Thread-1 (]: On model.netflix_analysis.src_movies: /* {"app": "dbt", "dbt_version": "1.9.0", "profile_name": "netflix_analysis", "target_name": "dev", "node_id": "model.netflix_analysis.src_movies"} */
create or replace   view MOVIELENS.RAW.src_movies
  
   as (
    WITH raw_movies AS(
    SELECT * 
    FROM MOVIELENS.RAW.RAW_MOVIES
)

SELECT 
    movieID as movie_id,
    title,
    genres
FROM raw_movies
  );
[0m00:57:41.918281 [debug] [Thread-1 (]: SQL status: SUCCESS 1 in 0.200 seconds
[0m00:57:41.946475 [debug] [Thread-1 (]: Sending event: {'category': 'dbt', 'action': 'run_model', 'label': 'cec99371-701d-4549-a25f-92bf1a5e0704', 'context': [<snowplow_tracker.self_describing_json.SelfDescribingJson object at 0x10edfc650>]}
[0m00:57:41.947103 [info ] [Thread-1 (]: 1 of 1 OK created sql view model RAW.src_movies ................................ [[32mSUCCESS 1[0m in 0.26s]
[0m00:57:41.947536 [debug] [Thread-1 (]: Finished running node model.netflix_analysis.src_movies
[0m00:57:41.948550 [debug] [MainThread]: Connection 'master' was properly closed.
[0m00:57:41.948813 [debug] [MainThread]: Connection 'model.netflix_analysis.src_movies' was left open.
[0m00:57:41.949025 [debug] [MainThread]: On model.netflix_analysis.src_movies: Close
[0m00:57:42.170433 [info ] [MainThread]: 
[0m00:57:42.171065 [info ] [MainThread]: Finished running 1 view model in 0 hours 0 minutes and 1.55 seconds (1.55s).
[0m00:57:42.171757 [debug] [MainThread]: Command end result
[0m00:57:42.189011 [debug] [MainThread]: Wrote artifact WritableManifest to /Users/sakshirai/Desktop/netflixanalysis/netflix_analysis/target/manifest.json
[0m00:57:42.190463 [debug] [MainThread]: Wrote artifact SemanticManifest to /Users/sakshirai/Desktop/netflixanalysis/netflix_analysis/target/semantic_manifest.json
[0m00:57:42.193779 [debug] [MainThread]: Wrote artifact RunExecutionResult to /Users/sakshirai/Desktop/netflixanalysis/netflix_analysis/target/run_results.json
[0m00:57:42.193958 [info ] [MainThread]: 
[0m00:57:42.194172 [info ] [MainThread]: [32mCompleted successfully[0m
[0m00:57:42.194330 [info ] [MainThread]: 
[0m00:57:42.194494 [info ] [MainThread]: Done. PASS=1 WARN=0 ERROR=0 SKIP=0 TOTAL=1
[0m00:57:42.197022 [debug] [MainThread]: Resource report: {"command_name": "run", "command_success": true, "command_wall_clock_time": 2.76521, "process_in_blocks": "0", "process_kernel_time": 0.269181, "process_mem_max_rss": "174702592", "process_out_blocks": "0", "process_user_time": 1.276262}
[0m00:57:42.197255 [debug] [MainThread]: Command `dbt run` succeeded at 00:57:42.197211 after 2.77 seconds
[0m00:57:42.197448 [debug] [MainThread]: Sending event: {'category': 'dbt', 'action': 'invocation', 'label': 'end', 'context': [<snowplow_tracker.self_describing_json.SelfDescribingJson object at 0x108e3f2d0>, <snowplow_tracker.self_describing_json.SelfDescribingJson object at 0x108de3150>, <snowplow_tracker.self_describing_json.SelfDescribingJson object at 0x108d28610>]}
[0m00:57:42.197634 [debug] [MainThread]: Flushing usage events
[0m00:57:43.117273 [debug] [MainThread]: An error was encountered while trying to flush usage events
[0m00:58:33.839498 [debug] [MainThread]: Sending event: {'category': 'dbt', 'action': 'invocation', 'label': 'start', 'context': [<snowplow_tracker.self_describing_json.SelfDescribingJson object at 0x104f4b190>, <snowplow_tracker.self_describing_json.SelfDescribingJson object at 0x10515cd10>, <snowplow_tracker.self_describing_json.SelfDescribingJson object at 0x105177490>]}


============================== 00:58:33.841141 | 1f97e4cc-ad38-406b-bbe3-528351c97c21 ==============================
[0m00:58:33.841141 [info ] [MainThread]: Running with dbt=1.9.0
[0m00:58:33.841391 [debug] [MainThread]: running dbt with arguments {'printer_width': '80', 'indirect_selection': 'eager', 'write_json': 'True', 'log_cache_events': 'False', 'partial_parse': 'True', 'cache_selected_only': 'False', 'profiles_dir': '/Users/sakshirai/.dbt', 'debug': 'False', 'version_check': 'True', 'log_path': '/Users/sakshirai/Desktop/netflixanalysis/netflix_analysis/logs', 'warn_error': 'None', 'fail_fast': 'False', 'use_colors': 'True', 'use_experimental_parser': 'False', 'no_print': 'None', 'quiet': 'False', 'empty': 'False', 'warn_error_options': 'WarnErrorOptions(include=[], exclude=[])', 'introspect': 'True', 'static_parser': 'True', 'log_format': 'default', 'target_path': 'None', 'invocation_command': 'dbt run', 'send_anonymous_usage_stats': 'True'}
[0m00:58:33.990207 [debug] [MainThread]: Sending event: {'category': 'dbt', 'action': 'project_id', 'label': '1f97e4cc-ad38-406b-bbe3-528351c97c21', 'context': [<snowplow_tracker.self_describing_json.SelfDescribingJson object at 0x105194ed0>]}
[0m00:58:34.007673 [debug] [MainThread]: Sending event: {'category': 'dbt', 'action': 'adapter_info', 'label': '1f97e4cc-ad38-406b-bbe3-528351c97c21', 'context': [<snowplow_tracker.self_describing_json.SelfDescribingJson object at 0x104504690>]}
[0m00:58:34.008023 [info ] [MainThread]: Registered adapter: snowflake=1.9.0
[0m00:58:34.052110 [debug] [MainThread]: checksum: c99e828bba267739642b5a3ce85f17518764ea526e0e6c4fdc649171c1a66bff, vars: {}, profile: , target: , version: 1.9.0
[0m00:58:34.073205 [info ] [MainThread]: Unable to do partial parsing because of a version mismatch
[0m00:58:34.073434 [debug] [MainThread]: Sending event: {'category': 'dbt', 'action': 'partial_parser', 'label': '1f97e4cc-ad38-406b-bbe3-528351c97c21', 'context': [<snowplow_tracker.self_describing_json.SelfDescribingJson object at 0x10454a810>]}
[0m00:58:34.386276 [debug] [MainThread]: Sending event: {'category': 'dbt', 'action': 'load_project', 'label': '1f97e4cc-ad38-406b-bbe3-528351c97c21', 'context': [<snowplow_tracker.self_describing_json.SelfDescribingJson object at 0x10647d550>]}
[0m00:58:34.404902 [debug] [MainThread]: Wrote artifact WritableManifest to /Users/sakshirai/Desktop/netflixanalysis/netflix_analysis/target/manifest.json
[0m00:58:34.408131 [debug] [MainThread]: Wrote artifact SemanticManifest to /Users/sakshirai/Desktop/netflixanalysis/netflix_analysis/target/semantic_manifest.json
[0m00:58:34.412769 [debug] [MainThread]: Sending event: {'category': 'dbt', 'action': 'resource_counts', 'label': '1f97e4cc-ad38-406b-bbe3-528351c97c21', 'context': [<snowplow_tracker.self_describing_json.SelfDescribingJson object at 0x106607510>]}
[0m00:58:34.412943 [info ] [MainThread]: Found 6 models, 473 macros
[0m00:58:34.413077 [debug] [MainThread]: Sending event: {'category': 'dbt', 'action': 'runnable_timing', 'label': '1f97e4cc-ad38-406b-bbe3-528351c97c21', 'context': [<snowplow_tracker.self_describing_json.SelfDescribingJson object at 0x1064a64d0>]}
[0m00:58:34.413806 [info ] [MainThread]: 
[0m00:58:34.413928 [info ] [MainThread]: Concurrency: 1 threads (target='dev')
[0m00:58:34.414023 [info ] [MainThread]: 
[0m00:58:34.414194 [debug] [MainThread]: Acquiring new snowflake connection 'master'
[0m00:58:34.415868 [debug] [ThreadPool]: Acquiring new snowflake connection 'list_MOVIELENS'
[0m00:58:34.438175 [debug] [ThreadPool]: Using snowflake connection "list_MOVIELENS"
[0m00:58:34.438348 [debug] [ThreadPool]: On list_MOVIELENS: /* {"app": "dbt", "dbt_version": "1.9.0", "profile_name": "netflix_analysis", "target_name": "dev", "connection_name": "list_MOVIELENS"} */
show terse schemas in database MOVIELENS
    limit 10000
[0m00:58:34.438449 [debug] [ThreadPool]: Opening a new connection, currently in state init
[0m00:58:35.286751 [debug] [ThreadPool]: SQL status: SUCCESS 3 in 0.848 seconds
[0m00:58:35.290598 [debug] [ThreadPool]: Re-using an available connection from the pool (formerly list_MOVIELENS, now list_MOVIELENS_RAW)
[0m00:58:35.302717 [debug] [ThreadPool]: Using snowflake connection "list_MOVIELENS_RAW"
[0m00:58:35.303231 [debug] [ThreadPool]: On list_MOVIELENS_RAW: /* {"app": "dbt", "dbt_version": "1.9.0", "profile_name": "netflix_analysis", "target_name": "dev", "connection_name": "list_MOVIELENS_RAW"} */
show objects in MOVIELENS.RAW limit 10000;
[0m00:58:35.446129 [debug] [ThreadPool]: SQL status: SUCCESS 7 in 0.142 seconds
[0m00:58:35.451160 [debug] [MainThread]: Sending event: {'category': 'dbt', 'action': 'runnable_timing', 'label': '1f97e4cc-ad38-406b-bbe3-528351c97c21', 'context': [<snowplow_tracker.self_describing_json.SelfDescribingJson object at 0x10661ffd0>]}
[0m00:58:35.453105 [debug] [Thread-1 (]: Began running node model.netflix_analysis.src_genome_scores
[0m00:58:35.453669 [info ] [Thread-1 (]: 1 of 6 START sql view model RAW.src_genome_scores .............................. [RUN]
[0m00:58:35.454190 [debug] [Thread-1 (]: Re-using an available connection from the pool (formerly list_MOVIELENS_RAW, now model.netflix_analysis.src_genome_scores)
[0m00:58:35.454625 [debug] [Thread-1 (]: Began compiling node model.netflix_analysis.src_genome_scores
[0m00:58:35.460892 [debug] [Thread-1 (]: Writing injected SQL for node "model.netflix_analysis.src_genome_scores"
[0m00:58:35.461728 [debug] [Thread-1 (]: Began executing node model.netflix_analysis.src_genome_scores
[0m00:58:35.481151 [debug] [Thread-1 (]: Writing runtime sql for node "model.netflix_analysis.src_genome_scores"
[0m00:58:35.481847 [debug] [Thread-1 (]: Using snowflake connection "model.netflix_analysis.src_genome_scores"
[0m00:58:35.482049 [debug] [Thread-1 (]: On model.netflix_analysis.src_genome_scores: /* {"app": "dbt", "dbt_version": "1.9.0", "profile_name": "netflix_analysis", "target_name": "dev", "node_id": "model.netflix_analysis.src_genome_scores"} */
create or replace   view MOVIELENS.RAW.src_genome_scores
  
   as (
    WITH raw_genome_scores AS(
    SELECT * 
    FROM MOVIELENS.RAW.RAW_GENOME_SCORES
)

SELECT 
    movieID as movie_id,
    tagID as tag_id,
    relevance
FROM raw_genome_scores
  );
[0m00:58:35.689276 [debug] [Thread-1 (]: SQL status: SUCCESS 1 in 0.207 seconds
[0m00:58:35.713579 [debug] [Thread-1 (]: Sending event: {'category': 'dbt', 'action': 'run_model', 'label': '1f97e4cc-ad38-406b-bbe3-528351c97c21', 'context': [<snowplow_tracker.self_describing_json.SelfDescribingJson object at 0x10cdfc310>]}
[0m00:58:35.714210 [info ] [Thread-1 (]: 1 of 6 OK created sql view model RAW.src_genome_scores ......................... [[32mSUCCESS 1[0m in 0.26s]
[0m00:58:35.714689 [debug] [Thread-1 (]: Finished running node model.netflix_analysis.src_genome_scores
[0m00:58:35.715010 [debug] [Thread-1 (]: Began running node model.netflix_analysis.src_genome_tags
[0m00:58:35.715453 [info ] [Thread-1 (]: 2 of 6 START sql view model RAW.src_genome_tags ................................ [RUN]
[0m00:58:35.715847 [debug] [Thread-1 (]: Re-using an available connection from the pool (formerly model.netflix_analysis.src_genome_scores, now model.netflix_analysis.src_genome_tags)
[0m00:58:35.716136 [debug] [Thread-1 (]: Began compiling node model.netflix_analysis.src_genome_tags
[0m00:58:35.717850 [debug] [Thread-1 (]: Writing injected SQL for node "model.netflix_analysis.src_genome_tags"
[0m00:58:35.718351 [debug] [Thread-1 (]: Began executing node model.netflix_analysis.src_genome_tags
[0m00:58:35.720372 [debug] [Thread-1 (]: Writing runtime sql for node "model.netflix_analysis.src_genome_tags"
[0m00:58:35.721043 [debug] [Thread-1 (]: Using snowflake connection "model.netflix_analysis.src_genome_tags"
[0m00:58:35.721336 [debug] [Thread-1 (]: On model.netflix_analysis.src_genome_tags: /* {"app": "dbt", "dbt_version": "1.9.0", "profile_name": "netflix_analysis", "target_name": "dev", "node_id": "model.netflix_analysis.src_genome_tags"} */
create or replace   view MOVIELENS.RAW.src_genome_tags
  
   as (
    WITH raw_genome_tags AS(
    SELECT * 
    FROM MOVIELENS.RAW.RAW_GENOME_TAGS
)

SELECT 
    tagID as tag_id,
    tag
FROM raw_genome_tags
  );
[0m00:58:35.916901 [debug] [Thread-1 (]: SQL status: SUCCESS 1 in 0.195 seconds
[0m00:58:35.919876 [debug] [Thread-1 (]: Sending event: {'category': 'dbt', 'action': 'run_model', 'label': '1f97e4cc-ad38-406b-bbe3-528351c97c21', 'context': [<snowplow_tracker.self_describing_json.SelfDescribingJson object at 0x10cd85cd0>]}
[0m00:58:35.920655 [info ] [Thread-1 (]: 2 of 6 OK created sql view model RAW.src_genome_tags ........................... [[32mSUCCESS 1[0m in 0.20s]
[0m00:58:35.921189 [debug] [Thread-1 (]: Finished running node model.netflix_analysis.src_genome_tags
[0m00:58:35.921588 [debug] [Thread-1 (]: Began running node model.netflix_analysis.src_links
[0m00:58:35.922133 [info ] [Thread-1 (]: 3 of 6 START sql view model RAW.src_links ...................................... [RUN]
[0m00:58:35.922605 [debug] [Thread-1 (]: Re-using an available connection from the pool (formerly model.netflix_analysis.src_genome_tags, now model.netflix_analysis.src_links)
[0m00:58:35.923009 [debug] [Thread-1 (]: Began compiling node model.netflix_analysis.src_links
[0m00:58:35.925926 [debug] [Thread-1 (]: Writing injected SQL for node "model.netflix_analysis.src_links"
[0m00:58:35.926749 [debug] [Thread-1 (]: Began executing node model.netflix_analysis.src_links
[0m00:58:35.943010 [debug] [Thread-1 (]: Writing runtime sql for node "model.netflix_analysis.src_links"
[0m00:58:35.945309 [debug] [Thread-1 (]: Using snowflake connection "model.netflix_analysis.src_links"
[0m00:58:35.945563 [debug] [Thread-1 (]: On model.netflix_analysis.src_links: /* {"app": "dbt", "dbt_version": "1.9.0", "profile_name": "netflix_analysis", "target_name": "dev", "node_id": "model.netflix_analysis.src_links"} */
create or replace   view MOVIELENS.RAW.src_links
  
   as (
    WITH raw_links AS(
    SELECT * 
    FROM MOVIELENS.RAW.RAW_LINKS
)

SELECT 
    movieID as movie_id,
    imdbID as imdb_id,
    tmdbID as tmdb_id
FROM raw_links
  );
[0m00:58:36.148321 [debug] [Thread-1 (]: SQL status: SUCCESS 1 in 0.202 seconds
[0m00:58:36.153339 [debug] [Thread-1 (]: Sending event: {'category': 'dbt', 'action': 'run_model', 'label': '1f97e4cc-ad38-406b-bbe3-528351c97c21', 'context': [<snowplow_tracker.self_describing_json.SelfDescribingJson object at 0x10cddee10>]}
[0m00:58:36.154133 [info ] [Thread-1 (]: 3 of 6 OK created sql view model RAW.src_links ................................. [[32mSUCCESS 1[0m in 0.23s]
[0m00:58:36.154650 [debug] [Thread-1 (]: Finished running node model.netflix_analysis.src_links
[0m00:58:36.154960 [debug] [Thread-1 (]: Began running node model.netflix_analysis.src_movies
[0m00:58:36.155309 [info ] [Thread-1 (]: 4 of 6 START sql view model RAW.src_movies ..................................... [RUN]
[0m00:58:36.155787 [debug] [Thread-1 (]: Re-using an available connection from the pool (formerly model.netflix_analysis.src_links, now model.netflix_analysis.src_movies)
[0m00:58:36.156157 [debug] [Thread-1 (]: Began compiling node model.netflix_analysis.src_movies
[0m00:58:36.158155 [debug] [Thread-1 (]: Writing injected SQL for node "model.netflix_analysis.src_movies"
[0m00:58:36.158975 [debug] [Thread-1 (]: Began executing node model.netflix_analysis.src_movies
[0m00:58:36.161261 [debug] [Thread-1 (]: Writing runtime sql for node "model.netflix_analysis.src_movies"
[0m00:58:36.162069 [debug] [Thread-1 (]: Using snowflake connection "model.netflix_analysis.src_movies"
[0m00:58:36.162324 [debug] [Thread-1 (]: On model.netflix_analysis.src_movies: /* {"app": "dbt", "dbt_version": "1.9.0", "profile_name": "netflix_analysis", "target_name": "dev", "node_id": "model.netflix_analysis.src_movies"} */
create or replace   view MOVIELENS.RAW.src_movies
  
   as (
    WITH raw_movies AS(
    SELECT * 
    FROM MOVIELENS.RAW.RAW_MOVIES
)

SELECT 
    movieID as movie_id,
    title,
    genres
FROM raw_movies
  );
[0m00:58:36.357046 [debug] [Thread-1 (]: SQL status: SUCCESS 1 in 0.194 seconds
[0m00:58:36.364943 [debug] [Thread-1 (]: Sending event: {'category': 'dbt', 'action': 'run_model', 'label': '1f97e4cc-ad38-406b-bbe3-528351c97c21', 'context': [<snowplow_tracker.self_describing_json.SelfDescribingJson object at 0x106576850>]}
[0m00:58:36.365643 [info ] [Thread-1 (]: 4 of 6 OK created sql view model RAW.src_movies ................................ [[32mSUCCESS 1[0m in 0.21s]
[0m00:58:36.366105 [debug] [Thread-1 (]: Finished running node model.netflix_analysis.src_movies
[0m00:58:36.366411 [debug] [Thread-1 (]: Began running node model.netflix_analysis.src_ratings
[0m00:58:36.366830 [info ] [Thread-1 (]: 5 of 6 START sql view model RAW.src_ratings .................................... [RUN]
[0m00:58:36.367373 [debug] [Thread-1 (]: Re-using an available connection from the pool (formerly model.netflix_analysis.src_movies, now model.netflix_analysis.src_ratings)
[0m00:58:36.367655 [debug] [Thread-1 (]: Began compiling node model.netflix_analysis.src_ratings
[0m00:58:36.369376 [debug] [Thread-1 (]: Writing injected SQL for node "model.netflix_analysis.src_ratings"
[0m00:58:36.370029 [debug] [Thread-1 (]: Began executing node model.netflix_analysis.src_ratings
[0m00:58:36.372394 [debug] [Thread-1 (]: Writing runtime sql for node "model.netflix_analysis.src_ratings"
[0m00:58:36.373171 [debug] [Thread-1 (]: Using snowflake connection "model.netflix_analysis.src_ratings"
[0m00:58:36.373427 [debug] [Thread-1 (]: On model.netflix_analysis.src_ratings: /* {"app": "dbt", "dbt_version": "1.9.0", "profile_name": "netflix_analysis", "target_name": "dev", "node_id": "model.netflix_analysis.src_ratings"} */
create or replace   view MOVIELENS.RAW.src_ratings
  
   as (
    WITH raw_ratings AS(
    SELECT * 
    FROM MOVIELENS.RAW.RAW_RATINGS
)

SELECT 
    userID as user_id,
    movieID as movie_id,
    rating,
    TO_TIMESTAMP(timestamp) as rating_timestamp
FROM raw_ratings
  );
[0m00:58:36.565539 [debug] [Thread-1 (]: SQL status: SUCCESS 1 in 0.192 seconds
[0m00:58:36.567668 [debug] [Thread-1 (]: Sending event: {'category': 'dbt', 'action': 'run_model', 'label': '1f97e4cc-ad38-406b-bbe3-528351c97c21', 'context': [<snowplow_tracker.self_describing_json.SelfDescribingJson object at 0x10759efd0>]}
[0m00:58:36.568237 [info ] [Thread-1 (]: 5 of 6 OK created sql view model RAW.src_ratings ............................... [[32mSUCCESS 1[0m in 0.20s]
[0m00:58:36.568664 [debug] [Thread-1 (]: Finished running node model.netflix_analysis.src_ratings
[0m00:58:36.568952 [debug] [Thread-1 (]: Began running node model.netflix_analysis.src_tags
[0m00:58:36.569376 [info ] [Thread-1 (]: 6 of 6 START sql view model RAW.src_tags ....................................... [RUN]
[0m00:58:36.569760 [debug] [Thread-1 (]: Re-using an available connection from the pool (formerly model.netflix_analysis.src_ratings, now model.netflix_analysis.src_tags)
[0m00:58:36.570025 [debug] [Thread-1 (]: Began compiling node model.netflix_analysis.src_tags
[0m00:58:36.573227 [debug] [Thread-1 (]: Writing injected SQL for node "model.netflix_analysis.src_tags"
[0m00:58:36.573826 [debug] [Thread-1 (]: Began executing node model.netflix_analysis.src_tags
[0m00:58:36.576212 [debug] [Thread-1 (]: Writing runtime sql for node "model.netflix_analysis.src_tags"
[0m00:58:36.577223 [debug] [Thread-1 (]: Using snowflake connection "model.netflix_analysis.src_tags"
[0m00:58:36.577525 [debug] [Thread-1 (]: On model.netflix_analysis.src_tags: /* {"app": "dbt", "dbt_version": "1.9.0", "profile_name": "netflix_analysis", "target_name": "dev", "node_id": "model.netflix_analysis.src_tags"} */
create or replace   view MOVIELENS.RAW.src_tags
  
   as (
    WITH raw_tags AS(
    SELECT * 
    FROM MOVIELENS.RAW.RAW_TAGS
)

SELECT 
    userID as user_id,
    movieID as movie_id,
    tag,
    TO_TIMESTAMP(timestamp) as tag_timestamp
FROM raw_tags
  );
[0m00:58:36.783116 [debug] [Thread-1 (]: SQL status: SUCCESS 1 in 0.205 seconds
[0m00:58:36.786761 [debug] [Thread-1 (]: Sending event: {'category': 'dbt', 'action': 'run_model', 'label': '1f97e4cc-ad38-406b-bbe3-528351c97c21', 'context': [<snowplow_tracker.self_describing_json.SelfDescribingJson object at 0x10ce7b590>]}
[0m00:58:36.787685 [info ] [Thread-1 (]: 6 of 6 OK created sql view model RAW.src_tags .................................. [[32mSUCCESS 1[0m in 0.22s]
[0m00:58:36.788307 [debug] [Thread-1 (]: Finished running node model.netflix_analysis.src_tags
[0m00:58:36.789823 [debug] [MainThread]: Connection 'master' was properly closed.
[0m00:58:36.790169 [debug] [MainThread]: Connection 'model.netflix_analysis.src_tags' was left open.
[0m00:58:36.790472 [debug] [MainThread]: On model.netflix_analysis.src_tags: Close
[0m00:58:37.015672 [info ] [MainThread]: 
[0m00:58:37.016445 [info ] [MainThread]: Finished running 6 view models in 0 hours 0 minutes and 2.60 seconds (2.60s).
[0m00:58:37.017863 [debug] [MainThread]: Command end result
[0m00:58:37.035419 [debug] [MainThread]: Wrote artifact WritableManifest to /Users/sakshirai/Desktop/netflixanalysis/netflix_analysis/target/manifest.json
[0m00:58:37.036663 [debug] [MainThread]: Wrote artifact SemanticManifest to /Users/sakshirai/Desktop/netflixanalysis/netflix_analysis/target/semantic_manifest.json
[0m00:58:37.040439 [debug] [MainThread]: Wrote artifact RunExecutionResult to /Users/sakshirai/Desktop/netflixanalysis/netflix_analysis/target/run_results.json
[0m00:58:37.040630 [info ] [MainThread]: 
[0m00:58:37.040839 [info ] [MainThread]: [32mCompleted successfully[0m
[0m00:58:37.040991 [info ] [MainThread]: 
[0m00:58:37.041160 [info ] [MainThread]: Done. PASS=6 WARN=0 ERROR=0 SKIP=0 TOTAL=6
[0m00:58:37.043052 [debug] [MainThread]: Resource report: {"command_name": "run", "command_success": true, "command_wall_clock_time": 3.226243, "process_in_blocks": "0", "process_kernel_time": 0.199523, "process_mem_max_rss": "175292416", "process_out_blocks": "0", "process_user_time": 1.296235}
[0m00:58:37.043288 [debug] [MainThread]: Command `dbt run` succeeded at 00:58:37.043243 after 3.23 seconds
[0m00:58:37.043485 [debug] [MainThread]: Sending event: {'category': 'dbt', 'action': 'invocation', 'label': 'end', 'context': [<snowplow_tracker.self_describing_json.SelfDescribingJson object at 0x105176e90>, <snowplow_tracker.self_describing_json.SelfDescribingJson object at 0x105177590>, <snowplow_tracker.self_describing_json.SelfDescribingJson object at 0x100a02050>]}
[0m00:58:37.043677 [debug] [MainThread]: Flushing usage events
[0m00:58:38.167907 [debug] [MainThread]: An error was encountered while trying to flush usage events
[0m01:10:34.495469 [debug] [MainThread]: Sending event: {'category': 'dbt', 'action': 'invocation', 'label': 'start', 'context': [<snowplow_tracker.self_describing_json.SelfDescribingJson object at 0x109383990>, <snowplow_tracker.self_describing_json.SelfDescribingJson object at 0x1093dcd10>, <snowplow_tracker.self_describing_json.SelfDescribingJson object at 0x1093f3810>]}


============================== 01:10:34.497870 | 36b630ab-04c7-4891-97be-b2e4bf2d3c53 ==============================
[0m01:10:34.497870 [info ] [MainThread]: Running with dbt=1.9.0
[0m01:10:34.498133 [debug] [MainThread]: running dbt with arguments {'printer_width': '80', 'indirect_selection': 'eager', 'write_json': 'True', 'log_cache_events': 'False', 'partial_parse': 'True', 'cache_selected_only': 'False', 'profiles_dir': '/Users/sakshirai/.dbt', 'debug': 'False', 'fail_fast': 'False', 'log_path': '/Users/sakshirai/Desktop/netflixanalysis/netflix_analysis/logs', 'warn_error': 'None', 'version_check': 'True', 'use_colors': 'True', 'use_experimental_parser': 'False', 'empty': 'False', 'quiet': 'False', 'no_print': 'None', 'warn_error_options': 'WarnErrorOptions(include=[], exclude=[])', 'invocation_command': 'dbt run', 'log_format': 'default', 'introspect': 'True', 'target_path': 'None', 'static_parser': 'True', 'send_anonymous_usage_stats': 'True'}
[0m01:10:34.722264 [debug] [MainThread]: Sending event: {'category': 'dbt', 'action': 'project_id', 'label': '36b630ab-04c7-4891-97be-b2e4bf2d3c53', 'context': [<snowplow_tracker.self_describing_json.SelfDescribingJson object at 0x10a30c710>]}
[0m01:10:34.739723 [debug] [MainThread]: Sending event: {'category': 'dbt', 'action': 'adapter_info', 'label': '36b630ab-04c7-4891-97be-b2e4bf2d3c53', 'context': [<snowplow_tracker.self_describing_json.SelfDescribingJson object at 0x10a103290>]}
[0m01:10:34.740309 [info ] [MainThread]: Registered adapter: snowflake=1.9.0
[0m01:10:34.789033 [debug] [MainThread]: checksum: c99e828bba267739642b5a3ce85f17518764ea526e0e6c4fdc649171c1a66bff, vars: {}, profile: , target: , version: 1.9.0
[0m01:10:34.811476 [info ] [MainThread]: Unable to do partial parsing because of a version mismatch
[0m01:10:34.811725 [debug] [MainThread]: Sending event: {'category': 'dbt', 'action': 'partial_parser', 'label': '36b630ab-04c7-4891-97be-b2e4bf2d3c53', 'context': [<snowplow_tracker.self_describing_json.SelfDescribingJson object at 0x108ee7690>]}
[0m01:10:35.134301 [debug] [MainThread]: Sending event: {'category': 'dbt', 'action': 'load_project', 'label': '36b630ab-04c7-4891-97be-b2e4bf2d3c53', 'context': [<snowplow_tracker.self_describing_json.SelfDescribingJson object at 0x10a5414d0>]}
[0m01:10:35.153543 [debug] [MainThread]: Wrote artifact WritableManifest to /Users/sakshirai/Desktop/netflixanalysis/netflix_analysis/target/manifest.json
[0m01:10:35.159233 [debug] [MainThread]: Wrote artifact SemanticManifest to /Users/sakshirai/Desktop/netflixanalysis/netflix_analysis/target/semantic_manifest.json
[0m01:10:35.169228 [debug] [MainThread]: Sending event: {'category': 'dbt', 'action': 'resource_counts', 'label': '36b630ab-04c7-4891-97be-b2e4bf2d3c53', 'context': [<snowplow_tracker.self_describing_json.SelfDescribingJson object at 0x10a8d3f10>]}
[0m01:10:35.169413 [info ] [MainThread]: Found 7 models, 473 macros
[0m01:10:35.169548 [debug] [MainThread]: Sending event: {'category': 'dbt', 'action': 'runnable_timing', 'label': '36b630ab-04c7-4891-97be-b2e4bf2d3c53', 'context': [<snowplow_tracker.self_describing_json.SelfDescribingJson object at 0x10a7cd7d0>]}
[0m01:10:35.170296 [info ] [MainThread]: 
[0m01:10:35.170427 [info ] [MainThread]: Concurrency: 1 threads (target='dev')
[0m01:10:35.170521 [info ] [MainThread]: 
[0m01:10:35.170688 [debug] [MainThread]: Acquiring new snowflake connection 'master'
[0m01:10:35.172278 [debug] [ThreadPool]: Acquiring new snowflake connection 'list_MOVIELENS'
[0m01:10:35.196370 [debug] [ThreadPool]: Using snowflake connection "list_MOVIELENS"
[0m01:10:35.196533 [debug] [ThreadPool]: On list_MOVIELENS: /* {"app": "dbt", "dbt_version": "1.9.0", "profile_name": "netflix_analysis", "target_name": "dev", "connection_name": "list_MOVIELENS"} */
show terse schemas in database MOVIELENS
    limit 10000
[0m01:10:35.196628 [debug] [ThreadPool]: Opening a new connection, currently in state init
[0m01:10:36.066688 [debug] [ThreadPool]: SQL status: SUCCESS 3 in 0.870 seconds
[0m01:10:36.070812 [debug] [ThreadPool]: Re-using an available connection from the pool (formerly list_MOVIELENS, now list_MOVIELENS_RAW)
[0m01:10:36.082717 [debug] [ThreadPool]: Using snowflake connection "list_MOVIELENS_RAW"
[0m01:10:36.083199 [debug] [ThreadPool]: On list_MOVIELENS_RAW: /* {"app": "dbt", "dbt_version": "1.9.0", "profile_name": "netflix_analysis", "target_name": "dev", "connection_name": "list_MOVIELENS_RAW"} */
show objects in MOVIELENS.RAW limit 10000;
[0m01:10:36.233484 [debug] [ThreadPool]: SQL status: SUCCESS 12 in 0.150 seconds
[0m01:10:36.239141 [debug] [MainThread]: Sending event: {'category': 'dbt', 'action': 'runnable_timing', 'label': '36b630ab-04c7-4891-97be-b2e4bf2d3c53', 'context': [<snowplow_tracker.self_describing_json.SelfDescribingJson object at 0x10a91d7d0>]}
[0m01:10:36.241043 [debug] [Thread-1 (]: Began running node model.netflix_analysis.src_genome_scores
[0m01:10:36.241623 [info ] [Thread-1 (]: 1 of 7 START sql view model RAW.src_genome_scores .............................. [RUN]
[0m01:10:36.242124 [debug] [Thread-1 (]: Re-using an available connection from the pool (formerly list_MOVIELENS_RAW, now model.netflix_analysis.src_genome_scores)
[0m01:10:36.242490 [debug] [Thread-1 (]: Began compiling node model.netflix_analysis.src_genome_scores
[0m01:10:36.249470 [debug] [Thread-1 (]: Writing injected SQL for node "model.netflix_analysis.src_genome_scores"
[0m01:10:36.250618 [debug] [Thread-1 (]: Began executing node model.netflix_analysis.src_genome_scores
[0m01:10:36.270508 [debug] [Thread-1 (]: Writing runtime sql for node "model.netflix_analysis.src_genome_scores"
[0m01:10:36.271284 [debug] [Thread-1 (]: Using snowflake connection "model.netflix_analysis.src_genome_scores"
[0m01:10:36.271495 [debug] [Thread-1 (]: On model.netflix_analysis.src_genome_scores: /* {"app": "dbt", "dbt_version": "1.9.0", "profile_name": "netflix_analysis", "target_name": "dev", "node_id": "model.netflix_analysis.src_genome_scores"} */
create or replace   view MOVIELENS.RAW.src_genome_scores
  
   as (
    WITH raw_genome_scores AS(
    SELECT * 
    FROM MOVIELENS.RAW.RAW_GENOME_SCORES
)

SELECT 
    movieID as movie_id,
    tagID as tag_id,
    relevance
FROM raw_genome_scores
  );
[0m01:10:36.473165 [debug] [Thread-1 (]: SQL status: SUCCESS 1 in 0.201 seconds
[0m01:10:36.501212 [debug] [Thread-1 (]: Sending event: {'category': 'dbt', 'action': 'run_model', 'label': '36b630ab-04c7-4891-97be-b2e4bf2d3c53', 'context': [<snowplow_tracker.self_describing_json.SelfDescribingJson object at 0x10a301d90>]}
[0m01:10:36.501802 [info ] [Thread-1 (]: 1 of 7 OK created sql view model RAW.src_genome_scores ......................... [[32mSUCCESS 1[0m in 0.26s]
[0m01:10:36.502222 [debug] [Thread-1 (]: Finished running node model.netflix_analysis.src_genome_scores
[0m01:10:36.502499 [debug] [Thread-1 (]: Began running node model.netflix_analysis.src_genome_tags
[0m01:10:36.502844 [info ] [Thread-1 (]: 2 of 7 START sql view model RAW.src_genome_tags ................................ [RUN]
[0m01:10:36.503162 [debug] [Thread-1 (]: Re-using an available connection from the pool (formerly model.netflix_analysis.src_genome_scores, now model.netflix_analysis.src_genome_tags)
[0m01:10:36.503396 [debug] [Thread-1 (]: Began compiling node model.netflix_analysis.src_genome_tags
[0m01:10:36.505134 [debug] [Thread-1 (]: Writing injected SQL for node "model.netflix_analysis.src_genome_tags"
[0m01:10:36.505705 [debug] [Thread-1 (]: Began executing node model.netflix_analysis.src_genome_tags
[0m01:10:36.507650 [debug] [Thread-1 (]: Writing runtime sql for node "model.netflix_analysis.src_genome_tags"
[0m01:10:36.508319 [debug] [Thread-1 (]: Using snowflake connection "model.netflix_analysis.src_genome_tags"
[0m01:10:36.508623 [debug] [Thread-1 (]: On model.netflix_analysis.src_genome_tags: /* {"app": "dbt", "dbt_version": "1.9.0", "profile_name": "netflix_analysis", "target_name": "dev", "node_id": "model.netflix_analysis.src_genome_tags"} */
create or replace   view MOVIELENS.RAW.src_genome_tags
  
   as (
    WITH raw_genome_tags AS(
    SELECT * 
    FROM MOVIELENS.RAW.RAW_GENOME_TAGS
)

SELECT 
    tagID as tag_id,
    tag
FROM raw_genome_tags
  );
[0m01:10:36.694522 [debug] [Thread-1 (]: SQL status: SUCCESS 1 in 0.185 seconds
[0m01:10:36.698675 [debug] [Thread-1 (]: Sending event: {'category': 'dbt', 'action': 'run_model', 'label': '36b630ab-04c7-4891-97be-b2e4bf2d3c53', 'context': [<snowplow_tracker.self_describing_json.SelfDescribingJson object at 0x10a905050>]}
[0m01:10:36.699590 [info ] [Thread-1 (]: 2 of 7 OK created sql view model RAW.src_genome_tags ........................... [[32mSUCCESS 1[0m in 0.20s]
[0m01:10:36.700166 [debug] [Thread-1 (]: Finished running node model.netflix_analysis.src_genome_tags
[0m01:10:36.700595 [debug] [Thread-1 (]: Began running node model.netflix_analysis.src_links
[0m01:10:36.701273 [info ] [Thread-1 (]: 3 of 7 START sql view model RAW.src_links ...................................... [RUN]
[0m01:10:36.701930 [debug] [Thread-1 (]: Re-using an available connection from the pool (formerly model.netflix_analysis.src_genome_tags, now model.netflix_analysis.src_links)
[0m01:10:36.702452 [debug] [Thread-1 (]: Began compiling node model.netflix_analysis.src_links
[0m01:10:36.706004 [debug] [Thread-1 (]: Writing injected SQL for node "model.netflix_analysis.src_links"
[0m01:10:36.708371 [debug] [Thread-1 (]: Began executing node model.netflix_analysis.src_links
[0m01:10:36.713288 [debug] [Thread-1 (]: Writing runtime sql for node "model.netflix_analysis.src_links"
[0m01:10:36.714578 [debug] [Thread-1 (]: Using snowflake connection "model.netflix_analysis.src_links"
[0m01:10:36.714917 [debug] [Thread-1 (]: On model.netflix_analysis.src_links: /* {"app": "dbt", "dbt_version": "1.9.0", "profile_name": "netflix_analysis", "target_name": "dev", "node_id": "model.netflix_analysis.src_links"} */
create or replace   view MOVIELENS.RAW.src_links
  
   as (
    WITH raw_links AS(
    SELECT * 
    FROM MOVIELENS.RAW.RAW_LINKS
)

SELECT 
    movieID as movie_id,
    imdbID as imdb_id,
    tmdbID as tmdb_id
FROM raw_links
  );
[0m01:10:36.903993 [debug] [Thread-1 (]: SQL status: SUCCESS 1 in 0.189 seconds
[0m01:10:36.908109 [debug] [Thread-1 (]: Sending event: {'category': 'dbt', 'action': 'run_model', 'label': '36b630ab-04c7-4891-97be-b2e4bf2d3c53', 'context': [<snowplow_tracker.self_describing_json.SelfDescribingJson object at 0x10a8e6250>]}
[0m01:10:36.909162 [info ] [Thread-1 (]: 3 of 7 OK created sql view model RAW.src_links ................................. [[32mSUCCESS 1[0m in 0.21s]
[0m01:10:36.909891 [debug] [Thread-1 (]: Finished running node model.netflix_analysis.src_links
[0m01:10:36.910408 [debug] [Thread-1 (]: Began running node model.netflix_analysis.src_movies
[0m01:10:36.911299 [info ] [Thread-1 (]: 4 of 7 START sql view model RAW.src_movies ..................................... [RUN]
[0m01:10:36.912011 [debug] [Thread-1 (]: Re-using an available connection from the pool (formerly model.netflix_analysis.src_links, now model.netflix_analysis.src_movies)
[0m01:10:36.912402 [debug] [Thread-1 (]: Began compiling node model.netflix_analysis.src_movies
[0m01:10:36.915522 [debug] [Thread-1 (]: Writing injected SQL for node "model.netflix_analysis.src_movies"
[0m01:10:36.916804 [debug] [Thread-1 (]: Began executing node model.netflix_analysis.src_movies
[0m01:10:36.920987 [debug] [Thread-1 (]: Writing runtime sql for node "model.netflix_analysis.src_movies"
[0m01:10:36.922114 [debug] [Thread-1 (]: Using snowflake connection "model.netflix_analysis.src_movies"
[0m01:10:36.923020 [debug] [Thread-1 (]: On model.netflix_analysis.src_movies: /* {"app": "dbt", "dbt_version": "1.9.0", "profile_name": "netflix_analysis", "target_name": "dev", "node_id": "model.netflix_analysis.src_movies"} */
create or replace   view MOVIELENS.RAW.src_movies
  
   as (
    WITH raw_movies AS(
    SELECT * 
    FROM MOVIELENS.RAW.RAW_MOVIES
)

SELECT 
    movieID as movie_id,
    title,
    genres
FROM raw_movies
  );
[0m01:10:37.117989 [debug] [Thread-1 (]: SQL status: SUCCESS 1 in 0.194 seconds
[0m01:10:37.121597 [debug] [Thread-1 (]: Sending event: {'category': 'dbt', 'action': 'run_model', 'label': '36b630ab-04c7-4891-97be-b2e4bf2d3c53', 'context': [<snowplow_tracker.self_describing_json.SelfDescribingJson object at 0x10a8fbf10>]}
[0m01:10:37.122581 [info ] [Thread-1 (]: 4 of 7 OK created sql view model RAW.src_movies ................................ [[32mSUCCESS 1[0m in 0.21s]
[0m01:10:37.123214 [debug] [Thread-1 (]: Finished running node model.netflix_analysis.src_movies
[0m01:10:37.123663 [debug] [Thread-1 (]: Began running node model.netflix_analysis.src_ratings
[0m01:10:37.124470 [info ] [Thread-1 (]: 5 of 7 START sql view model RAW.src_ratings .................................... [RUN]
[0m01:10:37.125058 [debug] [Thread-1 (]: Re-using an available connection from the pool (formerly model.netflix_analysis.src_movies, now model.netflix_analysis.src_ratings)
[0m01:10:37.125402 [debug] [Thread-1 (]: Began compiling node model.netflix_analysis.src_ratings
[0m01:10:37.128353 [debug] [Thread-1 (]: Writing injected SQL for node "model.netflix_analysis.src_ratings"
[0m01:10:37.129597 [debug] [Thread-1 (]: Began executing node model.netflix_analysis.src_ratings
[0m01:10:37.134246 [debug] [Thread-1 (]: Writing runtime sql for node "model.netflix_analysis.src_ratings"
[0m01:10:37.136555 [debug] [Thread-1 (]: Using snowflake connection "model.netflix_analysis.src_ratings"
[0m01:10:37.137036 [debug] [Thread-1 (]: On model.netflix_analysis.src_ratings: /* {"app": "dbt", "dbt_version": "1.9.0", "profile_name": "netflix_analysis", "target_name": "dev", "node_id": "model.netflix_analysis.src_ratings"} */
create or replace   view MOVIELENS.RAW.src_ratings
  
   as (
    WITH raw_ratings AS(
    SELECT * 
    FROM MOVIELENS.RAW.RAW_RATINGS
)

SELECT 
    userID as user_id,
    movieID as movie_id,
    rating,
    TO_TIMESTAMP(timestamp) as rating_timestamp
FROM raw_ratings
  );
[0m01:10:37.325384 [debug] [Thread-1 (]: SQL status: SUCCESS 1 in 0.188 seconds
[0m01:10:37.328418 [debug] [Thread-1 (]: Sending event: {'category': 'dbt', 'action': 'run_model', 'label': '36b630ab-04c7-4891-97be-b2e4bf2d3c53', 'context': [<snowplow_tracker.self_describing_json.SelfDescribingJson object at 0x10bf06490>]}
[0m01:10:37.329191 [info ] [Thread-1 (]: 5 of 7 OK created sql view model RAW.src_ratings ............................... [[32mSUCCESS 1[0m in 0.20s]
[0m01:10:37.329725 [debug] [Thread-1 (]: Finished running node model.netflix_analysis.src_ratings
[0m01:10:37.330072 [debug] [Thread-1 (]: Began running node model.netflix_analysis.src_tags
[0m01:10:37.330554 [info ] [Thread-1 (]: 6 of 7 START sql view model RAW.src_tags ....................................... [RUN]
[0m01:10:37.330943 [debug] [Thread-1 (]: Re-using an available connection from the pool (formerly model.netflix_analysis.src_ratings, now model.netflix_analysis.src_tags)
[0m01:10:37.331202 [debug] [Thread-1 (]: Began compiling node model.netflix_analysis.src_tags
[0m01:10:37.336827 [debug] [Thread-1 (]: Writing injected SQL for node "model.netflix_analysis.src_tags"
[0m01:10:37.337985 [debug] [Thread-1 (]: Began executing node model.netflix_analysis.src_tags
[0m01:10:37.342388 [debug] [Thread-1 (]: Writing runtime sql for node "model.netflix_analysis.src_tags"
[0m01:10:37.344063 [debug] [Thread-1 (]: Using snowflake connection "model.netflix_analysis.src_tags"
[0m01:10:37.344440 [debug] [Thread-1 (]: On model.netflix_analysis.src_tags: /* {"app": "dbt", "dbt_version": "1.9.0", "profile_name": "netflix_analysis", "target_name": "dev", "node_id": "model.netflix_analysis.src_tags"} */
create or replace   view MOVIELENS.RAW.src_tags
  
   as (
    WITH raw_tags AS(
    SELECT * 
    FROM MOVIELENS.RAW.RAW_TAGS
)

SELECT 
    userID as user_id,
    movieID as movie_id,
    tag,
    TO_TIMESTAMP(timestamp) as tag_timestamp
FROM raw_tags
  );
[0m01:10:37.524841 [debug] [Thread-1 (]: SQL status: SUCCESS 1 in 0.180 seconds
[0m01:10:37.528926 [debug] [Thread-1 (]: Sending event: {'category': 'dbt', 'action': 'run_model', 'label': '36b630ab-04c7-4891-97be-b2e4bf2d3c53', 'context': [<snowplow_tracker.self_describing_json.SelfDescribingJson object at 0x10b7fefd0>]}
[0m01:10:37.529834 [info ] [Thread-1 (]: 6 of 7 OK created sql view model RAW.src_tags .................................. [[32mSUCCESS 1[0m in 0.20s]
[0m01:10:37.530428 [debug] [Thread-1 (]: Finished running node model.netflix_analysis.src_tags
[0m01:10:37.530812 [debug] [Thread-1 (]: Began running node model.netflix_analysis.dim_movies
[0m01:10:37.531361 [info ] [Thread-1 (]: 7 of 7 START sql table model RAW.dim_movies .................................... [RUN]
[0m01:10:37.531881 [debug] [Thread-1 (]: Re-using an available connection from the pool (formerly model.netflix_analysis.src_tags, now model.netflix_analysis.dim_movies)
[0m01:10:37.532214 [debug] [Thread-1 (]: Began compiling node model.netflix_analysis.dim_movies
[0m01:10:37.536185 [debug] [Thread-1 (]: Writing injected SQL for node "model.netflix_analysis.dim_movies"
[0m01:10:37.537253 [debug] [Thread-1 (]: Began executing node model.netflix_analysis.dim_movies
[0m01:10:37.555195 [debug] [Thread-1 (]: Writing runtime sql for node "model.netflix_analysis.dim_movies"
[0m01:10:37.556336 [debug] [Thread-1 (]: Using snowflake connection "model.netflix_analysis.dim_movies"
[0m01:10:37.556578 [debug] [Thread-1 (]: On model.netflix_analysis.dim_movies: /* {"app": "dbt", "dbt_version": "1.9.0", "profile_name": "netflix_analysis", "target_name": "dev", "node_id": "model.netflix_analysis.dim_movies"} */
create or replace transient table MOVIELENS.RAW.dim_movies
         as
        (WITH src_movies AS(
    SELECT * 
    FROM MOVIELENS.RAW.src_movies
)

SELECT
    movie_id,
    INITCAP(TRIM(title)) AS movie_title,
    SPLIT(genres, '|') as genre_array,
    genres
FROM src_movies
        );
[0m01:10:38.560882 [debug] [Thread-1 (]: SQL status: SUCCESS 1 in 1.004 seconds
[0m01:10:38.565652 [debug] [Thread-1 (]: Sending event: {'category': 'dbt', 'action': 'run_model', 'label': '36b630ab-04c7-4891-97be-b2e4bf2d3c53', 'context': [<snowplow_tracker.self_describing_json.SelfDescribingJson object at 0x10bf03f90>]}
[0m01:10:38.566368 [info ] [Thread-1 (]: 7 of 7 OK created sql table model RAW.dim_movies ............................... [[32mSUCCESS 1[0m in 1.03s]
[0m01:10:38.566859 [debug] [Thread-1 (]: Finished running node model.netflix_analysis.dim_movies
[0m01:10:38.567998 [debug] [MainThread]: Connection 'master' was properly closed.
[0m01:10:38.568347 [debug] [MainThread]: Connection 'model.netflix_analysis.dim_movies' was left open.
[0m01:10:38.568613 [debug] [MainThread]: On model.netflix_analysis.dim_movies: Close
[0m01:10:38.781024 [info ] [MainThread]: 
[0m01:10:38.781378 [info ] [MainThread]: Finished running 1 table model, 6 view models in 0 hours 0 minutes and 3.61 seconds (3.61s).
[0m01:10:38.782045 [debug] [MainThread]: Command end result
[0m01:10:38.796470 [debug] [MainThread]: Wrote artifact WritableManifest to /Users/sakshirai/Desktop/netflixanalysis/netflix_analysis/target/manifest.json
[0m01:10:38.797495 [debug] [MainThread]: Wrote artifact SemanticManifest to /Users/sakshirai/Desktop/netflixanalysis/netflix_analysis/target/semantic_manifest.json
[0m01:10:38.800364 [debug] [MainThread]: Wrote artifact RunExecutionResult to /Users/sakshirai/Desktop/netflixanalysis/netflix_analysis/target/run_results.json
[0m01:10:38.800516 [info ] [MainThread]: 
[0m01:10:38.800695 [info ] [MainThread]: [32mCompleted successfully[0m
[0m01:10:38.800827 [info ] [MainThread]: 
[0m01:10:38.800967 [info ] [MainThread]: Done. PASS=7 WARN=0 ERROR=0 SKIP=0 TOTAL=7
[0m01:10:38.803246 [debug] [MainThread]: Resource report: {"command_name": "run", "command_success": true, "command_wall_clock_time": 4.335987, "process_in_blocks": "0", "process_kernel_time": 0.257766, "process_mem_max_rss": "175783936", "process_out_blocks": "0", "process_user_time": 1.337625}
[0m01:10:38.803454 [debug] [MainThread]: Command `dbt run` succeeded at 01:10:38.803416 after 4.34 seconds
[0m01:10:38.803622 [debug] [MainThread]: Sending event: {'category': 'dbt', 'action': 'invocation', 'label': 'end', 'context': [<snowplow_tracker.self_describing_json.SelfDescribingJson object at 0x10940ffd0>, <snowplow_tracker.self_describing_json.SelfDescribingJson object at 0x10940fd10>, <snowplow_tracker.self_describing_json.SelfDescribingJson object at 0x104cae010>]}
[0m01:10:38.803781 [debug] [MainThread]: Flushing usage events
[0m01:10:40.053370 [debug] [MainThread]: An error was encountered while trying to flush usage events
[0m01:17:45.132537 [debug] [MainThread]: Sending event: {'category': 'dbt', 'action': 'invocation', 'label': 'start', 'context': [<snowplow_tracker.self_describing_json.SelfDescribingJson object at 0x106aebc50>, <snowplow_tracker.self_describing_json.SelfDescribingJson object at 0x106b53010>, <snowplow_tracker.self_describing_json.SelfDescribingJson object at 0x106b53ad0>]}


============================== 01:17:45.134933 | 59b8eb55-b24d-482c-a229-1961cbfaeab2 ==============================
[0m01:17:45.134933 [info ] [MainThread]: Running with dbt=1.9.0
[0m01:17:45.135174 [debug] [MainThread]: running dbt with arguments {'printer_width': '80', 'indirect_selection': 'eager', 'log_cache_events': 'False', 'write_json': 'True', 'partial_parse': 'True', 'cache_selected_only': 'False', 'profiles_dir': '/Users/sakshirai/.dbt', 'fail_fast': 'False', 'warn_error': 'None', 'log_path': '/Users/sakshirai/Desktop/netflixanalysis/netflix_analysis/logs', 'version_check': 'True', 'debug': 'False', 'use_colors': 'True', 'use_experimental_parser': 'False', 'empty': 'False', 'quiet': 'False', 'no_print': 'None', 'warn_error_options': 'WarnErrorOptions(include=[], exclude=[])', 'static_parser': 'True', 'invocation_command': 'dbt run', 'log_format': 'default', 'target_path': 'None', 'introspect': 'True', 'send_anonymous_usage_stats': 'True'}
[0m01:17:45.351793 [debug] [MainThread]: Sending event: {'category': 'dbt', 'action': 'project_id', 'label': '59b8eb55-b24d-482c-a229-1961cbfaeab2', 'context': [<snowplow_tracker.self_describing_json.SelfDescribingJson object at 0x106545a10>]}
[0m01:17:45.368925 [debug] [MainThread]: Sending event: {'category': 'dbt', 'action': 'adapter_info', 'label': '59b8eb55-b24d-482c-a229-1961cbfaeab2', 'context': [<snowplow_tracker.self_describing_json.SelfDescribingJson object at 0x105ad0550>]}
[0m01:17:45.369566 [info ] [MainThread]: Registered adapter: snowflake=1.9.0
[0m01:17:45.418687 [debug] [MainThread]: checksum: c99e828bba267739642b5a3ce85f17518764ea526e0e6c4fdc649171c1a66bff, vars: {}, profile: , target: , version: 1.9.0
[0m01:17:45.440501 [info ] [MainThread]: Unable to do partial parsing because of a version mismatch
[0m01:17:45.440739 [debug] [MainThread]: Sending event: {'category': 'dbt', 'action': 'partial_parser', 'label': '59b8eb55-b24d-482c-a229-1961cbfaeab2', 'context': [<snowplow_tracker.self_describing_json.SelfDescribingJson object at 0x1065478d0>]}
[0m01:17:45.766067 [debug] [MainThread]: Sending event: {'category': 'dbt', 'action': 'load_project', 'label': '59b8eb55-b24d-482c-a229-1961cbfaeab2', 'context': [<snowplow_tracker.self_describing_json.SelfDescribingJson object at 0x1194c0ad0>]}
[0m01:17:45.785216 [debug] [MainThread]: Wrote artifact WritableManifest to /Users/sakshirai/Desktop/netflixanalysis/netflix_analysis/target/manifest.json
[0m01:17:45.790858 [debug] [MainThread]: Wrote artifact SemanticManifest to /Users/sakshirai/Desktop/netflixanalysis/netflix_analysis/target/semantic_manifest.json
[0m01:17:45.800451 [debug] [MainThread]: Sending event: {'category': 'dbt', 'action': 'resource_counts', 'label': '59b8eb55-b24d-482c-a229-1961cbfaeab2', 'context': [<snowplow_tracker.self_describing_json.SelfDescribingJson object at 0x11929c8d0>]}
[0m01:17:45.800617 [info ] [MainThread]: Found 7 models, 473 macros
[0m01:17:45.800739 [debug] [MainThread]: Sending event: {'category': 'dbt', 'action': 'runnable_timing', 'label': '59b8eb55-b24d-482c-a229-1961cbfaeab2', 'context': [<snowplow_tracker.self_describing_json.SelfDescribingJson object at 0x11944fa50>]}
[0m01:17:45.801512 [info ] [MainThread]: 
[0m01:17:45.801637 [info ] [MainThread]: Concurrency: 1 threads (target='dev')
[0m01:17:45.801732 [info ] [MainThread]: 
[0m01:17:45.801902 [debug] [MainThread]: Acquiring new snowflake connection 'master'
[0m01:17:45.803497 [debug] [ThreadPool]: Acquiring new snowflake connection 'list_MOVIELENS'
[0m01:17:45.827402 [debug] [ThreadPool]: Using snowflake connection "list_MOVIELENS"
[0m01:17:45.827577 [debug] [ThreadPool]: On list_MOVIELENS: /* {"app": "dbt", "dbt_version": "1.9.0", "profile_name": "netflix_analysis", "target_name": "dev", "connection_name": "list_MOVIELENS"} */
show terse schemas in database MOVIELENS
    limit 10000
[0m01:17:45.827677 [debug] [ThreadPool]: Opening a new connection, currently in state init
[0m01:17:46.688653 [debug] [ThreadPool]: SQL status: SUCCESS 3 in 0.861 seconds
[0m01:17:46.691918 [debug] [ThreadPool]: Re-using an available connection from the pool (formerly list_MOVIELENS, now create_MOVIELENS_DEV)
[0m01:17:46.692752 [debug] [ThreadPool]: Creating schema "database: "MOVIELENS"
schema: "DEV"
"
[0m01:17:46.699815 [debug] [ThreadPool]: Using snowflake connection "create_MOVIELENS_DEV"
[0m01:17:46.700497 [debug] [ThreadPool]: On create_MOVIELENS_DEV: /* {"app": "dbt", "dbt_version": "1.9.0", "profile_name": "netflix_analysis", "target_name": "dev", "connection_name": "create_MOVIELENS_DEV"} */
create schema if not exists MOVIELENS.DEV
[0m01:17:46.882049 [debug] [ThreadPool]: SQL status: SUCCESS 1 in 0.181 seconds
[0m01:17:46.885633 [debug] [ThreadPool]: Re-using an available connection from the pool (formerly create_MOVIELENS_DEV, now list_MOVIELENS_DEV)
[0m01:17:46.898056 [debug] [ThreadPool]: Using snowflake connection "list_MOVIELENS_DEV"
[0m01:17:46.898561 [debug] [ThreadPool]: On list_MOVIELENS_DEV: /* {"app": "dbt", "dbt_version": "1.9.0", "profile_name": "netflix_analysis", "target_name": "dev", "connection_name": "list_MOVIELENS_DEV"} */
show objects in MOVIELENS.DEV limit 10000;
[0m01:17:47.025656 [debug] [ThreadPool]: SQL status: SUCCESS 0 in 0.127 seconds
[0m01:17:47.028749 [debug] [MainThread]: Sending event: {'category': 'dbt', 'action': 'runnable_timing', 'label': '59b8eb55-b24d-482c-a229-1961cbfaeab2', 'context': [<snowplow_tracker.self_describing_json.SelfDescribingJson object at 0x119712190>]}
[0m01:17:47.031242 [debug] [Thread-1 (]: Began running node model.netflix_analysis.src_genome_scores
[0m01:17:47.032082 [info ] [Thread-1 (]: 1 of 7 START sql view model DEV.src_genome_scores .............................. [RUN]
[0m01:17:47.032653 [debug] [Thread-1 (]: Re-using an available connection from the pool (formerly list_MOVIELENS_DEV, now model.netflix_analysis.src_genome_scores)
[0m01:17:47.033044 [debug] [Thread-1 (]: Began compiling node model.netflix_analysis.src_genome_scores
[0m01:17:47.040973 [debug] [Thread-1 (]: Writing injected SQL for node "model.netflix_analysis.src_genome_scores"
[0m01:17:47.042236 [debug] [Thread-1 (]: Began executing node model.netflix_analysis.src_genome_scores
[0m01:17:47.065268 [debug] [Thread-1 (]: Writing runtime sql for node "model.netflix_analysis.src_genome_scores"
[0m01:17:47.066144 [debug] [Thread-1 (]: Using snowflake connection "model.netflix_analysis.src_genome_scores"
[0m01:17:47.066374 [debug] [Thread-1 (]: On model.netflix_analysis.src_genome_scores: /* {"app": "dbt", "dbt_version": "1.9.0", "profile_name": "netflix_analysis", "target_name": "dev", "node_id": "model.netflix_analysis.src_genome_scores"} */
create or replace   view MOVIELENS.DEV.src_genome_scores
  
   as (
    WITH raw_genome_scores AS(
    SELECT * 
    FROM MOVIELENS.RAW.RAW_GENOME_SCORES
)

SELECT 
    movieID as movie_id,
    tagID as tag_id,
    relevance
FROM raw_genome_scores
  );
[0m01:17:47.265330 [debug] [Thread-1 (]: SQL status: SUCCESS 1 in 0.198 seconds
[0m01:17:47.289835 [debug] [Thread-1 (]: Sending event: {'category': 'dbt', 'action': 'run_model', 'label': '59b8eb55-b24d-482c-a229-1961cbfaeab2', 'context': [<snowplow_tracker.self_describing_json.SelfDescribingJson object at 0x11a489c90>]}
[0m01:17:47.290559 [info ] [Thread-1 (]: 1 of 7 OK created sql view model DEV.src_genome_scores ......................... [[32mSUCCESS 1[0m in 0.26s]
[0m01:17:47.291014 [debug] [Thread-1 (]: Finished running node model.netflix_analysis.src_genome_scores
[0m01:17:47.291324 [debug] [Thread-1 (]: Began running node model.netflix_analysis.src_genome_tags
[0m01:17:47.291753 [info ] [Thread-1 (]: 2 of 7 START sql view model DEV.src_genome_tags ................................ [RUN]
[0m01:17:47.292118 [debug] [Thread-1 (]: Re-using an available connection from the pool (formerly model.netflix_analysis.src_genome_scores, now model.netflix_analysis.src_genome_tags)
[0m01:17:47.292363 [debug] [Thread-1 (]: Began compiling node model.netflix_analysis.src_genome_tags
[0m01:17:47.294076 [debug] [Thread-1 (]: Writing injected SQL for node "model.netflix_analysis.src_genome_tags"
[0m01:17:47.294628 [debug] [Thread-1 (]: Began executing node model.netflix_analysis.src_genome_tags
[0m01:17:47.296728 [debug] [Thread-1 (]: Writing runtime sql for node "model.netflix_analysis.src_genome_tags"
[0m01:17:47.297555 [debug] [Thread-1 (]: Using snowflake connection "model.netflix_analysis.src_genome_tags"
[0m01:17:47.297869 [debug] [Thread-1 (]: On model.netflix_analysis.src_genome_tags: /* {"app": "dbt", "dbt_version": "1.9.0", "profile_name": "netflix_analysis", "target_name": "dev", "node_id": "model.netflix_analysis.src_genome_tags"} */
create or replace   view MOVIELENS.DEV.src_genome_tags
  
   as (
    WITH raw_genome_tags AS(
    SELECT * 
    FROM MOVIELENS.RAW.RAW_GENOME_TAGS
)

SELECT 
    tagID as tag_id,
    tag
FROM raw_genome_tags
  );
[0m01:17:47.477318 [debug] [Thread-1 (]: SQL status: SUCCESS 1 in 0.179 seconds
[0m01:17:47.481140 [debug] [Thread-1 (]: Sending event: {'category': 'dbt', 'action': 'run_model', 'label': '59b8eb55-b24d-482c-a229-1961cbfaeab2', 'context': [<snowplow_tracker.self_describing_json.SelfDescribingJson object at 0x11a73f450>]}
[0m01:17:47.482092 [info ] [Thread-1 (]: 2 of 7 OK created sql view model DEV.src_genome_tags ........................... [[32mSUCCESS 1[0m in 0.19s]
[0m01:17:47.482656 [debug] [Thread-1 (]: Finished running node model.netflix_analysis.src_genome_tags
[0m01:17:47.483022 [debug] [Thread-1 (]: Began running node model.netflix_analysis.src_links
[0m01:17:47.483537 [info ] [Thread-1 (]: 3 of 7 START sql view model DEV.src_links ...................................... [RUN]
[0m01:17:47.484021 [debug] [Thread-1 (]: Re-using an available connection from the pool (formerly model.netflix_analysis.src_genome_tags, now model.netflix_analysis.src_links)
[0m01:17:47.484415 [debug] [Thread-1 (]: Began compiling node model.netflix_analysis.src_links
[0m01:17:47.488100 [debug] [Thread-1 (]: Writing injected SQL for node "model.netflix_analysis.src_links"
[0m01:17:47.489900 [debug] [Thread-1 (]: Began executing node model.netflix_analysis.src_links
[0m01:17:47.495225 [debug] [Thread-1 (]: Writing runtime sql for node "model.netflix_analysis.src_links"
[0m01:17:47.496778 [debug] [Thread-1 (]: Using snowflake connection "model.netflix_analysis.src_links"
[0m01:17:47.497240 [debug] [Thread-1 (]: On model.netflix_analysis.src_links: /* {"app": "dbt", "dbt_version": "1.9.0", "profile_name": "netflix_analysis", "target_name": "dev", "node_id": "model.netflix_analysis.src_links"} */
create or replace   view MOVIELENS.DEV.src_links
  
   as (
    WITH raw_links AS(
    SELECT * 
    FROM MOVIELENS.RAW.RAW_LINKS
)

SELECT 
    movieID as movie_id,
    imdbID as imdb_id,
    tmdbID as tmdb_id
FROM raw_links
  );
[0m01:17:47.673001 [debug] [Thread-1 (]: SQL status: SUCCESS 1 in 0.175 seconds
[0m01:17:47.676401 [debug] [Thread-1 (]: Sending event: {'category': 'dbt', 'action': 'run_model', 'label': '59b8eb55-b24d-482c-a229-1961cbfaeab2', 'context': [<snowplow_tracker.self_describing_json.SelfDescribingJson object at 0x11b84f790>]}
[0m01:17:47.677366 [info ] [Thread-1 (]: 3 of 7 OK created sql view model DEV.src_links ................................. [[32mSUCCESS 1[0m in 0.19s]
[0m01:17:47.677965 [debug] [Thread-1 (]: Finished running node model.netflix_analysis.src_links
[0m01:17:47.678340 [debug] [Thread-1 (]: Began running node model.netflix_analysis.src_movies
[0m01:17:47.678873 [info ] [Thread-1 (]: 4 of 7 START sql view model DEV.src_movies ..................................... [RUN]
[0m01:17:47.679374 [debug] [Thread-1 (]: Re-using an available connection from the pool (formerly model.netflix_analysis.src_links, now model.netflix_analysis.src_movies)
[0m01:17:47.679691 [debug] [Thread-1 (]: Began compiling node model.netflix_analysis.src_movies
[0m01:17:47.682909 [debug] [Thread-1 (]: Writing injected SQL for node "model.netflix_analysis.src_movies"
[0m01:17:47.683997 [debug] [Thread-1 (]: Began executing node model.netflix_analysis.src_movies
[0m01:17:47.689109 [debug] [Thread-1 (]: Writing runtime sql for node "model.netflix_analysis.src_movies"
[0m01:17:47.690353 [debug] [Thread-1 (]: Using snowflake connection "model.netflix_analysis.src_movies"
[0m01:17:47.690982 [debug] [Thread-1 (]: On model.netflix_analysis.src_movies: /* {"app": "dbt", "dbt_version": "1.9.0", "profile_name": "netflix_analysis", "target_name": "dev", "node_id": "model.netflix_analysis.src_movies"} */
create or replace   view MOVIELENS.DEV.src_movies
  
   as (
    WITH raw_movies AS(
    SELECT * 
    FROM MOVIELENS.RAW.RAW_MOVIES
)

SELECT 
    movieID as movie_id,
    title,
    genres
FROM raw_movies
  );
[0m01:17:47.874150 [debug] [Thread-1 (]: SQL status: SUCCESS 1 in 0.182 seconds
[0m01:17:47.877218 [debug] [Thread-1 (]: Sending event: {'category': 'dbt', 'action': 'run_model', 'label': '59b8eb55-b24d-482c-a229-1961cbfaeab2', 'context': [<snowplow_tracker.self_describing_json.SelfDescribingJson object at 0x11ba9d190>]}
[0m01:17:47.878017 [info ] [Thread-1 (]: 4 of 7 OK created sql view model DEV.src_movies ................................ [[32mSUCCESS 1[0m in 0.20s]
[0m01:17:47.878561 [debug] [Thread-1 (]: Finished running node model.netflix_analysis.src_movies
[0m01:17:47.878917 [debug] [Thread-1 (]: Began running node model.netflix_analysis.src_ratings
[0m01:17:47.879568 [info ] [Thread-1 (]: 5 of 7 START sql view model DEV.src_ratings .................................... [RUN]
[0m01:17:47.880038 [debug] [Thread-1 (]: Re-using an available connection from the pool (formerly model.netflix_analysis.src_movies, now model.netflix_analysis.src_ratings)
[0m01:17:47.880335 [debug] [Thread-1 (]: Began compiling node model.netflix_analysis.src_ratings
[0m01:17:47.883002 [debug] [Thread-1 (]: Writing injected SQL for node "model.netflix_analysis.src_ratings"
[0m01:17:47.883937 [debug] [Thread-1 (]: Began executing node model.netflix_analysis.src_ratings
[0m01:17:47.892579 [debug] [Thread-1 (]: Writing runtime sql for node "model.netflix_analysis.src_ratings"
[0m01:17:47.893912 [debug] [Thread-1 (]: Using snowflake connection "model.netflix_analysis.src_ratings"
[0m01:17:47.894278 [debug] [Thread-1 (]: On model.netflix_analysis.src_ratings: /* {"app": "dbt", "dbt_version": "1.9.0", "profile_name": "netflix_analysis", "target_name": "dev", "node_id": "model.netflix_analysis.src_ratings"} */
create or replace   view MOVIELENS.DEV.src_ratings
  
   as (
    WITH raw_ratings AS(
    SELECT * 
    FROM MOVIELENS.RAW.RAW_RATINGS
)

SELECT 
    userID as user_id,
    movieID as movie_id,
    rating,
    TO_TIMESTAMP(timestamp) as rating_timestamp
FROM raw_ratings
  );
[0m01:17:48.077046 [debug] [Thread-1 (]: SQL status: SUCCESS 1 in 0.182 seconds
[0m01:17:48.081079 [debug] [Thread-1 (]: Sending event: {'category': 'dbt', 'action': 'run_model', 'label': '59b8eb55-b24d-482c-a229-1961cbfaeab2', 'context': [<snowplow_tracker.self_describing_json.SelfDescribingJson object at 0x11bab8650>]}
[0m01:17:48.081711 [info ] [Thread-1 (]: 5 of 7 OK created sql view model DEV.src_ratings ............................... [[32mSUCCESS 1[0m in 0.20s]
[0m01:17:48.082175 [debug] [Thread-1 (]: Finished running node model.netflix_analysis.src_ratings
[0m01:17:48.082471 [debug] [Thread-1 (]: Began running node model.netflix_analysis.src_tags
[0m01:17:48.082900 [info ] [Thread-1 (]: 6 of 7 START sql view model DEV.src_tags ....................................... [RUN]
[0m01:17:48.083314 [debug] [Thread-1 (]: Re-using an available connection from the pool (formerly model.netflix_analysis.src_ratings, now model.netflix_analysis.src_tags)
[0m01:17:48.083589 [debug] [Thread-1 (]: Began compiling node model.netflix_analysis.src_tags
[0m01:17:48.085449 [debug] [Thread-1 (]: Writing injected SQL for node "model.netflix_analysis.src_tags"
[0m01:17:48.086059 [debug] [Thread-1 (]: Began executing node model.netflix_analysis.src_tags
[0m01:17:48.088351 [debug] [Thread-1 (]: Writing runtime sql for node "model.netflix_analysis.src_tags"
[0m01:17:48.089256 [debug] [Thread-1 (]: Using snowflake connection "model.netflix_analysis.src_tags"
[0m01:17:48.089514 [debug] [Thread-1 (]: On model.netflix_analysis.src_tags: /* {"app": "dbt", "dbt_version": "1.9.0", "profile_name": "netflix_analysis", "target_name": "dev", "node_id": "model.netflix_analysis.src_tags"} */
create or replace   view MOVIELENS.DEV.src_tags
  
   as (
    WITH raw_tags AS(
    SELECT * 
    FROM MOVIELENS.RAW.RAW_TAGS
)

SELECT 
    userID as user_id,
    movieID as movie_id,
    tag,
    TO_TIMESTAMP(timestamp) as tag_timestamp
FROM raw_tags
  );
[0m01:17:48.272484 [debug] [Thread-1 (]: SQL status: SUCCESS 1 in 0.183 seconds
[0m01:17:48.274803 [debug] [Thread-1 (]: Sending event: {'category': 'dbt', 'action': 'run_model', 'label': '59b8eb55-b24d-482c-a229-1961cbfaeab2', 'context': [<snowplow_tracker.self_describing_json.SelfDescribingJson object at 0x11ba7a9d0>]}
[0m01:17:48.275428 [info ] [Thread-1 (]: 6 of 7 OK created sql view model DEV.src_tags .................................. [[32mSUCCESS 1[0m in 0.19s]
[0m01:17:48.275949 [debug] [Thread-1 (]: Finished running node model.netflix_analysis.src_tags
[0m01:17:48.276306 [debug] [Thread-1 (]: Began running node model.netflix_analysis.dim_movies
[0m01:17:48.276767 [info ] [Thread-1 (]: 7 of 7 START sql table model DEV.dim_movies .................................... [RUN]
[0m01:17:48.277188 [debug] [Thread-1 (]: Re-using an available connection from the pool (formerly model.netflix_analysis.src_tags, now model.netflix_analysis.dim_movies)
[0m01:17:48.277452 [debug] [Thread-1 (]: Began compiling node model.netflix_analysis.dim_movies
[0m01:17:48.280263 [debug] [Thread-1 (]: Writing injected SQL for node "model.netflix_analysis.dim_movies"
[0m01:17:48.281040 [debug] [Thread-1 (]: Began executing node model.netflix_analysis.dim_movies
[0m01:17:48.296136 [debug] [Thread-1 (]: Writing runtime sql for node "model.netflix_analysis.dim_movies"
[0m01:17:48.296862 [debug] [Thread-1 (]: Using snowflake connection "model.netflix_analysis.dim_movies"
[0m01:17:48.297076 [debug] [Thread-1 (]: On model.netflix_analysis.dim_movies: /* {"app": "dbt", "dbt_version": "1.9.0", "profile_name": "netflix_analysis", "target_name": "dev", "node_id": "model.netflix_analysis.dim_movies"} */
create or replace transient table MOVIELENS.DEV.dim_movies
         as
        (WITH src_movies AS(
    SELECT * 
    FROM MOVIELENS.DEV.src_movies
)

SELECT
    movie_id,
    INITCAP(TRIM(title)) AS movie_title,
    SPLIT(genres, '|') as genre_array,
    genres
FROM src_movies
        );
[0m01:17:48.845304 [debug] [Thread-1 (]: SQL status: SUCCESS 1 in 0.548 seconds
[0m01:17:48.848869 [debug] [Thread-1 (]: Sending event: {'category': 'dbt', 'action': 'run_model', 'label': '59b8eb55-b24d-482c-a229-1961cbfaeab2', 'context': [<snowplow_tracker.self_describing_json.SelfDescribingJson object at 0x11b8694d0>]}
[0m01:17:48.849956 [info ] [Thread-1 (]: 7 of 7 OK created sql table model DEV.dim_movies ............................... [[32mSUCCESS 1[0m in 0.57s]
[0m01:17:48.850628 [debug] [Thread-1 (]: Finished running node model.netflix_analysis.dim_movies
[0m01:17:48.852161 [debug] [MainThread]: Connection 'master' was properly closed.
[0m01:17:48.852507 [debug] [MainThread]: Connection 'model.netflix_analysis.dim_movies' was left open.
[0m01:17:48.852768 [debug] [MainThread]: On model.netflix_analysis.dim_movies: Close
[0m01:17:49.057608 [info ] [MainThread]: 
[0m01:17:49.058646 [info ] [MainThread]: Finished running 1 table model, 6 view models in 0 hours 0 minutes and 3.26 seconds (3.26s).
[0m01:17:49.060253 [debug] [MainThread]: Command end result
[0m01:17:49.083957 [debug] [MainThread]: Wrote artifact WritableManifest to /Users/sakshirai/Desktop/netflixanalysis/netflix_analysis/target/manifest.json
[0m01:17:49.085630 [debug] [MainThread]: Wrote artifact SemanticManifest to /Users/sakshirai/Desktop/netflixanalysis/netflix_analysis/target/semantic_manifest.json
[0m01:17:49.089865 [debug] [MainThread]: Wrote artifact RunExecutionResult to /Users/sakshirai/Desktop/netflixanalysis/netflix_analysis/target/run_results.json
[0m01:17:49.090075 [info ] [MainThread]: 
[0m01:17:49.090329 [info ] [MainThread]: [32mCompleted successfully[0m
[0m01:17:49.090503 [info ] [MainThread]: 
[0m01:17:49.090693 [info ] [MainThread]: Done. PASS=7 WARN=0 ERROR=0 SKIP=0 TOTAL=7
[0m01:17:49.093864 [debug] [MainThread]: Resource report: {"command_name": "run", "command_success": true, "command_wall_clock_time": 3.986327, "process_in_blocks": "0", "process_kernel_time": 0.238181, "process_mem_max_rss": "176979968", "process_out_blocks": "0", "process_user_time": 1.347201}
[0m01:17:49.094152 [debug] [MainThread]: Command `dbt run` succeeded at 01:17:49.094101 after 3.99 seconds
[0m01:17:49.094394 [debug] [MainThread]: Sending event: {'category': 'dbt', 'action': 'invocation', 'label': 'end', 'context': [<snowplow_tracker.self_describing_json.SelfDescribingJson object at 0x106b3c790>, <snowplow_tracker.self_describing_json.SelfDescribingJson object at 0x106b12d90>, <snowplow_tracker.self_describing_json.SelfDescribingJson object at 0x101206090>]}
[0m01:17:49.094606 [debug] [MainThread]: Flushing usage events
[0m01:17:50.233479 [debug] [MainThread]: An error was encountered while trying to flush usage events
[0m01:31:02.811302 [debug] [MainThread]: Sending event: {'category': 'dbt', 'action': 'invocation', 'label': 'start', 'context': [<snowplow_tracker.self_describing_json.SelfDescribingJson object at 0x107ce8050>, <snowplow_tracker.self_describing_json.SelfDescribingJson object at 0x107d5b990>, <snowplow_tracker.self_describing_json.SelfDescribingJson object at 0x107d5bf90>]}


============================== 01:31:02.812943 | 9c28fda8-6897-4dda-a1d0-3d8e951c2bbb ==============================
[0m01:31:02.812943 [info ] [MainThread]: Running with dbt=1.9.0
[0m01:31:02.813184 [debug] [MainThread]: running dbt with arguments {'printer_width': '80', 'indirect_selection': 'eager', 'write_json': 'True', 'log_cache_events': 'False', 'partial_parse': 'True', 'cache_selected_only': 'False', 'warn_error': 'None', 'debug': 'False', 'fail_fast': 'False', 'log_path': '/Users/sakshirai/Desktop/netflixanalysis/netflix_analysis/logs', 'profiles_dir': '/Users/sakshirai/.dbt', 'version_check': 'True', 'use_colors': 'True', 'use_experimental_parser': 'False', 'empty': 'False', 'quiet': 'False', 'no_print': 'None', 'log_format': 'default', 'introspect': 'True', 'invocation_command': 'dbt run', 'static_parser': 'True', 'target_path': 'None', 'warn_error_options': 'WarnErrorOptions(include=[], exclude=[])', 'send_anonymous_usage_stats': 'True'}
[0m01:31:02.961586 [debug] [MainThread]: Sending event: {'category': 'dbt', 'action': 'project_id', 'label': '9c28fda8-6897-4dda-a1d0-3d8e951c2bbb', 'context': [<snowplow_tracker.self_describing_json.SelfDescribingJson object at 0x10a96eb10>]}
[0m01:31:02.978688 [debug] [MainThread]: Sending event: {'category': 'dbt', 'action': 'adapter_info', 'label': '9c28fda8-6897-4dda-a1d0-3d8e951c2bbb', 'context': [<snowplow_tracker.self_describing_json.SelfDescribingJson object at 0x109cf38d0>]}
[0m01:31:02.979050 [info ] [MainThread]: Registered adapter: snowflake=1.9.0
[0m01:31:03.024368 [debug] [MainThread]: checksum: c99e828bba267739642b5a3ce85f17518764ea526e0e6c4fdc649171c1a66bff, vars: {}, profile: , target: , version: 1.9.0
[0m01:31:03.046410 [info ] [MainThread]: Unable to do partial parsing because of a version mismatch
[0m01:31:03.046654 [debug] [MainThread]: Sending event: {'category': 'dbt', 'action': 'partial_parser', 'label': '9c28fda8-6897-4dda-a1d0-3d8e951c2bbb', 'context': [<snowplow_tracker.self_describing_json.SelfDescribingJson object at 0x106cf2850>]}
[0m01:31:03.361253 [debug] [MainThread]: Sending event: {'category': 'dbt', 'action': 'load_project', 'label': '9c28fda8-6897-4dda-a1d0-3d8e951c2bbb', 'context': [<snowplow_tracker.self_describing_json.SelfDescribingJson object at 0x10a991a90>]}
[0m01:31:03.380644 [debug] [MainThread]: Wrote artifact WritableManifest to /Users/sakshirai/Desktop/netflixanalysis/netflix_analysis/target/manifest.json
[0m01:31:03.384247 [debug] [MainThread]: Wrote artifact SemanticManifest to /Users/sakshirai/Desktop/netflixanalysis/netflix_analysis/target/semantic_manifest.json
[0m01:31:03.389023 [debug] [MainThread]: Sending event: {'category': 'dbt', 'action': 'resource_counts', 'label': '9c28fda8-6897-4dda-a1d0-3d8e951c2bbb', 'context': [<snowplow_tracker.self_describing_json.SelfDescribingJson object at 0x10b347310>]}
[0m01:31:03.389217 [info ] [MainThread]: Found 9 models, 473 macros
[0m01:31:03.389354 [debug] [MainThread]: Sending event: {'category': 'dbt', 'action': 'runnable_timing', 'label': '9c28fda8-6897-4dda-a1d0-3d8e951c2bbb', 'context': [<snowplow_tracker.self_describing_json.SelfDescribingJson object at 0x10ae13710>]}
[0m01:31:03.390190 [info ] [MainThread]: 
[0m01:31:03.390352 [info ] [MainThread]: Concurrency: 1 threads (target='dev')
[0m01:31:03.390462 [info ] [MainThread]: 
[0m01:31:03.390648 [debug] [MainThread]: Acquiring new snowflake connection 'master'
[0m01:31:03.392286 [debug] [ThreadPool]: Acquiring new snowflake connection 'list_MOVIELENS'
[0m01:31:03.417151 [debug] [ThreadPool]: Using snowflake connection "list_MOVIELENS"
[0m01:31:03.417334 [debug] [ThreadPool]: On list_MOVIELENS: /* {"app": "dbt", "dbt_version": "1.9.0", "profile_name": "netflix_analysis", "target_name": "dev", "connection_name": "list_MOVIELENS"} */
show terse schemas in database MOVIELENS
    limit 10000
[0m01:31:03.417447 [debug] [ThreadPool]: Opening a new connection, currently in state init
[0m01:31:04.290459 [debug] [ThreadPool]: SQL status: SUCCESS 4 in 0.873 seconds
[0m01:31:04.295680 [debug] [ThreadPool]: Re-using an available connection from the pool (formerly list_MOVIELENS, now list_MOVIELENS_DEV)
[0m01:31:04.308769 [debug] [ThreadPool]: Using snowflake connection "list_MOVIELENS_DEV"
[0m01:31:04.309229 [debug] [ThreadPool]: On list_MOVIELENS_DEV: /* {"app": "dbt", "dbt_version": "1.9.0", "profile_name": "netflix_analysis", "target_name": "dev", "connection_name": "list_MOVIELENS_DEV"} */
show objects in MOVIELENS.DEV limit 10000;
[0m01:31:04.448759 [debug] [ThreadPool]: SQL status: SUCCESS 7 in 0.139 seconds
[0m01:31:04.453631 [debug] [MainThread]: Sending event: {'category': 'dbt', 'action': 'runnable_timing', 'label': '9c28fda8-6897-4dda-a1d0-3d8e951c2bbb', 'context': [<snowplow_tracker.self_describing_json.SelfDescribingJson object at 0x10bf83e50>]}
[0m01:31:04.455728 [debug] [Thread-1 (]: Began running node model.netflix_analysis.src_genome_scores
[0m01:31:04.456423 [info ] [Thread-1 (]: 1 of 9 START sql view model DEV.src_genome_scores .............................. [RUN]
[0m01:31:04.457036 [debug] [Thread-1 (]: Re-using an available connection from the pool (formerly list_MOVIELENS_DEV, now model.netflix_analysis.src_genome_scores)
[0m01:31:04.457418 [debug] [Thread-1 (]: Began compiling node model.netflix_analysis.src_genome_scores
[0m01:31:04.465219 [debug] [Thread-1 (]: Writing injected SQL for node "model.netflix_analysis.src_genome_scores"
[0m01:31:04.466286 [debug] [Thread-1 (]: Began executing node model.netflix_analysis.src_genome_scores
[0m01:31:04.488594 [debug] [Thread-1 (]: Writing runtime sql for node "model.netflix_analysis.src_genome_scores"
[0m01:31:04.489497 [debug] [Thread-1 (]: Using snowflake connection "model.netflix_analysis.src_genome_scores"
[0m01:31:04.489721 [debug] [Thread-1 (]: On model.netflix_analysis.src_genome_scores: /* {"app": "dbt", "dbt_version": "1.9.0", "profile_name": "netflix_analysis", "target_name": "dev", "node_id": "model.netflix_analysis.src_genome_scores"} */
create or replace   view MOVIELENS.DEV.src_genome_scores
  
   as (
    WITH raw_genome_scores AS(
    SELECT * 
    FROM MOVIELENS.RAW.RAW_GENOME_SCORES
)

SELECT 
    movieID as movie_id,
    tagID as tag_id,
    relevance
FROM raw_genome_scores
  );
[0m01:31:04.700104 [debug] [Thread-1 (]: SQL status: SUCCESS 1 in 0.210 seconds
[0m01:31:04.725874 [debug] [Thread-1 (]: Sending event: {'category': 'dbt', 'action': 'run_model', 'label': '9c28fda8-6897-4dda-a1d0-3d8e951c2bbb', 'context': [<snowplow_tracker.self_describing_json.SelfDescribingJson object at 0x10b344190>]}
[0m01:31:04.726506 [info ] [Thread-1 (]: 1 of 9 OK created sql view model DEV.src_genome_scores ......................... [[32mSUCCESS 1[0m in 0.27s]
[0m01:31:04.726979 [debug] [Thread-1 (]: Finished running node model.netflix_analysis.src_genome_scores
[0m01:31:04.727248 [debug] [Thread-1 (]: Began running node model.netflix_analysis.src_genome_tags
[0m01:31:04.727629 [info ] [Thread-1 (]: 2 of 9 START sql view model DEV.src_genome_tags ................................ [RUN]
[0m01:31:04.727970 [debug] [Thread-1 (]: Re-using an available connection from the pool (formerly model.netflix_analysis.src_genome_scores, now model.netflix_analysis.src_genome_tags)
[0m01:31:04.728201 [debug] [Thread-1 (]: Began compiling node model.netflix_analysis.src_genome_tags
[0m01:31:04.729851 [debug] [Thread-1 (]: Writing injected SQL for node "model.netflix_analysis.src_genome_tags"
[0m01:31:04.730396 [debug] [Thread-1 (]: Began executing node model.netflix_analysis.src_genome_tags
[0m01:31:04.732464 [debug] [Thread-1 (]: Writing runtime sql for node "model.netflix_analysis.src_genome_tags"
[0m01:31:04.733202 [debug] [Thread-1 (]: Using snowflake connection "model.netflix_analysis.src_genome_tags"
[0m01:31:04.733445 [debug] [Thread-1 (]: On model.netflix_analysis.src_genome_tags: /* {"app": "dbt", "dbt_version": "1.9.0", "profile_name": "netflix_analysis", "target_name": "dev", "node_id": "model.netflix_analysis.src_genome_tags"} */
create or replace   view MOVIELENS.DEV.src_genome_tags
  
   as (
    WITH raw_genome_tags AS(
    SELECT * 
    FROM MOVIELENS.RAW.RAW_GENOME_TAGS
)

SELECT 
    tagID as tag_id,
    tag
FROM raw_genome_tags
  );
[0m01:31:04.931431 [debug] [Thread-1 (]: SQL status: SUCCESS 1 in 0.197 seconds
[0m01:31:04.936204 [debug] [Thread-1 (]: Sending event: {'category': 'dbt', 'action': 'run_model', 'label': '9c28fda8-6897-4dda-a1d0-3d8e951c2bbb', 'context': [<snowplow_tracker.self_describing_json.SelfDescribingJson object at 0x10b38fc10>]}
[0m01:31:04.937387 [info ] [Thread-1 (]: 2 of 9 OK created sql view model DEV.src_genome_tags ........................... [[32mSUCCESS 1[0m in 0.21s]
[0m01:31:04.938021 [debug] [Thread-1 (]: Finished running node model.netflix_analysis.src_genome_tags
[0m01:31:04.938460 [debug] [Thread-1 (]: Began running node model.netflix_analysis.src_links
[0m01:31:04.939232 [info ] [Thread-1 (]: 3 of 9 START sql view model DEV.src_links ...................................... [RUN]
[0m01:31:04.939866 [debug] [Thread-1 (]: Re-using an available connection from the pool (formerly model.netflix_analysis.src_genome_tags, now model.netflix_analysis.src_links)
[0m01:31:04.940289 [debug] [Thread-1 (]: Began compiling node model.netflix_analysis.src_links
[0m01:31:04.943461 [debug] [Thread-1 (]: Writing injected SQL for node "model.netflix_analysis.src_links"
[0m01:31:04.944532 [debug] [Thread-1 (]: Began executing node model.netflix_analysis.src_links
[0m01:31:04.947858 [debug] [Thread-1 (]: Writing runtime sql for node "model.netflix_analysis.src_links"
[0m01:31:04.949156 [debug] [Thread-1 (]: Using snowflake connection "model.netflix_analysis.src_links"
[0m01:31:04.949556 [debug] [Thread-1 (]: On model.netflix_analysis.src_links: /* {"app": "dbt", "dbt_version": "1.9.0", "profile_name": "netflix_analysis", "target_name": "dev", "node_id": "model.netflix_analysis.src_links"} */
create or replace   view MOVIELENS.DEV.src_links
  
   as (
    WITH raw_links AS(
    SELECT * 
    FROM MOVIELENS.RAW.RAW_LINKS
)

SELECT 
    movieID as movie_id,
    imdbID as imdb_id,
    tmdbID as tmdb_id
FROM raw_links
  );
[0m01:31:05.149566 [debug] [Thread-1 (]: SQL status: SUCCESS 1 in 0.199 seconds
[0m01:31:05.155271 [debug] [Thread-1 (]: Sending event: {'category': 'dbt', 'action': 'run_model', 'label': '9c28fda8-6897-4dda-a1d0-3d8e951c2bbb', 'context': [<snowplow_tracker.self_describing_json.SelfDescribingJson object at 0x10b395150>]}
[0m01:31:05.155820 [info ] [Thread-1 (]: 3 of 9 OK created sql view model DEV.src_links ................................. [[32mSUCCESS 1[0m in 0.22s]
[0m01:31:05.156276 [debug] [Thread-1 (]: Finished running node model.netflix_analysis.src_links
[0m01:31:05.156654 [debug] [Thread-1 (]: Began running node model.netflix_analysis.src_movies
[0m01:31:05.157029 [info ] [Thread-1 (]: 4 of 9 START sql view model DEV.src_movies ..................................... [RUN]
[0m01:31:05.157357 [debug] [Thread-1 (]: Re-using an available connection from the pool (formerly model.netflix_analysis.src_links, now model.netflix_analysis.src_movies)
[0m01:31:05.157587 [debug] [Thread-1 (]: Began compiling node model.netflix_analysis.src_movies
[0m01:31:05.159265 [debug] [Thread-1 (]: Writing injected SQL for node "model.netflix_analysis.src_movies"
[0m01:31:05.159945 [debug] [Thread-1 (]: Began executing node model.netflix_analysis.src_movies
[0m01:31:05.161942 [debug] [Thread-1 (]: Writing runtime sql for node "model.netflix_analysis.src_movies"
[0m01:31:05.162648 [debug] [Thread-1 (]: Using snowflake connection "model.netflix_analysis.src_movies"
[0m01:31:05.162935 [debug] [Thread-1 (]: On model.netflix_analysis.src_movies: /* {"app": "dbt", "dbt_version": "1.9.0", "profile_name": "netflix_analysis", "target_name": "dev", "node_id": "model.netflix_analysis.src_movies"} */
create or replace   view MOVIELENS.DEV.src_movies
  
   as (
    WITH raw_movies AS(
    SELECT * 
    FROM MOVIELENS.RAW.RAW_MOVIES
)

SELECT 
    movieID as movie_id,
    title,
    genres
FROM raw_movies
  );
[0m01:31:05.344328 [debug] [Thread-1 (]: SQL status: SUCCESS 1 in 0.181 seconds
[0m01:31:05.349136 [debug] [Thread-1 (]: Sending event: {'category': 'dbt', 'action': 'run_model', 'label': '9c28fda8-6897-4dda-a1d0-3d8e951c2bbb', 'context': [<snowplow_tracker.self_describing_json.SelfDescribingJson object at 0x10c381190>]}
[0m01:31:05.350206 [info ] [Thread-1 (]: 4 of 9 OK created sql view model DEV.src_movies ................................ [[32mSUCCESS 1[0m in 0.19s]
[0m01:31:05.350854 [debug] [Thread-1 (]: Finished running node model.netflix_analysis.src_movies
[0m01:31:05.351298 [debug] [Thread-1 (]: Began running node model.netflix_analysis.src_ratings
[0m01:31:05.352212 [info ] [Thread-1 (]: 5 of 9 START sql view model DEV.src_ratings .................................... [RUN]
[0m01:31:05.352863 [debug] [Thread-1 (]: Re-using an available connection from the pool (formerly model.netflix_analysis.src_movies, now model.netflix_analysis.src_ratings)
[0m01:31:05.353260 [debug] [Thread-1 (]: Began compiling node model.netflix_analysis.src_ratings
[0m01:31:05.357065 [debug] [Thread-1 (]: Writing injected SQL for node "model.netflix_analysis.src_ratings"
[0m01:31:05.358163 [debug] [Thread-1 (]: Began executing node model.netflix_analysis.src_ratings
[0m01:31:05.363494 [debug] [Thread-1 (]: Writing runtime sql for node "model.netflix_analysis.src_ratings"
[0m01:31:05.364685 [debug] [Thread-1 (]: Using snowflake connection "model.netflix_analysis.src_ratings"
[0m01:31:05.365016 [debug] [Thread-1 (]: On model.netflix_analysis.src_ratings: /* {"app": "dbt", "dbt_version": "1.9.0", "profile_name": "netflix_analysis", "target_name": "dev", "node_id": "model.netflix_analysis.src_ratings"} */
create or replace   view MOVIELENS.DEV.src_ratings
  
   as (
    WITH raw_ratings AS(
    SELECT * 
    FROM MOVIELENS.RAW.RAW_RATINGS
)

SELECT 
    userID as user_id,
    movieID as movie_id,
    rating,
    TO_TIMESTAMP(timestamp) as rating_timestamp
FROM raw_ratings
  );
[0m01:31:05.562599 [debug] [Thread-1 (]: SQL status: SUCCESS 1 in 0.197 seconds
[0m01:31:05.565624 [debug] [Thread-1 (]: Sending event: {'category': 'dbt', 'action': 'run_model', 'label': '9c28fda8-6897-4dda-a1d0-3d8e951c2bbb', 'context': [<snowplow_tracker.self_describing_json.SelfDescribingJson object at 0x10c3c9950>]}
[0m01:31:05.566366 [info ] [Thread-1 (]: 5 of 9 OK created sql view model DEV.src_ratings ............................... [[32mSUCCESS 1[0m in 0.21s]
[0m01:31:05.566885 [debug] [Thread-1 (]: Finished running node model.netflix_analysis.src_ratings
[0m01:31:05.567229 [debug] [Thread-1 (]: Began running node model.netflix_analysis.src_tags
[0m01:31:05.567757 [info ] [Thread-1 (]: 6 of 9 START sql view model DEV.src_tags ....................................... [RUN]
[0m01:31:05.568301 [debug] [Thread-1 (]: Re-using an available connection from the pool (formerly model.netflix_analysis.src_ratings, now model.netflix_analysis.src_tags)
[0m01:31:05.568659 [debug] [Thread-1 (]: Began compiling node model.netflix_analysis.src_tags
[0m01:31:05.571575 [debug] [Thread-1 (]: Writing injected SQL for node "model.netflix_analysis.src_tags"
[0m01:31:05.572577 [debug] [Thread-1 (]: Began executing node model.netflix_analysis.src_tags
[0m01:31:05.576555 [debug] [Thread-1 (]: Writing runtime sql for node "model.netflix_analysis.src_tags"
[0m01:31:05.578152 [debug] [Thread-1 (]: Using snowflake connection "model.netflix_analysis.src_tags"
[0m01:31:05.578651 [debug] [Thread-1 (]: On model.netflix_analysis.src_tags: /* {"app": "dbt", "dbt_version": "1.9.0", "profile_name": "netflix_analysis", "target_name": "dev", "node_id": "model.netflix_analysis.src_tags"} */
create or replace   view MOVIELENS.DEV.src_tags
  
   as (
    WITH raw_tags AS(
    SELECT * 
    FROM MOVIELENS.RAW.RAW_TAGS
)

SELECT 
    userID as user_id,
    movieID as movie_id,
    tag,
    TO_TIMESTAMP(timestamp) as tag_timestamp
FROM raw_tags
  );
[0m01:31:05.777889 [debug] [Thread-1 (]: SQL status: SUCCESS 1 in 0.198 seconds
[0m01:31:05.782410 [debug] [Thread-1 (]: Sending event: {'category': 'dbt', 'action': 'run_model', 'label': '9c28fda8-6897-4dda-a1d0-3d8e951c2bbb', 'context': [<snowplow_tracker.self_describing_json.SelfDescribingJson object at 0x10c3a08d0>]}
[0m01:31:05.783256 [info ] [Thread-1 (]: 6 of 9 OK created sql view model DEV.src_tags .................................. [[32mSUCCESS 1[0m in 0.21s]
[0m01:31:05.783869 [debug] [Thread-1 (]: Finished running node model.netflix_analysis.src_tags
[0m01:31:05.784274 [debug] [Thread-1 (]: Began running node model.netflix_analysis.dim_genome_tags
[0m01:31:05.784948 [info ] [Thread-1 (]: 7 of 9 START sql table model DEV.dim_genome_tags ............................... [RUN]
[0m01:31:05.785426 [debug] [Thread-1 (]: Re-using an available connection from the pool (formerly model.netflix_analysis.src_tags, now model.netflix_analysis.dim_genome_tags)
[0m01:31:05.785766 [debug] [Thread-1 (]: Began compiling node model.netflix_analysis.dim_genome_tags
[0m01:31:05.790407 [debug] [Thread-1 (]: Writing injected SQL for node "model.netflix_analysis.dim_genome_tags"
[0m01:31:05.792095 [debug] [Thread-1 (]: Began executing node model.netflix_analysis.dim_genome_tags
[0m01:31:05.813102 [debug] [Thread-1 (]: Writing runtime sql for node "model.netflix_analysis.dim_genome_tags"
[0m01:31:05.814078 [debug] [Thread-1 (]: Using snowflake connection "model.netflix_analysis.dim_genome_tags"
[0m01:31:05.814317 [debug] [Thread-1 (]: On model.netflix_analysis.dim_genome_tags: /* {"app": "dbt", "dbt_version": "1.9.0", "profile_name": "netflix_analysis", "target_name": "dev", "node_id": "model.netflix_analysis.dim_genome_tags"} */
create or replace transient table MOVIELENS.DEV.dim_genome_tags
         as
        (WITH src_tags AS(
    SELECT * 
    FROM MOVIELENS.DEV.src_genome_tags
)

SELECT 
    tag_id,
    INITCAP(TRIM(tag)) AS tag_name
FROM src_tags
        );
[0m01:31:06.742771 [debug] [Thread-1 (]: SQL status: SUCCESS 1 in 0.928 seconds
[0m01:31:06.745552 [debug] [Thread-1 (]: Sending event: {'category': 'dbt', 'action': 'run_model', 'label': '9c28fda8-6897-4dda-a1d0-3d8e951c2bbb', 'context': [<snowplow_tracker.self_describing_json.SelfDescribingJson object at 0x10c3a1f50>]}
[0m01:31:06.746335 [info ] [Thread-1 (]: 7 of 9 OK created sql table model DEV.dim_genome_tags .......................... [[32mSUCCESS 1[0m in 0.96s]
[0m01:31:06.746881 [debug] [Thread-1 (]: Finished running node model.netflix_analysis.dim_genome_tags
[0m01:31:06.747240 [debug] [Thread-1 (]: Began running node model.netflix_analysis.dim_movies
[0m01:31:06.747820 [info ] [Thread-1 (]: 8 of 9 START sql table model DEV.dim_movies .................................... [RUN]
[0m01:31:06.748299 [debug] [Thread-1 (]: Re-using an available connection from the pool (formerly model.netflix_analysis.dim_genome_tags, now model.netflix_analysis.dim_movies)
[0m01:31:06.748593 [debug] [Thread-1 (]: Began compiling node model.netflix_analysis.dim_movies
[0m01:31:06.752628 [debug] [Thread-1 (]: Writing injected SQL for node "model.netflix_analysis.dim_movies"
[0m01:31:06.753555 [debug] [Thread-1 (]: Began executing node model.netflix_analysis.dim_movies
[0m01:31:06.757274 [debug] [Thread-1 (]: Writing runtime sql for node "model.netflix_analysis.dim_movies"
[0m01:31:06.758792 [debug] [Thread-1 (]: Using snowflake connection "model.netflix_analysis.dim_movies"
[0m01:31:06.759231 [debug] [Thread-1 (]: On model.netflix_analysis.dim_movies: /* {"app": "dbt", "dbt_version": "1.9.0", "profile_name": "netflix_analysis", "target_name": "dev", "node_id": "model.netflix_analysis.dim_movies"} */
create or replace transient table MOVIELENS.DEV.dim_movies
         as
        (WITH src_movies AS(
    SELECT * 
    FROM MOVIELENS.DEV.src_movies
)

SELECT
    movie_id,
    INITCAP(TRIM(title)) AS movie_title,
    SPLIT(genres, '|') as genre_array,
    genres
FROM src_movies
        );
[0m01:31:07.379257 [debug] [Thread-1 (]: SQL status: SUCCESS 1 in 0.619 seconds
[0m01:31:07.382683 [debug] [Thread-1 (]: Sending event: {'category': 'dbt', 'action': 'run_model', 'label': '9c28fda8-6897-4dda-a1d0-3d8e951c2bbb', 'context': [<snowplow_tracker.self_describing_json.SelfDescribingJson object at 0x10b643650>]}
[0m01:31:07.383692 [info ] [Thread-1 (]: 8 of 9 OK created sql table model DEV.dim_movies ............................... [[32mSUCCESS 1[0m in 0.63s]
[0m01:31:07.384312 [debug] [Thread-1 (]: Finished running node model.netflix_analysis.dim_movies
[0m01:31:07.384714 [debug] [Thread-1 (]: Began running node model.netflix_analysis.dim_users
[0m01:31:07.385298 [info ] [Thread-1 (]: 9 of 9 START sql table model DEV.dim_users ..................................... [RUN]
[0m01:31:07.385999 [debug] [Thread-1 (]: Re-using an available connection from the pool (formerly model.netflix_analysis.dim_movies, now model.netflix_analysis.dim_users)
[0m01:31:07.386384 [debug] [Thread-1 (]: Began compiling node model.netflix_analysis.dim_users
[0m01:31:07.392582 [debug] [Thread-1 (]: Writing injected SQL for node "model.netflix_analysis.dim_users"
[0m01:31:07.394205 [debug] [Thread-1 (]: Began executing node model.netflix_analysis.dim_users
[0m01:31:07.398464 [debug] [Thread-1 (]: Writing runtime sql for node "model.netflix_analysis.dim_users"
[0m01:31:07.399824 [debug] [Thread-1 (]: Using snowflake connection "model.netflix_analysis.dim_users"
[0m01:31:07.400246 [debug] [Thread-1 (]: On model.netflix_analysis.dim_users: /* {"app": "dbt", "dbt_version": "1.9.0", "profile_name": "netflix_analysis", "target_name": "dev", "node_id": "model.netflix_analysis.dim_users"} */
create or replace transient table MOVIELENS.DEV.dim_users
         as
        (WITH ratings AS(
    SELECT DISTINCT user_id
    FROM MOVIELENS.DEV.src_ratings
),

tags AS(
    SELECT DISTINCT user_id
    FROM MOVIELENS.DEV.src_tags
)

SELECT DISTINCT user_id
FROM (
    SELECT * FROM ratings
    UNION
    SELECT * FROM tags
)
        );
[0m01:31:08.383353 [debug] [Thread-1 (]: SQL status: SUCCESS 1 in 0.983 seconds
[0m01:31:08.387302 [debug] [Thread-1 (]: Sending event: {'category': 'dbt', 'action': 'run_model', 'label': '9c28fda8-6897-4dda-a1d0-3d8e951c2bbb', 'context': [<snowplow_tracker.self_describing_json.SelfDescribingJson object at 0x10c3f6c50>]}
[0m01:31:08.388364 [info ] [Thread-1 (]: 9 of 9 OK created sql table model DEV.dim_users ................................ [[32mSUCCESS 1[0m in 1.00s]
[0m01:31:08.389213 [debug] [Thread-1 (]: Finished running node model.netflix_analysis.dim_users
[0m01:31:08.391080 [debug] [MainThread]: Connection 'master' was properly closed.
[0m01:31:08.391513 [debug] [MainThread]: Connection 'model.netflix_analysis.dim_users' was left open.
[0m01:31:08.391836 [debug] [MainThread]: On model.netflix_analysis.dim_users: Close
[0m01:31:08.615174 [info ] [MainThread]: 
[0m01:31:08.616093 [info ] [MainThread]: Finished running 3 table models, 6 view models in 0 hours 0 minutes and 5.22 seconds (5.22s).
[0m01:31:08.617901 [debug] [MainThread]: Command end result
[0m01:31:08.643239 [debug] [MainThread]: Wrote artifact WritableManifest to /Users/sakshirai/Desktop/netflixanalysis/netflix_analysis/target/manifest.json
[0m01:31:08.644951 [debug] [MainThread]: Wrote artifact SemanticManifest to /Users/sakshirai/Desktop/netflixanalysis/netflix_analysis/target/semantic_manifest.json
[0m01:31:08.649237 [debug] [MainThread]: Wrote artifact RunExecutionResult to /Users/sakshirai/Desktop/netflixanalysis/netflix_analysis/target/run_results.json
[0m01:31:08.649461 [info ] [MainThread]: 
[0m01:31:08.649719 [info ] [MainThread]: [32mCompleted successfully[0m
[0m01:31:08.649908 [info ] [MainThread]: 
[0m01:31:08.650108 [info ] [MainThread]: Done. PASS=9 WARN=0 ERROR=0 SKIP=0 TOTAL=9
[0m01:31:08.652589 [debug] [MainThread]: Resource report: {"command_name": "run", "command_success": true, "command_wall_clock_time": 5.86455, "process_in_blocks": "0", "process_kernel_time": 0.215695, "process_mem_max_rss": "177618944", "process_out_blocks": "0", "process_user_time": 1.407781}
[0m01:31:08.652860 [debug] [MainThread]: Command `dbt run` succeeded at 01:31:08.652811 after 5.86 seconds
[0m01:31:08.653111 [debug] [MainThread]: Sending event: {'category': 'dbt', 'action': 'invocation', 'label': 'end', 'context': [<snowplow_tracker.self_describing_json.SelfDescribingJson object at 0x107d3c690>, <snowplow_tracker.self_describing_json.SelfDescribingJson object at 0x107d3d5d0>, <snowplow_tracker.self_describing_json.SelfDescribingJson object at 0x10298e050>]}
[0m01:31:08.653348 [debug] [MainThread]: Flushing usage events
[0m01:31:09.787175 [debug] [MainThread]: An error was encountered while trying to flush usage events
[0m01:38:03.340241 [debug] [MainThread]: Sending event: {'category': 'dbt', 'action': 'invocation', 'label': 'start', 'context': [<snowplow_tracker.self_describing_json.SelfDescribingJson object at 0x10783b6d0>, <snowplow_tracker.self_describing_json.SelfDescribingJson object at 0x1078b3890>, <snowplow_tracker.self_describing_json.SelfDescribingJson object at 0x1078b3f10>]}


============================== 01:38:03.341978 | de74697f-819c-4c21-b5be-70969a86b9be ==============================
[0m01:38:03.341978 [info ] [MainThread]: Running with dbt=1.9.0
[0m01:38:03.342218 [debug] [MainThread]: running dbt with arguments {'printer_width': '80', 'indirect_selection': 'eager', 'write_json': 'True', 'log_cache_events': 'False', 'partial_parse': 'True', 'cache_selected_only': 'False', 'warn_error': 'None', 'debug': 'False', 'profiles_dir': '/Users/sakshirai/.dbt', 'log_path': '/Users/sakshirai/Desktop/netflixanalysis/netflix_analysis/logs', 'version_check': 'True', 'fail_fast': 'False', 'use_colors': 'True', 'use_experimental_parser': 'False', 'empty': 'False', 'quiet': 'False', 'no_print': 'None', 'warn_error_options': 'WarnErrorOptions(include=[], exclude=[])', 'static_parser': 'True', 'log_format': 'default', 'invocation_command': 'dbt run --model fct_genome_scores', 'target_path': 'None', 'introspect': 'True', 'send_anonymous_usage_stats': 'True'}
[0m01:38:03.489966 [debug] [MainThread]: Sending event: {'category': 'dbt', 'action': 'project_id', 'label': 'de74697f-819c-4c21-b5be-70969a86b9be', 'context': [<snowplow_tracker.self_describing_json.SelfDescribingJson object at 0x1084f7190>]}
[0m01:38:03.506753 [debug] [MainThread]: Sending event: {'category': 'dbt', 'action': 'adapter_info', 'label': 'de74697f-819c-4c21-b5be-70969a86b9be', 'context': [<snowplow_tracker.self_describing_json.SelfDescribingJson object at 0x106c2c690>]}
[0m01:38:03.507058 [info ] [MainThread]: Registered adapter: snowflake=1.9.0
[0m01:38:03.551531 [debug] [MainThread]: checksum: c99e828bba267739642b5a3ce85f17518764ea526e0e6c4fdc649171c1a66bff, vars: {}, profile: , target: , version: 1.9.0
[0m01:38:03.573714 [info ] [MainThread]: Unable to do partial parsing because of a version mismatch
[0m01:38:03.573948 [debug] [MainThread]: Sending event: {'category': 'dbt', 'action': 'partial_parser', 'label': 'de74697f-819c-4c21-b5be-70969a86b9be', 'context': [<snowplow_tracker.self_describing_json.SelfDescribingJson object at 0x10739f7d0>]}
[0m01:38:03.902986 [debug] [MainThread]: Sending event: {'category': 'dbt', 'action': 'load_project', 'label': 'de74697f-819c-4c21-b5be-70969a86b9be', 'context': [<snowplow_tracker.self_describing_json.SelfDescribingJson object at 0x108c635d0>]}
[0m01:38:03.921730 [debug] [MainThread]: Wrote artifact WritableManifest to /Users/sakshirai/Desktop/netflixanalysis/netflix_analysis/target/manifest.json
[0m01:38:03.924877 [debug] [MainThread]: Wrote artifact SemanticManifest to /Users/sakshirai/Desktop/netflixanalysis/netflix_analysis/target/semantic_manifest.json
[0m01:38:03.929672 [debug] [MainThread]: Sending event: {'category': 'dbt', 'action': 'resource_counts', 'label': 'de74697f-819c-4c21-b5be-70969a86b9be', 'context': [<snowplow_tracker.self_describing_json.SelfDescribingJson object at 0x108ca53d0>]}
[0m01:38:03.929841 [info ] [MainThread]: Found 10 models, 473 macros
[0m01:38:03.929966 [debug] [MainThread]: Sending event: {'category': 'dbt', 'action': 'runnable_timing', 'label': 'de74697f-819c-4c21-b5be-70969a86b9be', 'context': [<snowplow_tracker.self_describing_json.SelfDescribingJson object at 0x108c80d90>]}
[0m01:38:03.930541 [info ] [MainThread]: 
[0m01:38:03.930663 [info ] [MainThread]: Concurrency: 1 threads (target='dev')
[0m01:38:03.930758 [info ] [MainThread]: 
[0m01:38:03.930926 [debug] [MainThread]: Acquiring new snowflake connection 'master'
[0m01:38:03.931229 [debug] [ThreadPool]: Acquiring new snowflake connection 'list_MOVIELENS'
[0m01:38:03.954764 [debug] [ThreadPool]: Using snowflake connection "list_MOVIELENS"
[0m01:38:03.954929 [debug] [ThreadPool]: On list_MOVIELENS: /* {"app": "dbt", "dbt_version": "1.9.0", "profile_name": "netflix_analysis", "target_name": "dev", "connection_name": "list_MOVIELENS"} */
show terse schemas in database MOVIELENS
    limit 10000
[0m01:38:03.955024 [debug] [ThreadPool]: Opening a new connection, currently in state init
[0m01:38:04.777797 [debug] [ThreadPool]: SQL status: SUCCESS 4 in 0.823 seconds
[0m01:38:04.786763 [debug] [ThreadPool]: Re-using an available connection from the pool (formerly list_MOVIELENS, now list_MOVIELENS_DEV)
[0m01:38:04.798062 [debug] [ThreadPool]: Using snowflake connection "list_MOVIELENS_DEV"
[0m01:38:04.798416 [debug] [ThreadPool]: On list_MOVIELENS_DEV: /* {"app": "dbt", "dbt_version": "1.9.0", "profile_name": "netflix_analysis", "target_name": "dev", "connection_name": "list_MOVIELENS_DEV"} */
show objects in MOVIELENS.DEV limit 10000;
[0m01:38:04.936397 [debug] [ThreadPool]: SQL status: SUCCESS 9 in 0.138 seconds
[0m01:38:04.941607 [debug] [MainThread]: Sending event: {'category': 'dbt', 'action': 'runnable_timing', 'label': 'de74697f-819c-4c21-b5be-70969a86b9be', 'context': [<snowplow_tracker.self_describing_json.SelfDescribingJson object at 0x10880a090>]}
[0m01:38:04.943682 [debug] [Thread-1 (]: Began running node model.netflix_analysis.fct_genome_scores
[0m01:38:04.944384 [info ] [Thread-1 (]: 1 of 1 START sql view model DEV.fct_genome_scores .............................. [RUN]
[0m01:38:04.944978 [debug] [Thread-1 (]: Re-using an available connection from the pool (formerly list_MOVIELENS_DEV, now model.netflix_analysis.fct_genome_scores)
[0m01:38:04.945481 [debug] [Thread-1 (]: Began compiling node model.netflix_analysis.fct_genome_scores
[0m01:38:04.956139 [debug] [Thread-1 (]: Writing injected SQL for node "model.netflix_analysis.fct_genome_scores"
[0m01:38:04.957880 [debug] [Thread-1 (]: Began executing node model.netflix_analysis.fct_genome_scores
[0m01:38:04.976771 [debug] [Thread-1 (]: Writing runtime sql for node "model.netflix_analysis.fct_genome_scores"
[0m01:38:04.977519 [debug] [Thread-1 (]: Using snowflake connection "model.netflix_analysis.fct_genome_scores"
[0m01:38:04.977737 [debug] [Thread-1 (]: On model.netflix_analysis.fct_genome_scores: /* {"app": "dbt", "dbt_version": "1.9.0", "profile_name": "netflix_analysis", "target_name": "dev", "node_id": "model.netflix_analysis.fct_genome_scores"} */
create or replace   view MOVIELENS.DEV.fct_genome_scores
  
   as (
    WITH src_scores AS(
    SELECT * 
    FROM MOVIELENS.DEV.src_genome_scores
)

SELECT 
    user_id,
    tag_id,
    ROUND(relevance,4) AS relevance_score
FROM src_scores
WHERE relevance>0
  );
[0m01:38:05.148490 [debug] [Thread-1 (]: Snowflake adapter: Snowflake query id: 01c3f3b8-000d-b0b4-0000-00000c31bd71
[0m01:38:05.149156 [debug] [Thread-1 (]: Snowflake adapter: Snowflake error: 000904 (42000): SQL compilation error: error line 10 at position 4
invalid identifier 'USER_ID'
[0m01:38:05.154292 [debug] [Thread-1 (]: Database Error in model fct_genome_scores (models/fct/fct_genome_scores.sql)
  000904 (42000): SQL compilation error: error line 10 at position 4
  invalid identifier 'USER_ID'
  compiled code at target/run/netflix_analysis/models/fct/fct_genome_scores.sql
[0m01:38:05.156686 [debug] [Thread-1 (]: Sending event: {'category': 'dbt', 'action': 'run_model', 'label': 'de74697f-819c-4c21-b5be-70969a86b9be', 'context': [<snowplow_tracker.self_describing_json.SelfDescribingJson object at 0x108c619d0>]}
[0m01:38:05.157439 [error] [Thread-1 (]: 1 of 1 ERROR creating sql view model DEV.fct_genome_scores ..................... [[31mERROR[0m in 0.21s]
[0m01:38:05.157925 [debug] [Thread-1 (]: Finished running node model.netflix_analysis.fct_genome_scores
[0m01:38:05.158352 [debug] [Thread-4 (]: Marking all children of 'model.netflix_analysis.fct_genome_scores' to be skipped because of status 'error'.  Reason: Database Error in model fct_genome_scores (models/fct/fct_genome_scores.sql)
  000904 (42000): SQL compilation error: error line 10 at position 4
  invalid identifier 'USER_ID'
  compiled code at target/run/netflix_analysis/models/fct/fct_genome_scores.sql.
[0m01:38:05.160104 [debug] [MainThread]: Connection 'master' was properly closed.
[0m01:38:05.160458 [debug] [MainThread]: Connection 'model.netflix_analysis.fct_genome_scores' was left open.
[0m01:38:05.160729 [debug] [MainThread]: On model.netflix_analysis.fct_genome_scores: Close
[0m01:38:05.376860 [info ] [MainThread]: 
[0m01:38:05.377674 [info ] [MainThread]: Finished running 1 view model in 0 hours 0 minutes and 1.45 seconds (1.45s).
[0m01:38:05.378479 [debug] [MainThread]: Command end result
[0m01:38:05.402580 [debug] [MainThread]: Wrote artifact WritableManifest to /Users/sakshirai/Desktop/netflixanalysis/netflix_analysis/target/manifest.json
[0m01:38:05.404331 [debug] [MainThread]: Wrote artifact SemanticManifest to /Users/sakshirai/Desktop/netflixanalysis/netflix_analysis/target/semantic_manifest.json
[0m01:38:05.408343 [debug] [MainThread]: Wrote artifact RunExecutionResult to /Users/sakshirai/Desktop/netflixanalysis/netflix_analysis/target/run_results.json
[0m01:38:05.408549 [info ] [MainThread]: 
[0m01:38:05.408803 [info ] [MainThread]: [31mCompleted with 1 error, 0 partial successes, and 0 warnings:[0m
[0m01:38:05.408990 [info ] [MainThread]: 
[0m01:38:05.409213 [error] [MainThread]:   Database Error in model fct_genome_scores (models/fct/fct_genome_scores.sql)
  000904 (42000): SQL compilation error: error line 10 at position 4
  invalid identifier 'USER_ID'
  compiled code at target/run/netflix_analysis/models/fct/fct_genome_scores.sql
[0m01:38:05.409385 [info ] [MainThread]: 
[0m01:38:05.409575 [info ] [MainThread]: Done. PASS=0 WARN=0 ERROR=1 SKIP=0 TOTAL=1
[0m01:38:05.412348 [debug] [MainThread]: Resource report: {"command_name": "run", "command_success": false, "command_wall_clock_time": 2.0959783, "process_in_blocks": "0", "process_kernel_time": 0.190739, "process_mem_max_rss": "174702592", "process_out_blocks": "0", "process_user_time": 1.214408}
[0m01:38:05.412712 [debug] [MainThread]: Command `dbt run` failed at 01:38:05.412651 after 2.10 seconds
[0m01:38:05.412993 [debug] [MainThread]: Sending event: {'category': 'dbt', 'action': 'invocation', 'label': 'end', 'context': [<snowplow_tracker.self_describing_json.SelfDescribingJson object at 0x10f5d66d0>, <snowplow_tracker.self_describing_json.SelfDescribingJson object at 0x108d63e10>, <snowplow_tracker.self_describing_json.SelfDescribingJson object at 0x1078b3d90>]}
[0m01:38:05.413219 [debug] [MainThread]: Flushing usage events
[0m01:38:06.313424 [debug] [MainThread]: An error was encountered while trying to flush usage events
[0m01:39:23.147741 [debug] [MainThread]: Sending event: {'category': 'dbt', 'action': 'invocation', 'label': 'start', 'context': [<snowplow_tracker.self_describing_json.SelfDescribingJson object at 0x104893750>, <snowplow_tracker.self_describing_json.SelfDescribingJson object at 0x1048e70d0>, <snowplow_tracker.self_describing_json.SelfDescribingJson object at 0x1048e5810>]}


============================== 01:39:23.149535 | 3e0ecc02-2ffc-49fd-8ff5-8c2798e4287c ==============================
[0m01:39:23.149535 [info ] [MainThread]: Running with dbt=1.9.0
[0m01:39:23.149798 [debug] [MainThread]: running dbt with arguments {'printer_width': '80', 'indirect_selection': 'eager', 'write_json': 'True', 'log_cache_events': 'False', 'partial_parse': 'True', 'cache_selected_only': 'False', 'profiles_dir': '/Users/sakshirai/.dbt', 'debug': 'False', 'fail_fast': 'False', 'log_path': '/Users/sakshirai/Desktop/netflixanalysis/netflix_analysis/logs', 'warn_error': 'None', 'version_check': 'True', 'use_colors': 'True', 'use_experimental_parser': 'False', 'empty': 'False', 'quiet': 'False', 'no_print': 'None', 'log_format': 'default', 'static_parser': 'True', 'warn_error_options': 'WarnErrorOptions(include=[], exclude=[])', 'introspect': 'True', 'target_path': 'None', 'invocation_command': 'dbt run --model fct_genome_scores', 'send_anonymous_usage_stats': 'True'}
[0m01:39:23.296296 [debug] [MainThread]: Sending event: {'category': 'dbt', 'action': 'project_id', 'label': '3e0ecc02-2ffc-49fd-8ff5-8c2798e4287c', 'context': [<snowplow_tracker.self_describing_json.SelfDescribingJson object at 0x104893210>]}
[0m01:39:23.313677 [debug] [MainThread]: Sending event: {'category': 'dbt', 'action': 'adapter_info', 'label': '3e0ecc02-2ffc-49fd-8ff5-8c2798e4287c', 'context': [<snowplow_tracker.self_describing_json.SelfDescribingJson object at 0x1055b33d0>]}
[0m01:39:23.314006 [info ] [MainThread]: Registered adapter: snowflake=1.9.0
[0m01:39:23.358070 [debug] [MainThread]: checksum: c99e828bba267739642b5a3ce85f17518764ea526e0e6c4fdc649171c1a66bff, vars: {}, profile: , target: , version: 1.9.0
[0m01:39:23.379861 [info ] [MainThread]: Unable to do partial parsing because of a version mismatch
[0m01:39:23.380072 [debug] [MainThread]: Sending event: {'category': 'dbt', 'action': 'partial_parser', 'label': '3e0ecc02-2ffc-49fd-8ff5-8c2798e4287c', 'context': [<snowplow_tracker.self_describing_json.SelfDescribingJson object at 0x103cce810>]}
[0m01:39:23.697718 [debug] [MainThread]: Sending event: {'category': 'dbt', 'action': 'load_project', 'label': '3e0ecc02-2ffc-49fd-8ff5-8c2798e4287c', 'context': [<snowplow_tracker.self_describing_json.SelfDescribingJson object at 0x1057ceed0>]}
[0m01:39:23.716926 [debug] [MainThread]: Wrote artifact WritableManifest to /Users/sakshirai/Desktop/netflixanalysis/netflix_analysis/target/manifest.json
[0m01:39:23.720222 [debug] [MainThread]: Wrote artifact SemanticManifest to /Users/sakshirai/Desktop/netflixanalysis/netflix_analysis/target/semantic_manifest.json
[0m01:39:23.725116 [debug] [MainThread]: Sending event: {'category': 'dbt', 'action': 'resource_counts', 'label': '3e0ecc02-2ffc-49fd-8ff5-8c2798e4287c', 'context': [<snowplow_tracker.self_describing_json.SelfDescribingJson object at 0x105d64d50>]}
[0m01:39:23.725310 [info ] [MainThread]: Found 10 models, 473 macros
[0m01:39:23.725441 [debug] [MainThread]: Sending event: {'category': 'dbt', 'action': 'runnable_timing', 'label': '3e0ecc02-2ffc-49fd-8ff5-8c2798e4287c', 'context': [<snowplow_tracker.self_describing_json.SelfDescribingJson object at 0x105c9eed0>]}
[0m01:39:23.726017 [info ] [MainThread]: 
[0m01:39:23.726144 [info ] [MainThread]: Concurrency: 1 threads (target='dev')
[0m01:39:23.726240 [info ] [MainThread]: 
[0m01:39:23.726421 [debug] [MainThread]: Acquiring new snowflake connection 'master'
[0m01:39:23.726732 [debug] [ThreadPool]: Acquiring new snowflake connection 'list_MOVIELENS'
[0m01:39:23.748973 [debug] [ThreadPool]: Using snowflake connection "list_MOVIELENS"
[0m01:39:23.749170 [debug] [ThreadPool]: On list_MOVIELENS: /* {"app": "dbt", "dbt_version": "1.9.0", "profile_name": "netflix_analysis", "target_name": "dev", "connection_name": "list_MOVIELENS"} */
show terse schemas in database MOVIELENS
    limit 10000
[0m01:39:23.749284 [debug] [ThreadPool]: Opening a new connection, currently in state init
[0m01:39:24.549391 [debug] [ThreadPool]: SQL status: SUCCESS 4 in 0.800 seconds
[0m01:39:24.556975 [debug] [ThreadPool]: Re-using an available connection from the pool (formerly list_MOVIELENS, now list_MOVIELENS_DEV)
[0m01:39:24.566240 [debug] [ThreadPool]: Using snowflake connection "list_MOVIELENS_DEV"
[0m01:39:24.566568 [debug] [ThreadPool]: On list_MOVIELENS_DEV: /* {"app": "dbt", "dbt_version": "1.9.0", "profile_name": "netflix_analysis", "target_name": "dev", "connection_name": "list_MOVIELENS_DEV"} */
show objects in MOVIELENS.DEV limit 10000;
[0m01:39:24.698319 [debug] [ThreadPool]: SQL status: SUCCESS 9 in 0.131 seconds
[0m01:39:24.702927 [debug] [MainThread]: Sending event: {'category': 'dbt', 'action': 'runnable_timing', 'label': '3e0ecc02-2ffc-49fd-8ff5-8c2798e4287c', 'context': [<snowplow_tracker.self_describing_json.SelfDescribingJson object at 0x1059c9510>]}
[0m01:39:24.704915 [debug] [Thread-1 (]: Began running node model.netflix_analysis.fct_genome_scores
[0m01:39:24.705585 [info ] [Thread-1 (]: 1 of 1 START sql view model DEV.fct_genome_scores .............................. [RUN]
[0m01:39:24.706089 [debug] [Thread-1 (]: Re-using an available connection from the pool (formerly list_MOVIELENS_DEV, now model.netflix_analysis.fct_genome_scores)
[0m01:39:24.706441 [debug] [Thread-1 (]: Began compiling node model.netflix_analysis.fct_genome_scores
[0m01:39:24.717328 [debug] [Thread-1 (]: Writing injected SQL for node "model.netflix_analysis.fct_genome_scores"
[0m01:39:24.718854 [debug] [Thread-1 (]: Began executing node model.netflix_analysis.fct_genome_scores
[0m01:39:24.737385 [debug] [Thread-1 (]: Writing runtime sql for node "model.netflix_analysis.fct_genome_scores"
[0m01:39:24.738081 [debug] [Thread-1 (]: Using snowflake connection "model.netflix_analysis.fct_genome_scores"
[0m01:39:24.738293 [debug] [Thread-1 (]: On model.netflix_analysis.fct_genome_scores: /* {"app": "dbt", "dbt_version": "1.9.0", "profile_name": "netflix_analysis", "target_name": "dev", "node_id": "model.netflix_analysis.fct_genome_scores"} */
create or replace   view MOVIELENS.DEV.fct_genome_scores
  
   as (
    WITH src_scores AS(
    SELECT * 
    FROM MOVIELENS.DEV.src_genome_scores
)

SELECT 
    movie_id,
    tag_id,
    ROUND(relevance,4) AS relevance_score
FROM src_scores
WHERE relevance>0
  );
[0m01:39:24.941521 [debug] [Thread-1 (]: SQL status: SUCCESS 1 in 0.203 seconds
[0m01:39:24.962633 [debug] [Thread-1 (]: Sending event: {'category': 'dbt', 'action': 'run_model', 'label': '3e0ecc02-2ffc-49fd-8ff5-8c2798e4287c', 'context': [<snowplow_tracker.self_describing_json.SelfDescribingJson object at 0x105a85ad0>]}
[0m01:39:24.963229 [info ] [Thread-1 (]: 1 of 1 OK created sql view model DEV.fct_genome_scores ......................... [[32mSUCCESS 1[0m in 0.26s]
[0m01:39:24.963678 [debug] [Thread-1 (]: Finished running node model.netflix_analysis.fct_genome_scores
[0m01:39:24.964704 [debug] [MainThread]: Connection 'master' was properly closed.
[0m01:39:24.965027 [debug] [MainThread]: Connection 'model.netflix_analysis.fct_genome_scores' was left open.
[0m01:39:24.965262 [debug] [MainThread]: On model.netflix_analysis.fct_genome_scores: Close
[0m01:39:25.177058 [info ] [MainThread]: 
[0m01:39:25.177914 [info ] [MainThread]: Finished running 1 view model in 0 hours 0 minutes and 1.45 seconds (1.45s).
[0m01:39:25.178799 [debug] [MainThread]: Command end result
[0m01:39:25.200617 [debug] [MainThread]: Wrote artifact WritableManifest to /Users/sakshirai/Desktop/netflixanalysis/netflix_analysis/target/manifest.json
[0m01:39:25.202134 [debug] [MainThread]: Wrote artifact SemanticManifest to /Users/sakshirai/Desktop/netflixanalysis/netflix_analysis/target/semantic_manifest.json
[0m01:39:25.205922 [debug] [MainThread]: Wrote artifact RunExecutionResult to /Users/sakshirai/Desktop/netflixanalysis/netflix_analysis/target/run_results.json
[0m01:39:25.206119 [info ] [MainThread]: 
[0m01:39:25.206374 [info ] [MainThread]: [32mCompleted successfully[0m
[0m01:39:25.206542 [info ] [MainThread]: 
[0m01:39:25.206719 [info ] [MainThread]: Done. PASS=1 WARN=0 ERROR=0 SKIP=0 TOTAL=1
[0m01:39:25.208803 [debug] [MainThread]: Resource report: {"command_name": "run", "command_success": true, "command_wall_clock_time": 2.0842779, "process_in_blocks": "0", "process_kernel_time": 0.185698, "process_mem_max_rss": "174489600", "process_out_blocks": "0", "process_user_time": 1.208644}
[0m01:39:25.209055 [debug] [MainThread]: Command `dbt run` succeeded at 01:39:25.209006 after 2.08 seconds
[0m01:39:25.209261 [debug] [MainThread]: Sending event: {'category': 'dbt', 'action': 'invocation', 'label': 'end', 'context': [<snowplow_tracker.self_describing_json.SelfDescribingJson object at 0x1047d0590>, <snowplow_tracker.self_describing_json.SelfDescribingJson object at 0x103208d10>, <snowplow_tracker.self_describing_json.SelfDescribingJson object at 0x104893dd0>]}
[0m01:39:25.209473 [debug] [MainThread]: Flushing usage events
[0m01:39:26.105177 [debug] [MainThread]: An error was encountered while trying to flush usage events
[0m01:40:20.666840 [debug] [MainThread]: Sending event: {'category': 'dbt', 'action': 'invocation', 'label': 'start', 'context': [<snowplow_tracker.self_describing_json.SelfDescribingJson object at 0x108932d90>, <snowplow_tracker.self_describing_json.SelfDescribingJson object at 0x10871b610>, <snowplow_tracker.self_describing_json.SelfDescribingJson object at 0x10893ffd0>]}


============================== 01:40:20.670114 | 3be66e7b-551a-4a19-a23c-8b2e55c5843d ==============================
[0m01:40:20.670114 [info ] [MainThread]: Running with dbt=1.9.0
[0m01:40:20.670375 [debug] [MainThread]: running dbt with arguments {'printer_width': '80', 'indirect_selection': 'eager', 'write_json': 'True', 'log_cache_events': 'False', 'partial_parse': 'True', 'cache_selected_only': 'False', 'profiles_dir': '/Users/sakshirai/.dbt', 'debug': 'False', 'version_check': 'True', 'log_path': '/Users/sakshirai/Desktop/netflixanalysis/netflix_analysis/logs', 'warn_error': 'None', 'fail_fast': 'False', 'use_colors': 'True', 'use_experimental_parser': 'False', 'no_print': 'None', 'quiet': 'False', 'empty': 'False', 'warn_error_options': 'WarnErrorOptions(include=[], exclude=[])', 'invocation_command': 'dbt run --model fct_genome_scores', 'static_parser': 'True', 'log_format': 'default', 'target_path': 'None', 'introspect': 'True', 'send_anonymous_usage_stats': 'True'}
[0m01:40:20.895077 [debug] [MainThread]: Sending event: {'category': 'dbt', 'action': 'project_id', 'label': '3be66e7b-551a-4a19-a23c-8b2e55c5843d', 'context': [<snowplow_tracker.self_describing_json.SelfDescribingJson object at 0x109894e10>]}
[0m01:40:20.913023 [debug] [MainThread]: Sending event: {'category': 'dbt', 'action': 'adapter_info', 'label': '3be66e7b-551a-4a19-a23c-8b2e55c5843d', 'context': [<snowplow_tracker.self_describing_json.SelfDescribingJson object at 0x109653850>]}
[0m01:40:20.913753 [info ] [MainThread]: Registered adapter: snowflake=1.9.0
[0m01:40:20.962618 [debug] [MainThread]: checksum: c99e828bba267739642b5a3ce85f17518764ea526e0e6c4fdc649171c1a66bff, vars: {}, profile: , target: , version: 1.9.0
[0m01:40:20.984677 [info ] [MainThread]: Unable to do partial parsing because of a version mismatch
[0m01:40:20.984920 [debug] [MainThread]: Sending event: {'category': 'dbt', 'action': 'partial_parser', 'label': '3be66e7b-551a-4a19-a23c-8b2e55c5843d', 'context': [<snowplow_tracker.self_describing_json.SelfDescribingJson object at 0x10843b6d0>]}
[0m01:40:21.308997 [debug] [MainThread]: Sending event: {'category': 'dbt', 'action': 'load_project', 'label': '3be66e7b-551a-4a19-a23c-8b2e55c5843d', 'context': [<snowplow_tracker.self_describing_json.SelfDescribingJson object at 0x107c5a310>]}
[0m01:40:21.327984 [debug] [MainThread]: Wrote artifact WritableManifest to /Users/sakshirai/Desktop/netflixanalysis/netflix_analysis/target/manifest.json
[0m01:40:21.333994 [debug] [MainThread]: Wrote artifact SemanticManifest to /Users/sakshirai/Desktop/netflixanalysis/netflix_analysis/target/semantic_manifest.json
[0m01:40:21.343850 [debug] [MainThread]: Sending event: {'category': 'dbt', 'action': 'resource_counts', 'label': '3be66e7b-551a-4a19-a23c-8b2e55c5843d', 'context': [<snowplow_tracker.self_describing_json.SelfDescribingJson object at 0x109e13110>]}
[0m01:40:21.344028 [info ] [MainThread]: Found 10 models, 473 macros
[0m01:40:21.344159 [debug] [MainThread]: Sending event: {'category': 'dbt', 'action': 'runnable_timing', 'label': '3be66e7b-551a-4a19-a23c-8b2e55c5843d', 'context': [<snowplow_tracker.self_describing_json.SelfDescribingJson object at 0x1088dc4d0>]}
[0m01:40:21.344755 [info ] [MainThread]: 
[0m01:40:21.344885 [info ] [MainThread]: Concurrency: 1 threads (target='dev')
[0m01:40:21.344983 [info ] [MainThread]: 
[0m01:40:21.345163 [debug] [MainThread]: Acquiring new snowflake connection 'master'
[0m01:40:21.345483 [debug] [ThreadPool]: Acquiring new snowflake connection 'list_MOVIELENS'
[0m01:40:21.370429 [debug] [ThreadPool]: Using snowflake connection "list_MOVIELENS"
[0m01:40:21.370598 [debug] [ThreadPool]: On list_MOVIELENS: /* {"app": "dbt", "dbt_version": "1.9.0", "profile_name": "netflix_analysis", "target_name": "dev", "connection_name": "list_MOVIELENS"} */
show terse schemas in database MOVIELENS
    limit 10000
[0m01:40:21.370698 [debug] [ThreadPool]: Opening a new connection, currently in state init
[0m01:40:22.160946 [debug] [ThreadPool]: SQL status: SUCCESS 4 in 0.790 seconds
[0m01:40:22.165191 [debug] [ThreadPool]: Re-using an available connection from the pool (formerly list_MOVIELENS, now list_MOVIELENS_DEV)
[0m01:40:22.170841 [debug] [ThreadPool]: Using snowflake connection "list_MOVIELENS_DEV"
[0m01:40:22.171050 [debug] [ThreadPool]: On list_MOVIELENS_DEV: /* {"app": "dbt", "dbt_version": "1.9.0", "profile_name": "netflix_analysis", "target_name": "dev", "connection_name": "list_MOVIELENS_DEV"} */
show objects in MOVIELENS.DEV limit 10000;
[0m01:40:22.304770 [debug] [ThreadPool]: SQL status: SUCCESS 10 in 0.133 seconds
[0m01:40:22.310666 [debug] [MainThread]: Sending event: {'category': 'dbt', 'action': 'runnable_timing', 'label': '3be66e7b-551a-4a19-a23c-8b2e55c5843d', 'context': [<snowplow_tracker.self_describing_json.SelfDescribingJson object at 0x109c8ce90>]}
[0m01:40:22.311797 [debug] [Thread-1 (]: Began running node model.netflix_analysis.fct_genome_scores
[0m01:40:22.312176 [info ] [Thread-1 (]: 1 of 1 START sql table model DEV.fct_genome_scores ............................. [RUN]
[0m01:40:22.312523 [debug] [Thread-1 (]: Re-using an available connection from the pool (formerly list_MOVIELENS_DEV, now model.netflix_analysis.fct_genome_scores)
[0m01:40:22.312760 [debug] [Thread-1 (]: Began compiling node model.netflix_analysis.fct_genome_scores
[0m01:40:22.319316 [debug] [Thread-1 (]: Writing injected SQL for node "model.netflix_analysis.fct_genome_scores"
[0m01:40:22.320102 [debug] [Thread-1 (]: Began executing node model.netflix_analysis.fct_genome_scores
[0m01:40:22.329471 [debug] [Thread-1 (]:  adapter: Dropping relation "MOVIELENS"."DEV"."FCT_GENOME_SCORES" because it is a view and target relation MOVIELENS.DEV.fct_genome_scores is of type table.
[0m01:40:22.333252 [debug] [Thread-1 (]: Applying DROP to: "MOVIELENS"."DEV"."FCT_GENOME_SCORES"
[0m01:40:22.336330 [debug] [Thread-1 (]: Using snowflake connection "model.netflix_analysis.fct_genome_scores"
[0m01:40:22.336507 [debug] [Thread-1 (]: On model.netflix_analysis.fct_genome_scores: /* {"app": "dbt", "dbt_version": "1.9.0", "profile_name": "netflix_analysis", "target_name": "dev", "node_id": "model.netflix_analysis.fct_genome_scores"} */
drop view if exists "MOVIELENS"."DEV"."FCT_GENOME_SCORES" cascade
[0m01:40:22.479606 [debug] [Thread-1 (]: SQL status: SUCCESS 1 in 0.143 seconds
[0m01:40:22.496898 [debug] [Thread-1 (]: Writing runtime sql for node "model.netflix_analysis.fct_genome_scores"
[0m01:40:22.498318 [debug] [Thread-1 (]: Using snowflake connection "model.netflix_analysis.fct_genome_scores"
[0m01:40:22.498679 [debug] [Thread-1 (]: On model.netflix_analysis.fct_genome_scores: /* {"app": "dbt", "dbt_version": "1.9.0", "profile_name": "netflix_analysis", "target_name": "dev", "node_id": "model.netflix_analysis.fct_genome_scores"} */
create or replace transient table MOVIELENS.DEV.fct_genome_scores
         as
        (WITH src_scores AS(
    SELECT * 
    FROM MOVIELENS.DEV.src_genome_scores
)

SELECT 
    movie_id,
    tag_id,
    ROUND(relevance,4) AS relevance_score
FROM src_scores
WHERE relevance>0
        );
[0m01:40:24.034466 [debug] [Thread-1 (]: SQL status: SUCCESS 1 in 1.535 seconds
[0m01:40:24.060346 [debug] [Thread-1 (]: Sending event: {'category': 'dbt', 'action': 'run_model', 'label': '3be66e7b-551a-4a19-a23c-8b2e55c5843d', 'context': [<snowplow_tracker.self_describing_json.SelfDescribingJson object at 0x110574890>]}
[0m01:40:24.061039 [info ] [Thread-1 (]: 1 of 1 OK created sql table model DEV.fct_genome_scores ........................ [[32mSUCCESS 1[0m in 1.75s]
[0m01:40:24.061533 [debug] [Thread-1 (]: Finished running node model.netflix_analysis.fct_genome_scores
[0m01:40:24.062562 [debug] [MainThread]: Connection 'master' was properly closed.
[0m01:40:24.062782 [debug] [MainThread]: Connection 'model.netflix_analysis.fct_genome_scores' was left open.
[0m01:40:24.062984 [debug] [MainThread]: On model.netflix_analysis.fct_genome_scores: Close
[0m01:40:24.269716 [info ] [MainThread]: 
[0m01:40:24.270269 [info ] [MainThread]: Finished running 1 table model in 0 hours 0 minutes and 2.92 seconds (2.92s).
[0m01:40:24.270848 [debug] [MainThread]: Command end result
[0m01:40:24.287000 [debug] [MainThread]: Wrote artifact WritableManifest to /Users/sakshirai/Desktop/netflixanalysis/netflix_analysis/target/manifest.json
[0m01:40:24.288122 [debug] [MainThread]: Wrote artifact SemanticManifest to /Users/sakshirai/Desktop/netflixanalysis/netflix_analysis/target/semantic_manifest.json
[0m01:40:24.291199 [debug] [MainThread]: Wrote artifact RunExecutionResult to /Users/sakshirai/Desktop/netflixanalysis/netflix_analysis/target/run_results.json
[0m01:40:24.291383 [info ] [MainThread]: 
[0m01:40:24.291591 [info ] [MainThread]: [32mCompleted successfully[0m
[0m01:40:24.291738 [info ] [MainThread]: 
[0m01:40:24.291892 [info ] [MainThread]: Done. PASS=1 WARN=0 ERROR=0 SKIP=0 TOTAL=1
[0m01:40:24.294382 [debug] [MainThread]: Resource report: {"command_name": "run", "command_success": true, "command_wall_clock_time": 3.6534786, "process_in_blocks": "0", "process_kernel_time": 0.224235, "process_mem_max_rss": "174751744", "process_out_blocks": "0", "process_user_time": 1.187661}
[0m01:40:24.294636 [debug] [MainThread]: Command `dbt run` succeeded at 01:40:24.294590 after 3.65 seconds
[0m01:40:24.294825 [debug] [MainThread]: Sending event: {'category': 'dbt', 'action': 'invocation', 'label': 'end', 'context': [<snowplow_tracker.self_describing_json.SelfDescribingJson object at 0x108809550>, <snowplow_tracker.self_describing_json.SelfDescribingJson object at 0x104426d50>, <snowplow_tracker.self_describing_json.SelfDescribingJson object at 0x104426e10>]}
[0m01:40:24.294998 [debug] [MainThread]: Flushing usage events
[0m01:40:25.191212 [debug] [MainThread]: An error was encountered while trying to flush usage events
[0m02:32:54.054945 [debug] [MainThread]: Sending event: {'category': 'dbt', 'action': 'invocation', 'label': 'start', 'context': [<snowplow_tracker.self_describing_json.SelfDescribingJson object at 0x110de8a90>, <snowplow_tracker.self_describing_json.SelfDescribingJson object at 0x110e5b4d0>, <snowplow_tracker.self_describing_json.SelfDescribingJson object at 0x110e5bb90>]}


============================== 02:32:54.058612 | 9a1bfbd8-fb83-4013-9941-f8710f372510 ==============================
[0m02:32:54.058612 [info ] [MainThread]: Running with dbt=1.9.0
[0m02:32:54.058869 [debug] [MainThread]: running dbt with arguments {'printer_width': '80', 'indirect_selection': 'eager', 'log_cache_events': 'False', 'write_json': 'True', 'partial_parse': 'True', 'cache_selected_only': 'False', 'profiles_dir': '/Users/sakshirai/.dbt', 'debug': 'False', 'fail_fast': 'False', 'log_path': '/Users/sakshirai/Desktop/netflixanalysis/netflix_analysis/logs', 'version_check': 'True', 'warn_error': 'None', 'use_colors': 'True', 'use_experimental_parser': 'False', 'empty': 'False', 'quiet': 'False', 'no_print': 'None', 'log_format': 'default', 'invocation_command': 'dbt run --model fct_ratings', 'introspect': 'True', 'warn_error_options': 'WarnErrorOptions(include=[], exclude=[])', 'target_path': 'None', 'static_parser': 'True', 'send_anonymous_usage_stats': 'True'}
[0m02:32:54.275223 [debug] [MainThread]: Sending event: {'category': 'dbt', 'action': 'project_id', 'label': '9a1bfbd8-fb83-4013-9941-f8710f372510', 'context': [<snowplow_tracker.self_describing_json.SelfDescribingJson object at 0x110862350>]}
[0m02:32:54.291537 [debug] [MainThread]: Sending event: {'category': 'dbt', 'action': 'adapter_info', 'label': '9a1bfbd8-fb83-4013-9941-f8710f372510', 'context': [<snowplow_tracker.self_describing_json.SelfDescribingJson object at 0x107de0750>]}
[0m02:32:54.291909 [info ] [MainThread]: Registered adapter: snowflake=1.9.0
[0m02:32:54.339071 [debug] [MainThread]: checksum: c99e828bba267739642b5a3ce85f17518764ea526e0e6c4fdc649171c1a66bff, vars: {}, profile: , target: , version: 1.9.0
[0m02:32:54.360865 [info ] [MainThread]: Unable to do partial parsing because of a version mismatch
[0m02:32:54.361107 [debug] [MainThread]: Sending event: {'category': 'dbt', 'action': 'partial_parser', 'label': '9a1bfbd8-fb83-4013-9941-f8710f372510', 'context': [<snowplow_tracker.self_describing_json.SelfDescribingJson object at 0x110847a10>]}
[0m02:32:54.686440 [debug] [MainThread]: Sending event: {'category': 'dbt', 'action': 'load_project', 'label': '9a1bfbd8-fb83-4013-9941-f8710f372510', 'context': [<snowplow_tracker.self_describing_json.SelfDescribingJson object at 0x113111a10>]}
[0m02:32:54.705210 [debug] [MainThread]: Wrote artifact WritableManifest to /Users/sakshirai/Desktop/netflixanalysis/netflix_analysis/target/manifest.json
[0m02:32:54.711047 [debug] [MainThread]: Wrote artifact SemanticManifest to /Users/sakshirai/Desktop/netflixanalysis/netflix_analysis/target/semantic_manifest.json
[0m02:32:54.721285 [debug] [MainThread]: Sending event: {'category': 'dbt', 'action': 'resource_counts', 'label': '9a1bfbd8-fb83-4013-9941-f8710f372510', 'context': [<snowplow_tracker.self_describing_json.SelfDescribingJson object at 0x113549c90>]}
[0m02:32:54.721460 [info ] [MainThread]: Found 11 models, 473 macros
[0m02:32:54.721586 [debug] [MainThread]: Sending event: {'category': 'dbt', 'action': 'runnable_timing', 'label': '9a1bfbd8-fb83-4013-9941-f8710f372510', 'context': [<snowplow_tracker.self_describing_json.SelfDescribingJson object at 0x1131c9b90>]}
[0m02:32:54.722166 [info ] [MainThread]: 
[0m02:32:54.722299 [info ] [MainThread]: Concurrency: 1 threads (target='dev')
[0m02:32:54.722394 [info ] [MainThread]: 
[0m02:32:54.722567 [debug] [MainThread]: Acquiring new snowflake connection 'master'
[0m02:32:54.722875 [debug] [ThreadPool]: Acquiring new snowflake connection 'list_MOVIELENS'
[0m02:32:54.747520 [debug] [ThreadPool]: Using snowflake connection "list_MOVIELENS"
[0m02:32:54.747710 [debug] [ThreadPool]: On list_MOVIELENS: /* {"app": "dbt", "dbt_version": "1.9.0", "profile_name": "netflix_analysis", "target_name": "dev", "connection_name": "list_MOVIELENS"} */
show terse schemas in database MOVIELENS
    limit 10000
[0m02:32:54.747818 [debug] [ThreadPool]: Opening a new connection, currently in state init
[0m02:32:56.677055 [debug] [ThreadPool]: SQL status: SUCCESS 4 in 1.929 seconds
[0m02:32:56.686038 [debug] [ThreadPool]: Re-using an available connection from the pool (formerly list_MOVIELENS, now list_MOVIELENS_DEV)
[0m02:32:56.699330 [debug] [ThreadPool]: Using snowflake connection "list_MOVIELENS_DEV"
[0m02:32:56.699795 [debug] [ThreadPool]: On list_MOVIELENS_DEV: /* {"app": "dbt", "dbt_version": "1.9.0", "profile_name": "netflix_analysis", "target_name": "dev", "connection_name": "list_MOVIELENS_DEV"} */
show objects in MOVIELENS.DEV limit 10000;
[0m02:32:56.836741 [debug] [ThreadPool]: SQL status: SUCCESS 10 in 0.137 seconds
[0m02:32:56.842043 [debug] [MainThread]: Sending event: {'category': 'dbt', 'action': 'runnable_timing', 'label': '9a1bfbd8-fb83-4013-9941-f8710f372510', 'context': [<snowplow_tracker.self_describing_json.SelfDescribingJson object at 0x1130f3310>]}
[0m02:32:56.843498 [debug] [Thread-1 (]: Began running node model.netflix_analysis.fct_ratings
[0m02:32:56.844019 [info ] [Thread-1 (]: 1 of 1 START sql incremental model DEV.fct_ratings ............................. [RUN]
[0m02:32:56.844483 [debug] [Thread-1 (]: Re-using an available connection from the pool (formerly list_MOVIELENS_DEV, now model.netflix_analysis.fct_ratings)
[0m02:32:56.844782 [debug] [Thread-1 (]: Began compiling node model.netflix_analysis.fct_ratings
[0m02:32:56.851771 [debug] [Thread-1 (]: Writing injected SQL for node "model.netflix_analysis.fct_ratings"
[0m02:32:56.852570 [debug] [Thread-1 (]: Began executing node model.netflix_analysis.fct_ratings
[0m02:32:56.876365 [debug] [Thread-1 (]: Invalid value for on_schema_change (False) specified. Setting default value of ignore.
[0m02:32:56.884147 [debug] [Thread-1 (]: Writing runtime sql for node "model.netflix_analysis.fct_ratings"
[0m02:32:56.884704 [debug] [Thread-1 (]: Using snowflake connection "model.netflix_analysis.fct_ratings"
[0m02:32:56.884877 [debug] [Thread-1 (]: On model.netflix_analysis.fct_ratings: /* {"app": "dbt", "dbt_version": "1.9.0", "profile_name": "netflix_analysis", "target_name": "dev", "node_id": "model.netflix_analysis.fct_ratings"} */
create or replace transient table MOVIELENS.DEV.fct_ratings
         as
        (

WITH src_ratings AS(
    SELECT *
    FROM MOVIELENS.DEV.src_ratings
)

SELECT
    user_id,
    movie_id,
    rating,
    rating_timestamp
FROM src_ratings
WHERE rating IS NOT NULL


        );
[0m02:32:59.785656 [debug] [Thread-1 (]: SQL status: SUCCESS 1 in 2.900 seconds
[0m02:32:59.797357 [debug] [Thread-1 (]: Applying DROP to: MOVIELENS.DEV.fct_ratings__dbt_tmp
[0m02:32:59.804772 [debug] [Thread-1 (]: Using snowflake connection "model.netflix_analysis.fct_ratings"
[0m02:32:59.805246 [debug] [Thread-1 (]: On model.netflix_analysis.fct_ratings: /* {"app": "dbt", "dbt_version": "1.9.0", "profile_name": "netflix_analysis", "target_name": "dev", "node_id": "model.netflix_analysis.fct_ratings"} */
drop view if exists MOVIELENS.DEV.fct_ratings__dbt_tmp cascade
[0m02:32:59.922890 [debug] [Thread-1 (]: SQL status: SUCCESS 1 in 0.117 seconds
[0m02:32:59.946912 [debug] [Thread-1 (]: Sending event: {'category': 'dbt', 'action': 'run_model', 'label': '9a1bfbd8-fb83-4013-9941-f8710f372510', 'context': [<snowplow_tracker.self_describing_json.SelfDescribingJson object at 0x115268250>]}
[0m02:32:59.947523 [info ] [Thread-1 (]: 1 of 1 OK created sql incremental model DEV.fct_ratings ........................ [[32mSUCCESS 1[0m in 3.10s]
[0m02:32:59.947934 [debug] [Thread-1 (]: Finished running node model.netflix_analysis.fct_ratings
[0m02:32:59.948867 [debug] [MainThread]: Connection 'master' was properly closed.
[0m02:32:59.949107 [debug] [MainThread]: Connection 'model.netflix_analysis.fct_ratings' was left open.
[0m02:32:59.949310 [debug] [MainThread]: On model.netflix_analysis.fct_ratings: Close
[0m02:33:00.159471 [info ] [MainThread]: 
[0m02:33:00.160344 [info ] [MainThread]: Finished running 1 incremental model in 0 hours 0 minutes and 5.44 seconds (5.44s).
[0m02:33:00.161208 [debug] [MainThread]: Command end result
[0m02:33:00.186226 [debug] [MainThread]: Wrote artifact WritableManifest to /Users/sakshirai/Desktop/netflixanalysis/netflix_analysis/target/manifest.json
[0m02:33:00.187892 [debug] [MainThread]: Wrote artifact SemanticManifest to /Users/sakshirai/Desktop/netflixanalysis/netflix_analysis/target/semantic_manifest.json
[0m02:33:00.192083 [debug] [MainThread]: Wrote artifact RunExecutionResult to /Users/sakshirai/Desktop/netflixanalysis/netflix_analysis/target/run_results.json
[0m02:33:00.192331 [info ] [MainThread]: 
[0m02:33:00.192620 [info ] [MainThread]: [32mCompleted successfully[0m
[0m02:33:00.192789 [info ] [MainThread]: 
[0m02:33:00.192966 [info ] [MainThread]: Done. PASS=1 WARN=0 ERROR=0 SKIP=0 TOTAL=1
[0m02:33:00.195986 [debug] [MainThread]: Resource report: {"command_name": "run", "command_success": true, "command_wall_clock_time": 6.167536, "process_in_blocks": "0", "process_kernel_time": 0.257924, "process_mem_max_rss": "174325760", "process_out_blocks": "0", "process_user_time": 1.342435}
[0m02:33:00.196300 [debug] [MainThread]: Command `dbt run` succeeded at 02:33:00.196244 after 6.17 seconds
[0m02:33:00.196540 [debug] [MainThread]: Sending event: {'category': 'dbt', 'action': 'invocation', 'label': 'end', 'context': [<snowplow_tracker.self_describing_json.SelfDescribingJson object at 0x110e6fc90>, <snowplow_tracker.self_describing_json.SelfDescribingJson object at 0x110e6ff90>, <snowplow_tracker.self_describing_json.SelfDescribingJson object at 0x1029ca290>]}
[0m02:33:00.196755 [debug] [MainThread]: Flushing usage events
[0m02:33:01.094550 [debug] [MainThread]: An error was encountered while trying to flush usage events
[0m02:38:23.472921 [debug] [MainThread]: Sending event: {'category': 'dbt', 'action': 'invocation', 'label': 'start', 'context': [<snowplow_tracker.self_describing_json.SelfDescribingJson object at 0x1050476d0>, <snowplow_tracker.self_describing_json.SelfDescribingJson object at 0x1050b7590>, <snowplow_tracker.self_describing_json.SelfDescribingJson object at 0x1050b7c50>]}


============================== 02:38:23.474789 | 0993f73d-108a-4da5-aa16-164481c76b72 ==============================
[0m02:38:23.474789 [info ] [MainThread]: Running with dbt=1.9.0
[0m02:38:23.475041 [debug] [MainThread]: running dbt with arguments {'printer_width': '80', 'indirect_selection': 'eager', 'log_cache_events': 'False', 'write_json': 'True', 'partial_parse': 'True', 'cache_selected_only': 'False', 'profiles_dir': '/Users/sakshirai/.dbt', 'fail_fast': 'False', 'debug': 'False', 'log_path': '/Users/sakshirai/Desktop/netflixanalysis/netflix_analysis/logs', 'warn_error': 'None', 'version_check': 'True', 'use_colors': 'True', 'use_experimental_parser': 'False', 'empty': 'False', 'quiet': 'False', 'no_print': 'None', 'warn_error_options': 'WarnErrorOptions(include=[], exclude=[])', 'introspect': 'True', 'invocation_command': 'dbt run --model src_ratings', 'static_parser': 'True', 'target_path': 'None', 'log_format': 'default', 'send_anonymous_usage_stats': 'True'}
[0m02:38:23.638440 [debug] [MainThread]: Sending event: {'category': 'dbt', 'action': 'project_id', 'label': '0993f73d-108a-4da5-aa16-164481c76b72', 'context': [<snowplow_tracker.self_describing_json.SelfDescribingJson object at 0x105e48190>]}
[0m02:38:23.655263 [debug] [MainThread]: Sending event: {'category': 'dbt', 'action': 'adapter_info', 'label': '0993f73d-108a-4da5-aa16-164481c76b72', 'context': [<snowplow_tracker.self_describing_json.SelfDescribingJson object at 0x104434790>]}
[0m02:38:23.655622 [info ] [MainThread]: Registered adapter: snowflake=1.9.0
[0m02:38:23.700432 [debug] [MainThread]: checksum: c99e828bba267739642b5a3ce85f17518764ea526e0e6c4fdc649171c1a66bff, vars: {}, profile: , target: , version: 1.9.0
[0m02:38:23.722221 [info ] [MainThread]: Unable to do partial parsing because of a version mismatch
[0m02:38:23.722478 [debug] [MainThread]: Sending event: {'category': 'dbt', 'action': 'partial_parser', 'label': '0993f73d-108a-4da5-aa16-164481c76b72', 'context': [<snowplow_tracker.self_describing_json.SelfDescribingJson object at 0x104ba3950>]}
[0m02:38:24.043387 [debug] [MainThread]: Sending event: {'category': 'dbt', 'action': 'load_project', 'label': '0993f73d-108a-4da5-aa16-164481c76b72', 'context': [<snowplow_tracker.self_describing_json.SelfDescribingJson object at 0x1060dadd0>]}
[0m02:38:24.062637 [debug] [MainThread]: Wrote artifact WritableManifest to /Users/sakshirai/Desktop/netflixanalysis/netflix_analysis/target/manifest.json
[0m02:38:24.066040 [debug] [MainThread]: Wrote artifact SemanticManifest to /Users/sakshirai/Desktop/netflixanalysis/netflix_analysis/target/semantic_manifest.json
[0m02:38:24.070765 [debug] [MainThread]: Sending event: {'category': 'dbt', 'action': 'resource_counts', 'label': '0993f73d-108a-4da5-aa16-164481c76b72', 'context': [<snowplow_tracker.self_describing_json.SelfDescribingJson object at 0x1063da390>]}
[0m02:38:24.070944 [info ] [MainThread]: Found 11 models, 473 macros
[0m02:38:24.071070 [debug] [MainThread]: Sending event: {'category': 'dbt', 'action': 'runnable_timing', 'label': '0993f73d-108a-4da5-aa16-164481c76b72', 'context': [<snowplow_tracker.self_describing_json.SelfDescribingJson object at 0x106350a10>]}
[0m02:38:24.071641 [info ] [MainThread]: 
[0m02:38:24.071770 [info ] [MainThread]: Concurrency: 1 threads (target='dev')
[0m02:38:24.071865 [info ] [MainThread]: 
[0m02:38:24.072037 [debug] [MainThread]: Acquiring new snowflake connection 'master'
[0m02:38:24.072355 [debug] [ThreadPool]: Acquiring new snowflake connection 'list_MOVIELENS'
[0m02:38:24.095201 [debug] [ThreadPool]: Using snowflake connection "list_MOVIELENS"
[0m02:38:24.095376 [debug] [ThreadPool]: On list_MOVIELENS: /* {"app": "dbt", "dbt_version": "1.9.0", "profile_name": "netflix_analysis", "target_name": "dev", "connection_name": "list_MOVIELENS"} */
show terse schemas in database MOVIELENS
    limit 10000
[0m02:38:24.095485 [debug] [ThreadPool]: Opening a new connection, currently in state init
[0m02:38:24.946168 [debug] [ThreadPool]: SQL status: SUCCESS 4 in 0.850 seconds
[0m02:38:24.953944 [debug] [ThreadPool]: Re-using an available connection from the pool (formerly list_MOVIELENS, now list_MOVIELENS_DEV)
[0m02:38:24.967706 [debug] [ThreadPool]: Using snowflake connection "list_MOVIELENS_DEV"
[0m02:38:24.968162 [debug] [ThreadPool]: On list_MOVIELENS_DEV: /* {"app": "dbt", "dbt_version": "1.9.0", "profile_name": "netflix_analysis", "target_name": "dev", "connection_name": "list_MOVIELENS_DEV"} */
show objects in MOVIELENS.DEV limit 10000;
[0m02:38:25.110686 [debug] [ThreadPool]: SQL status: SUCCESS 11 in 0.142 seconds
[0m02:38:25.115674 [debug] [MainThread]: Sending event: {'category': 'dbt', 'action': 'runnable_timing', 'label': '0993f73d-108a-4da5-aa16-164481c76b72', 'context': [<snowplow_tracker.self_describing_json.SelfDescribingJson object at 0x1062bc350>]}
[0m02:38:25.118041 [debug] [Thread-1 (]: Began running node model.netflix_analysis.src_ratings
[0m02:38:25.118729 [info ] [Thread-1 (]: 1 of 1 START sql table model DEV.src_ratings ................................... [RUN]
[0m02:38:25.119213 [debug] [Thread-1 (]: Re-using an available connection from the pool (formerly list_MOVIELENS_DEV, now model.netflix_analysis.src_ratings)
[0m02:38:25.119524 [debug] [Thread-1 (]: Began compiling node model.netflix_analysis.src_ratings
[0m02:38:25.127431 [debug] [Thread-1 (]: Writing injected SQL for node "model.netflix_analysis.src_ratings"
[0m02:38:25.128586 [debug] [Thread-1 (]: Began executing node model.netflix_analysis.src_ratings
[0m02:38:25.139792 [debug] [Thread-1 (]:  adapter: Dropping relation "MOVIELENS"."DEV"."SRC_RATINGS" because it is a view and target relation MOVIELENS.DEV.src_ratings is of type table.
[0m02:38:25.144396 [debug] [Thread-1 (]: Applying DROP to: "MOVIELENS"."DEV"."SRC_RATINGS"
[0m02:38:25.147919 [debug] [Thread-1 (]: Using snowflake connection "model.netflix_analysis.src_ratings"
[0m02:38:25.148129 [debug] [Thread-1 (]: On model.netflix_analysis.src_ratings: /* {"app": "dbt", "dbt_version": "1.9.0", "profile_name": "netflix_analysis", "target_name": "dev", "node_id": "model.netflix_analysis.src_ratings"} */
drop view if exists "MOVIELENS"."DEV"."SRC_RATINGS" cascade
[0m02:38:25.290873 [debug] [Thread-1 (]: SQL status: SUCCESS 1 in 0.142 seconds
[0m02:38:25.306311 [debug] [Thread-1 (]: Writing runtime sql for node "model.netflix_analysis.src_ratings"
[0m02:38:25.307695 [debug] [Thread-1 (]: Using snowflake connection "model.netflix_analysis.src_ratings"
[0m02:38:25.308026 [debug] [Thread-1 (]: On model.netflix_analysis.src_ratings: /* {"app": "dbt", "dbt_version": "1.9.0", "profile_name": "netflix_analysis", "target_name": "dev", "node_id": "model.netflix_analysis.src_ratings"} */
create or replace transient table MOVIELENS.DEV.src_ratings
         as
        (

WITH raw_ratings AS(
    SELECT * 
    FROM MOVIELENS.RAW.RAW_RATINGS
)

SELECT 
    userID as user_id,
    movieID as movie_id,
    rating,
    TO_TIMESTAMP(timestamp) as rating_timestamp
FROM raw_ratings
        );
[0m02:38:27.910915 [debug] [Thread-1 (]: SQL status: SUCCESS 1 in 2.602 seconds
[0m02:38:27.935421 [debug] [Thread-1 (]: Sending event: {'category': 'dbt', 'action': 'run_model', 'label': '0993f73d-108a-4da5-aa16-164481c76b72', 'context': [<snowplow_tracker.self_describing_json.SelfDescribingJson object at 0x105e62050>]}
[0m02:38:27.936053 [info ] [Thread-1 (]: 1 of 1 OK created sql table model DEV.src_ratings .............................. [[32mSUCCESS 1[0m in 2.82s]
[0m02:38:27.936470 [debug] [Thread-1 (]: Finished running node model.netflix_analysis.src_ratings
[0m02:38:27.937465 [debug] [MainThread]: Connection 'master' was properly closed.
[0m02:38:27.937729 [debug] [MainThread]: Connection 'model.netflix_analysis.src_ratings' was left open.
[0m02:38:27.937946 [debug] [MainThread]: On model.netflix_analysis.src_ratings: Close
[0m02:38:28.153872 [info ] [MainThread]: 
[0m02:38:28.154928 [info ] [MainThread]: Finished running 1 table model in 0 hours 0 minutes and 4.08 seconds (4.08s).
[0m02:38:28.155855 [debug] [MainThread]: Command end result
[0m02:38:28.182244 [debug] [MainThread]: Wrote artifact WritableManifest to /Users/sakshirai/Desktop/netflixanalysis/netflix_analysis/target/manifest.json
[0m02:38:28.184021 [debug] [MainThread]: Wrote artifact SemanticManifest to /Users/sakshirai/Desktop/netflixanalysis/netflix_analysis/target/semantic_manifest.json
[0m02:38:28.188296 [debug] [MainThread]: Wrote artifact RunExecutionResult to /Users/sakshirai/Desktop/netflixanalysis/netflix_analysis/target/run_results.json
[0m02:38:28.188512 [info ] [MainThread]: 
[0m02:38:28.188791 [info ] [MainThread]: [32mCompleted successfully[0m
[0m02:38:28.188975 [info ] [MainThread]: 
[0m02:38:28.189175 [info ] [MainThread]: Done. PASS=1 WARN=0 ERROR=0 SKIP=0 TOTAL=1
[0m02:38:28.191637 [debug] [MainThread]: Resource report: {"command_name": "run", "command_success": true, "command_wall_clock_time": 4.741137, "process_in_blocks": "0", "process_kernel_time": 0.187638, "process_mem_max_rss": "176553984", "process_out_blocks": "0", "process_user_time": 1.245428}
[0m02:38:28.191910 [debug] [MainThread]: Command `dbt run` succeeded at 02:38:28.191860 after 4.74 seconds
[0m02:38:28.192145 [debug] [MainThread]: Sending event: {'category': 'dbt', 'action': 'invocation', 'label': 'end', 'context': [<snowplow_tracker.self_describing_json.SelfDescribingJson object at 0x1050b7b10>, <snowplow_tracker.self_describing_json.SelfDescribingJson object at 0x1050b7290>, <snowplow_tracker.self_describing_json.SelfDescribingJson object at 0x1007be290>]}
[0m02:38:28.192359 [debug] [MainThread]: Flushing usage events
[0m02:38:29.224171 [debug] [MainThread]: An error was encountered while trying to flush usage events
[0m02:44:42.944857 [debug] [MainThread]: Sending event: {'category': 'dbt', 'action': 'invocation', 'label': 'start', 'context': [<snowplow_tracker.self_describing_json.SelfDescribingJson object at 0x109217690>, <snowplow_tracker.self_describing_json.SelfDescribingJson object at 0x109269010>, <snowplow_tracker.self_describing_json.SelfDescribingJson object at 0x109217990>]}


============================== 02:44:42.946617 | 509eb26a-fbf9-4018-a95a-21915108299c ==============================
[0m02:44:42.946617 [info ] [MainThread]: Running with dbt=1.9.0
[0m02:44:42.946876 [debug] [MainThread]: running dbt with arguments {'printer_width': '80', 'indirect_selection': 'eager', 'write_json': 'True', 'log_cache_events': 'False', 'partial_parse': 'True', 'cache_selected_only': 'False', 'warn_error': 'None', 'version_check': 'True', 'profiles_dir': '/Users/sakshirai/.dbt', 'log_path': '/Users/sakshirai/Desktop/netflixanalysis/netflix_analysis/logs', 'fail_fast': 'False', 'debug': 'False', 'use_colors': 'True', 'use_experimental_parser': 'False', 'no_print': 'None', 'quiet': 'False', 'empty': 'False', 'log_format': 'default', 'static_parser': 'True', 'warn_error_options': 'WarnErrorOptions(include=[], exclude=[])', 'invocation_command': 'dbt run --select fct_ratings', 'target_path': 'None', 'introspect': 'True', 'send_anonymous_usage_stats': 'True'}
[0m02:44:43.093498 [debug] [MainThread]: Sending event: {'category': 'dbt', 'action': 'project_id', 'label': '509eb26a-fbf9-4018-a95a-21915108299c', 'context': [<snowplow_tracker.self_describing_json.SelfDescribingJson object at 0x10a1d7d50>]}
[0m02:44:43.110775 [debug] [MainThread]: Sending event: {'category': 'dbt', 'action': 'adapter_info', 'label': '509eb26a-fbf9-4018-a95a-21915108299c', 'context': [<snowplow_tracker.self_describing_json.SelfDescribingJson object at 0x1086006d0>]}
[0m02:44:43.111113 [info ] [MainThread]: Registered adapter: snowflake=1.9.0
[0m02:44:43.154828 [debug] [MainThread]: checksum: c99e828bba267739642b5a3ce85f17518764ea526e0e6c4fdc649171c1a66bff, vars: {}, profile: , target: , version: 1.9.0
[0m02:44:43.187060 [debug] [MainThread]: Partial parsing enabled: 0 files deleted, 0 files added, 0 files changed.
[0m02:44:43.187248 [debug] [MainThread]: Partial parsing enabled, no changes found, skipping parsing
[0m02:44:43.197126 [debug] [MainThread]: Sending event: {'category': 'dbt', 'action': 'load_project', 'label': '509eb26a-fbf9-4018-a95a-21915108299c', 'context': [<snowplow_tracker.self_describing_json.SelfDescribingJson object at 0x10a4d5710>]}
[0m02:44:43.217003 [debug] [MainThread]: Wrote artifact WritableManifest to /Users/sakshirai/Desktop/netflixanalysis/netflix_analysis/target/manifest.json
[0m02:44:43.220358 [debug] [MainThread]: Wrote artifact SemanticManifest to /Users/sakshirai/Desktop/netflixanalysis/netflix_analysis/target/semantic_manifest.json
[0m02:44:43.225293 [debug] [MainThread]: Sending event: {'category': 'dbt', 'action': 'resource_counts', 'label': '509eb26a-fbf9-4018-a95a-21915108299c', 'context': [<snowplow_tracker.self_describing_json.SelfDescribingJson object at 0x10a149e90>]}
[0m02:44:43.225470 [info ] [MainThread]: Found 11 models, 473 macros
[0m02:44:43.225598 [debug] [MainThread]: Sending event: {'category': 'dbt', 'action': 'runnable_timing', 'label': '509eb26a-fbf9-4018-a95a-21915108299c', 'context': [<snowplow_tracker.self_describing_json.SelfDescribingJson object at 0x107914d90>]}
[0m02:44:43.226150 [info ] [MainThread]: 
[0m02:44:43.226280 [info ] [MainThread]: Concurrency: 1 threads (target='dev')
[0m02:44:43.226376 [info ] [MainThread]: 
[0m02:44:43.226561 [debug] [MainThread]: Acquiring new snowflake connection 'master'
[0m02:44:43.226917 [debug] [ThreadPool]: Acquiring new snowflake connection 'list_MOVIELENS'
[0m02:44:43.248759 [debug] [ThreadPool]: Using snowflake connection "list_MOVIELENS"
[0m02:44:43.248937 [debug] [ThreadPool]: On list_MOVIELENS: /* {"app": "dbt", "dbt_version": "1.9.0", "profile_name": "netflix_analysis", "target_name": "dev", "connection_name": "list_MOVIELENS"} */
show terse schemas in database MOVIELENS
    limit 10000
[0m02:44:43.249048 [debug] [ThreadPool]: Opening a new connection, currently in state init
[0m02:44:44.076963 [debug] [ThreadPool]: SQL status: SUCCESS 4 in 0.828 seconds
[0m02:44:44.085637 [debug] [ThreadPool]: Re-using an available connection from the pool (formerly list_MOVIELENS, now list_MOVIELENS_DEV)
[0m02:44:44.096901 [debug] [ThreadPool]: Using snowflake connection "list_MOVIELENS_DEV"
[0m02:44:44.097290 [debug] [ThreadPool]: On list_MOVIELENS_DEV: /* {"app": "dbt", "dbt_version": "1.9.0", "profile_name": "netflix_analysis", "target_name": "dev", "connection_name": "list_MOVIELENS_DEV"} */
show objects in MOVIELENS.DEV limit 10000;
[0m02:44:44.242930 [debug] [ThreadPool]: SQL status: SUCCESS 11 in 0.145 seconds
[0m02:44:44.247931 [debug] [MainThread]: Sending event: {'category': 'dbt', 'action': 'runnable_timing', 'label': '509eb26a-fbf9-4018-a95a-21915108299c', 'context': [<snowplow_tracker.self_describing_json.SelfDescribingJson object at 0x10b400b50>]}
[0m02:44:44.250018 [debug] [Thread-1 (]: Began running node model.netflix_analysis.fct_ratings
[0m02:44:44.250688 [info ] [Thread-1 (]: 1 of 1 START sql incremental model DEV.fct_ratings ............................. [RUN]
[0m02:44:44.251220 [debug] [Thread-1 (]: Re-using an available connection from the pool (formerly list_MOVIELENS_DEV, now model.netflix_analysis.fct_ratings)
[0m02:44:44.251585 [debug] [Thread-1 (]: Began compiling node model.netflix_analysis.fct_ratings
[0m02:44:44.264876 [debug] [Thread-1 (]: Writing injected SQL for node "model.netflix_analysis.fct_ratings"
[0m02:44:44.265833 [debug] [Thread-1 (]: Began executing node model.netflix_analysis.fct_ratings
[0m02:44:44.288255 [debug] [Thread-1 (]: Invalid value for on_schema_change (False) specified. Setting default value of ignore.
[0m02:44:44.292758 [debug] [Thread-1 (]: Using snowflake connection "model.netflix_analysis.fct_ratings"
[0m02:44:44.292974 [debug] [Thread-1 (]: On model.netflix_analysis.fct_ratings: /* {"app": "dbt", "dbt_version": "1.9.0", "profile_name": "netflix_analysis", "target_name": "dev", "node_id": "model.netflix_analysis.fct_ratings"} */
create or replace  temporary view MOVIELENS.DEV.fct_ratings__dbt_tmp
  
   as (
    

WITH src_ratings AS(
    SELECT *
    FROM MOVIELENS.DEV.src_ratings
)

SELECT
    user_id,
    movie_id,
    rating,
    rating_timestamp
FROM src_ratings
WHERE rating IS NOT NULL


  AND rating_timestamp > (SELECT MAX(rating_timestamp) FROM MOVIELENS.DEV.fct_ratings)

  );
[0m02:44:44.496859 [debug] [Thread-1 (]: SQL status: SUCCESS 1 in 0.203 seconds
[0m02:44:44.507988 [debug] [Thread-1 (]: Using snowflake connection "model.netflix_analysis.fct_ratings"
[0m02:44:44.508850 [debug] [Thread-1 (]: On model.netflix_analysis.fct_ratings: /* {"app": "dbt", "dbt_version": "1.9.0", "profile_name": "netflix_analysis", "target_name": "dev", "node_id": "model.netflix_analysis.fct_ratings"} */
describe table MOVIELENS.DEV.fct_ratings__dbt_tmp
[0m02:44:44.647096 [debug] [Thread-1 (]: SQL status: SUCCESS 4 in 0.138 seconds
[0m02:44:44.653918 [debug] [Thread-1 (]: Using snowflake connection "model.netflix_analysis.fct_ratings"
[0m02:44:44.654667 [debug] [Thread-1 (]: On model.netflix_analysis.fct_ratings: /* {"app": "dbt", "dbt_version": "1.9.0", "profile_name": "netflix_analysis", "target_name": "dev", "node_id": "model.netflix_analysis.fct_ratings"} */
describe table MOVIELENS.DEV.fct_ratings
[0m02:44:44.775083 [debug] [Thread-1 (]: SQL status: SUCCESS 4 in 0.120 seconds
[0m02:44:44.783459 [debug] [Thread-1 (]: Using snowflake connection "model.netflix_analysis.fct_ratings"
[0m02:44:44.783795 [debug] [Thread-1 (]: On model.netflix_analysis.fct_ratings: /* {"app": "dbt", "dbt_version": "1.9.0", "profile_name": "netflix_analysis", "target_name": "dev", "node_id": "model.netflix_analysis.fct_ratings"} */
describe table "MOVIELENS"."DEV"."FCT_RATINGS"
[0m02:44:44.905886 [debug] [Thread-1 (]: SQL status: SUCCESS 4 in 0.122 seconds
[0m02:44:44.925114 [debug] [Thread-1 (]: Writing runtime sql for node "model.netflix_analysis.fct_ratings"
[0m02:44:44.926361 [debug] [Thread-1 (]: Using snowflake connection "model.netflix_analysis.fct_ratings"
[0m02:44:44.926673 [debug] [Thread-1 (]: On model.netflix_analysis.fct_ratings: /* {"app": "dbt", "dbt_version": "1.9.0", "profile_name": "netflix_analysis", "target_name": "dev", "node_id": "model.netflix_analysis.fct_ratings"} */
-- back compat for old kwarg name
  
  begin;
[0m02:44:45.062739 [debug] [Thread-1 (]: SQL status: SUCCESS 1 in 0.135 seconds
[0m02:44:45.064049 [debug] [Thread-1 (]: Using snowflake connection "model.netflix_analysis.fct_ratings"
[0m02:44:45.064776 [debug] [Thread-1 (]: On model.netflix_analysis.fct_ratings: /* {"app": "dbt", "dbt_version": "1.9.0", "profile_name": "netflix_analysis", "target_name": "dev", "node_id": "model.netflix_analysis.fct_ratings"} */
insert into MOVIELENS.DEV.fct_ratings ("USER_ID", "MOVIE_ID", "RATING", "RATING_TIMESTAMP")
        (
            select "USER_ID", "MOVIE_ID", "RATING", "RATING_TIMESTAMP"
            from MOVIELENS.DEV.fct_ratings__dbt_tmp
        );
[0m02:44:45.359377 [debug] [Thread-1 (]: SQL status: SUCCESS 1 in 0.294 seconds
[0m02:44:45.360011 [debug] [Thread-1 (]: Using snowflake connection "model.netflix_analysis.fct_ratings"
[0m02:44:45.360338 [debug] [Thread-1 (]: On model.netflix_analysis.fct_ratings: /* {"app": "dbt", "dbt_version": "1.9.0", "profile_name": "netflix_analysis", "target_name": "dev", "node_id": "model.netflix_analysis.fct_ratings"} */
COMMIT
[0m02:44:45.573304 [debug] [Thread-1 (]: SQL status: SUCCESS 1 in 0.213 seconds
[0m02:44:45.582323 [debug] [Thread-1 (]: Applying DROP to: MOVIELENS.DEV.fct_ratings__dbt_tmp
[0m02:44:45.588189 [debug] [Thread-1 (]: Using snowflake connection "model.netflix_analysis.fct_ratings"
[0m02:44:45.588637 [debug] [Thread-1 (]: On model.netflix_analysis.fct_ratings: /* {"app": "dbt", "dbt_version": "1.9.0", "profile_name": "netflix_analysis", "target_name": "dev", "node_id": "model.netflix_analysis.fct_ratings"} */
drop view if exists MOVIELENS.DEV.fct_ratings__dbt_tmp cascade
[0m02:44:45.724598 [debug] [Thread-1 (]: SQL status: SUCCESS 1 in 0.135 seconds
[0m02:44:45.743576 [debug] [Thread-1 (]: Sending event: {'category': 'dbt', 'action': 'run_model', 'label': '509eb26a-fbf9-4018-a95a-21915108299c', 'context': [<snowplow_tracker.self_describing_json.SelfDescribingJson object at 0x110eab190>]}
[0m02:44:45.744304 [info ] [Thread-1 (]: 1 of 1 OK created sql incremental model DEV.fct_ratings ........................ [[32mSUCCESS 1[0m in 1.49s]
[0m02:44:45.744837 [debug] [Thread-1 (]: Finished running node model.netflix_analysis.fct_ratings
[0m02:44:45.745923 [debug] [MainThread]: Connection 'master' was properly closed.
[0m02:44:45.746171 [debug] [MainThread]: Connection 'model.netflix_analysis.fct_ratings' was left open.
[0m02:44:45.746397 [debug] [MainThread]: On model.netflix_analysis.fct_ratings: Close
[0m02:44:45.960581 [info ] [MainThread]: 
[0m02:44:45.969203 [info ] [MainThread]: Finished running 1 incremental model in 0 hours 0 minutes and 2.73 seconds (2.73s).
[0m02:44:45.970433 [debug] [MainThread]: Command end result
[0m02:44:45.998837 [debug] [MainThread]: Wrote artifact WritableManifest to /Users/sakshirai/Desktop/netflixanalysis/netflix_analysis/target/manifest.json
[0m02:44:46.000754 [debug] [MainThread]: Wrote artifact SemanticManifest to /Users/sakshirai/Desktop/netflixanalysis/netflix_analysis/target/semantic_manifest.json
[0m02:44:46.004907 [debug] [MainThread]: Wrote artifact RunExecutionResult to /Users/sakshirai/Desktop/netflixanalysis/netflix_analysis/target/run_results.json
[0m02:44:46.005165 [info ] [MainThread]: 
[0m02:44:46.005946 [info ] [MainThread]: [32mCompleted successfully[0m
[0m02:44:46.006188 [info ] [MainThread]: 
[0m02:44:46.006558 [info ] [MainThread]: Done. PASS=1 WARN=0 ERROR=0 SKIP=0 TOTAL=1
[0m02:44:46.008859 [debug] [MainThread]: Resource report: {"command_name": "run", "command_success": true, "command_wall_clock_time": 3.0865412, "process_in_blocks": "0", "process_kernel_time": 0.194034, "process_mem_max_rss": "175063040", "process_out_blocks": "0", "process_user_time": 0.983764}
[0m02:44:46.009127 [debug] [MainThread]: Command `dbt run` succeeded at 02:44:46.009077 after 3.09 seconds
[0m02:44:46.009339 [debug] [MainThread]: Sending event: {'category': 'dbt', 'action': 'invocation', 'label': 'end', 'context': [<snowplow_tracker.self_describing_json.SelfDescribingJson object at 0x10920eb10>, <snowplow_tracker.self_describing_json.SelfDescribingJson object at 0x109217f90>, <snowplow_tracker.self_describing_json.SelfDescribingJson object at 0x109215d90>]}
[0m02:44:46.009545 [debug] [MainThread]: Flushing usage events
[0m02:44:47.012436 [debug] [MainThread]: An error was encountered while trying to flush usage events
[0m12:33:57.303734 [debug] [MainThread]: Sending event: {'category': 'dbt', 'action': 'invocation', 'label': 'start', 'context': [<snowplow_tracker.self_describing_json.SelfDescribingJson object at 0x1085d8ad0>, <snowplow_tracker.self_describing_json.SelfDescribingJson object at 0x1095379d0>, <snowplow_tracker.self_describing_json.SelfDescribingJson object at 0x109537890>]}


============================== 12:33:57.305540 | 122d1648-64a8-46db-8e0b-b6430f32bc64 ==============================
[0m12:33:57.305540 [info ] [MainThread]: Running with dbt=1.11.8
[0m12:33:57.305771 [debug] [MainThread]: running dbt with arguments {'target_path': 'None', 'static_parser': 'True', 'cache_selected_only': 'False', 'use_experimental_parser': 'False', 'indirect_selection': 'eager', 'empty': 'None', 'warn_error_options': 'WarnErrorOptionsV2(error=[], warn=[], silence=[])', 'partial_parse': 'True', 'profiles_dir': '/Users/sakshirai/.dbt', 'log_path': '/Users/sakshirai/Desktop/netflixanalysis/netflix_analysis/logs', 'log_cache_events': 'False', 'introspect': 'True', 'printer_width': '80', 'debug': 'False', 'no_print': 'None', 'fail_fast': 'False', 'invocation_command': 'dbt ', 'send_anonymous_usage_stats': 'True', 'use_colors': 'True', 'warn_error': 'None', 'log_format': 'default', 'version_check': 'True', 'write_json': 'True', 'quiet': 'False'}
[0m12:33:57.407904 [debug] [MainThread]: Sending event: {'category': 'dbt', 'action': 'project_id', 'label': '122d1648-64a8-46db-8e0b-b6430f32bc64', 'context': [<snowplow_tracker.self_describing_json.SelfDescribingJson object at 0x108874770>]}
[0m12:33:57.415596 [info ] [MainThread]: Warning: No packages were found in packages.yml
[0m12:33:57.416116 [info ] [MainThread]: Warning: No packages were found in packages.yml
[0m12:33:57.442400 [debug] [MainThread]: Resource report: {"command_name": "deps", "command_success": true, "command_wall_clock_time": 0.16477033, "process_in_blocks": "0", "process_kernel_time": 0.078991, "process_mem_max_rss": "117293056", "process_out_blocks": "0", "process_user_time": 0.522195}
[0m12:33:57.442663 [debug] [MainThread]: Command `cli deps` succeeded at 12:33:57.442609 after 0.17 seconds
[0m12:33:57.442835 [debug] [MainThread]: Sending event: {'category': 'dbt', 'action': 'invocation', 'label': 'end', 'context': [<snowplow_tracker.self_describing_json.SelfDescribingJson object at 0x10948d260>, <snowplow_tracker.self_describing_json.SelfDescribingJson object at 0x10948de10>, <snowplow_tracker.self_describing_json.SelfDescribingJson object at 0x10941e650>]}
[0m12:33:57.443005 [debug] [MainThread]: Flushing usage events
[0m12:33:58.484515 [debug] [MainThread]: An error was encountered while trying to flush usage events
[0m12:41:48.728936 [debug] [MainThread]: Sending event: {'category': 'dbt', 'action': 'invocation', 'label': 'start', 'context': [<snowplow_tracker.self_describing_json.SelfDescribingJson object at 0x104a2b910>, <snowplow_tracker.self_describing_json.SelfDescribingJson object at 0x104a32050>, <snowplow_tracker.self_describing_json.SelfDescribingJson object at 0x104a9b590>]}


============================== 12:41:48.731582 | 2931db0e-f6d6-4706-aa3f-fc73cb26842a ==============================
[0m12:41:48.731582 [info ] [MainThread]: Running with dbt=1.9.0
[0m12:41:48.731846 [debug] [MainThread]: running dbt with arguments {'printer_width': '80', 'indirect_selection': 'eager', 'log_cache_events': 'False', 'write_json': 'True', 'partial_parse': 'True', 'cache_selected_only': 'False', 'profiles_dir': '/Users/sakshirai/.dbt', 'version_check': 'True', 'debug': 'False', 'log_path': '/Users/sakshirai/Desktop/netflixanalysis/netflix_analysis/logs', 'fail_fast': 'False', 'warn_error': 'None', 'use_colors': 'True', 'use_experimental_parser': 'False', 'empty': 'False', 'quiet': 'False', 'no_print': 'None', 'log_format': 'default', 'invocation_command': 'dbt run --model dim_movies_with_tags', 'static_parser': 'True', 'introspect': 'True', 'target_path': 'None', 'warn_error_options': 'WarnErrorOptions(include=[], exclude=[])', 'send_anonymous_usage_stats': 'True'}
[0m12:41:48.962251 [debug] [MainThread]: Sending event: {'category': 'dbt', 'action': 'project_id', 'label': '2931db0e-f6d6-4706-aa3f-fc73cb26842a', 'context': [<snowplow_tracker.self_describing_json.SelfDescribingJson object at 0x1059df310>]}
[0m12:41:48.979155 [debug] [MainThread]: Sending event: {'category': 'dbt', 'action': 'adapter_info', 'label': '2931db0e-f6d6-4706-aa3f-fc73cb26842a', 'context': [<snowplow_tracker.self_describing_json.SelfDescribingJson object at 0x10578afd0>]}
[0m12:41:48.979630 [info ] [MainThread]: Registered adapter: snowflake=1.9.0
[0m12:41:49.027176 [debug] [MainThread]: checksum: c99e828bba267739642b5a3ce85f17518764ea526e0e6c4fdc649171c1a66bff, vars: {}, profile: , target: , version: 1.9.0
[0m12:41:49.050097 [info ] [MainThread]: Unable to do partial parsing because of a version mismatch
[0m12:41:49.050317 [debug] [MainThread]: Sending event: {'category': 'dbt', 'action': 'partial_parser', 'label': '2931db0e-f6d6-4706-aa3f-fc73cb26842a', 'context': [<snowplow_tracker.self_describing_json.SelfDescribingJson object at 0x10458f910>]}
[0m12:41:49.380711 [debug] [MainThread]: Sending event: {'category': 'dbt', 'action': 'load_project', 'label': '2931db0e-f6d6-4706-aa3f-fc73cb26842a', 'context': [<snowplow_tracker.self_describing_json.SelfDescribingJson object at 0x105c97050>]}
[0m12:41:49.400129 [debug] [MainThread]: Wrote artifact WritableManifest to /Users/sakshirai/Desktop/netflixanalysis/netflix_analysis/target/manifest.json
[0m12:41:49.405881 [debug] [MainThread]: Wrote artifact SemanticManifest to /Users/sakshirai/Desktop/netflixanalysis/netflix_analysis/target/semantic_manifest.json
[0m12:41:49.416069 [debug] [MainThread]: Sending event: {'category': 'dbt', 'action': 'resource_counts', 'label': '2931db0e-f6d6-4706-aa3f-fc73cb26842a', 'context': [<snowplow_tracker.self_describing_json.SelfDescribingJson object at 0x105f62f90>]}
[0m12:41:49.416269 [info ] [MainThread]: Found 12 models, 473 macros
[0m12:41:49.416395 [debug] [MainThread]: Sending event: {'category': 'dbt', 'action': 'runnable_timing', 'label': '2931db0e-f6d6-4706-aa3f-fc73cb26842a', 'context': [<snowplow_tracker.self_describing_json.SelfDescribingJson object at 0x105e1f410>]}
[0m12:41:49.416989 [info ] [MainThread]: 
[0m12:41:49.417114 [info ] [MainThread]: Concurrency: 1 threads (target='dev')
[0m12:41:49.417211 [info ] [MainThread]: 
[0m12:41:49.417388 [debug] [MainThread]: Acquiring new snowflake connection 'master'
[0m12:41:49.419185 [debug] [ThreadPool]: Acquiring new snowflake connection 'list_MOVIELENS_DEV'
[0m12:41:49.445362 [debug] [ThreadPool]: Using snowflake connection "list_MOVIELENS_DEV"
[0m12:41:49.445538 [debug] [ThreadPool]: On list_MOVIELENS_DEV: /* {"app": "dbt", "dbt_version": "1.9.0", "profile_name": "netflix_analysis", "target_name": "dev", "connection_name": "list_MOVIELENS_DEV"} */
show objects in MOVIELENS.DEV limit 10000;
[0m12:41:49.445641 [debug] [ThreadPool]: Opening a new connection, currently in state init
[0m12:41:50.471885 [debug] [ThreadPool]: SQL status: SUCCESS 11 in 1.026 seconds
[0m12:41:50.477366 [debug] [MainThread]: Sending event: {'category': 'dbt', 'action': 'runnable_timing', 'label': '2931db0e-f6d6-4706-aa3f-fc73cb26842a', 'context': [<snowplow_tracker.self_describing_json.SelfDescribingJson object at 0x104630350>]}
[0m12:41:50.479656 [debug] [Thread-1 (]: Began running node model.netflix_analysis.dim_movies_with_tags
[0m12:41:50.480627 [debug] [Thread-1 (]: Re-using an available connection from the pool (formerly list_MOVIELENS_DEV, now model.netflix_analysis.dim_movies_with_tags)
[0m12:41:50.481139 [debug] [Thread-1 (]: Began compiling node model.netflix_analysis.dim_movies_with_tags
[0m12:41:50.490499 [debug] [Thread-1 (]: Writing injected SQL for node "model.netflix_analysis.dim_movies_with_tags"
[0m12:41:50.491795 [debug] [Thread-1 (]: Finished running node model.netflix_analysis.dim_movies_with_tags
[0m12:41:50.492871 [debug] [MainThread]: Connection 'master' was properly closed.
[0m12:41:50.493200 [debug] [MainThread]: Connection 'model.netflix_analysis.dim_movies_with_tags' was left open.
[0m12:41:50.493459 [debug] [MainThread]: On model.netflix_analysis.dim_movies_with_tags: Close
[0m12:41:50.715415 [info ] [MainThread]: 
[0m12:41:50.716246 [info ] [MainThread]: Finished running  in 0 hours 0 minutes and 1.30 seconds (1.30s).
[0m12:41:50.717003 [debug] [MainThread]: Command end result
[0m12:41:50.740122 [debug] [MainThread]: Wrote artifact WritableManifest to /Users/sakshirai/Desktop/netflixanalysis/netflix_analysis/target/manifest.json
[0m12:41:50.741817 [debug] [MainThread]: Wrote artifact SemanticManifest to /Users/sakshirai/Desktop/netflixanalysis/netflix_analysis/target/semantic_manifest.json
[0m12:41:50.744264 [debug] [MainThread]: Wrote artifact RunExecutionResult to /Users/sakshirai/Desktop/netflixanalysis/netflix_analysis/target/run_results.json
[0m12:41:50.747464 [debug] [MainThread]: Resource report: {"command_name": "run", "command_success": true, "command_wall_clock_time": 2.0429232, "process_in_blocks": "0", "process_kernel_time": 0.221726, "process_mem_max_rss": "173785088", "process_out_blocks": "0", "process_user_time": 1.149471}
[0m12:41:50.747775 [debug] [MainThread]: Command `dbt run` succeeded at 12:41:50.747718 after 2.04 seconds
[0m12:41:50.747996 [debug] [MainThread]: Sending event: {'category': 'dbt', 'action': 'invocation', 'label': 'end', 'context': [<snowplow_tracker.self_describing_json.SelfDescribingJson object at 0x10049ac90>, <snowplow_tracker.self_describing_json.SelfDescribingJson object at 0x10049a1d0>, <snowplow_tracker.self_describing_json.SelfDescribingJson object at 0x1005c9750>]}
[0m12:41:50.748199 [debug] [MainThread]: Flushing usage events
[0m12:41:51.712623 [debug] [MainThread]: An error was encountered while trying to flush usage events
[0m12:45:41.683265 [debug] [MainThread]: Sending event: {'category': 'dbt', 'action': 'invocation', 'label': 'start', 'context': [<snowplow_tracker.self_describing_json.SelfDescribingJson object at 0x105383f10>, <snowplow_tracker.self_describing_json.SelfDescribingJson object at 0x1053fb3d0>, <snowplow_tracker.self_describing_json.SelfDescribingJson object at 0x1053fbe90>]}


============================== 12:45:41.685054 | de1ef3a6-59cb-451f-87b7-caeb31872480 ==============================
[0m12:45:41.685054 [info ] [MainThread]: Running with dbt=1.9.0
[0m12:45:41.685321 [debug] [MainThread]: running dbt with arguments {'printer_width': '80', 'indirect_selection': 'eager', 'log_cache_events': 'False', 'write_json': 'True', 'partial_parse': 'True', 'cache_selected_only': 'False', 'profiles_dir': '/Users/sakshirai/.dbt', 'debug': 'False', 'warn_error': 'None', 'log_path': '/Users/sakshirai/Desktop/netflixanalysis/netflix_analysis/logs', 'version_check': 'True', 'fail_fast': 'False', 'use_colors': 'True', 'use_experimental_parser': 'False', 'no_print': 'None', 'quiet': 'False', 'empty': 'False', 'log_format': 'default', 'invocation_command': 'dbt run --model ep_movies_with_tags', 'introspect': 'True', 'warn_error_options': 'WarnErrorOptions(include=[], exclude=[])', 'target_path': 'None', 'static_parser': 'True', 'send_anonymous_usage_stats': 'True'}
[0m12:45:41.831953 [debug] [MainThread]: Sending event: {'category': 'dbt', 'action': 'project_id', 'label': 'de1ef3a6-59cb-451f-87b7-caeb31872480', 'context': [<snowplow_tracker.self_describing_json.SelfDescribingJson object at 0x1053b0e50>]}
[0m12:45:41.848466 [debug] [MainThread]: Sending event: {'category': 'dbt', 'action': 'adapter_info', 'label': 'de1ef3a6-59cb-451f-87b7-caeb31872480', 'context': [<snowplow_tracker.self_describing_json.SelfDescribingJson object at 0x106097410>]}
[0m12:45:41.848795 [info ] [MainThread]: Registered adapter: snowflake=1.9.0
[0m12:45:41.891980 [debug] [MainThread]: checksum: c99e828bba267739642b5a3ce85f17518764ea526e0e6c4fdc649171c1a66bff, vars: {}, profile: , target: , version: 1.9.0
[0m12:45:41.914528 [info ] [MainThread]: Unable to do partial parsing because of a version mismatch
[0m12:45:41.914784 [debug] [MainThread]: Sending event: {'category': 'dbt', 'action': 'partial_parser', 'label': 'de1ef3a6-59cb-451f-87b7-caeb31872480', 'context': [<snowplow_tracker.self_describing_json.SelfDescribingJson object at 0x1047c67d0>]}
[0m12:45:42.233743 [debug] [MainThread]: Sending event: {'category': 'dbt', 'action': 'load_project', 'label': 'de1ef3a6-59cb-451f-87b7-caeb31872480', 'context': [<snowplow_tracker.self_describing_json.SelfDescribingJson object at 0x106231290>]}
[0m12:45:42.253505 [debug] [MainThread]: Wrote artifact WritableManifest to /Users/sakshirai/Desktop/netflixanalysis/netflix_analysis/target/manifest.json
[0m12:45:42.256828 [debug] [MainThread]: Wrote artifact SemanticManifest to /Users/sakshirai/Desktop/netflixanalysis/netflix_analysis/target/semantic_manifest.json
[0m12:45:42.261835 [debug] [MainThread]: Sending event: {'category': 'dbt', 'action': 'resource_counts', 'label': 'de1ef3a6-59cb-451f-87b7-caeb31872480', 'context': [<snowplow_tracker.self_describing_json.SelfDescribingJson object at 0x10669e590>]}
[0m12:45:42.262019 [info ] [MainThread]: Found 13 models, 473 macros
[0m12:45:42.262158 [debug] [MainThread]: Sending event: {'category': 'dbt', 'action': 'runnable_timing', 'label': 'de1ef3a6-59cb-451f-87b7-caeb31872480', 'context': [<snowplow_tracker.self_describing_json.SelfDescribingJson object at 0x10664e4d0>]}
[0m12:45:42.262403 [warn ] [MainThread]: The selection criterion 'ep_movies_with_tags' does not match any enabled nodes
[0m12:45:42.262859 [warn ] [MainThread]: Nothing to do. Try checking your model configs and model specification args
[0m12:45:42.263046 [debug] [MainThread]: Command end result
[0m12:45:42.271625 [debug] [MainThread]: Wrote artifact WritableManifest to /Users/sakshirai/Desktop/netflixanalysis/netflix_analysis/target/manifest.json
[0m12:45:42.272331 [debug] [MainThread]: Wrote artifact SemanticManifest to /Users/sakshirai/Desktop/netflixanalysis/netflix_analysis/target/semantic_manifest.json
[0m12:45:42.273428 [debug] [MainThread]: Wrote artifact RunExecutionResult to /Users/sakshirai/Desktop/netflixanalysis/netflix_analysis/target/run_results.json
[0m12:45:42.274682 [debug] [MainThread]: Resource report: {"command_name": "run", "command_success": true, "command_wall_clock_time": 0.6141587, "process_in_blocks": "0", "process_kernel_time": 0.134023, "process_mem_max_rss": "145489920", "process_out_blocks": "0", "process_user_time": 0.963864}
[0m12:45:42.274886 [debug] [MainThread]: Command `dbt run` succeeded at 12:45:42.274853 after 0.61 seconds
[0m12:45:42.275021 [debug] [MainThread]: Sending event: {'category': 'dbt', 'action': 'invocation', 'label': 'end', 'context': [<snowplow_tracker.self_describing_json.SelfDescribingJson object at 0x100d2ed90>, <snowplow_tracker.self_describing_json.SelfDescribingJson object at 0x100d2ecd0>, <snowplow_tracker.self_describing_json.SelfDescribingJson object at 0x100b02c90>]}
[0m12:45:42.275152 [debug] [MainThread]: Flushing usage events
[0m12:45:43.206303 [debug] [MainThread]: An error was encountered while trying to flush usage events
[0m12:52:31.173502 [debug] [MainThread]: Sending event: {'category': 'dbt', 'action': 'invocation', 'label': 'start', 'context': [<snowplow_tracker.self_describing_json.SelfDescribingJson object at 0x1091b3bd0>, <snowplow_tracker.self_describing_json.SelfDescribingJson object at 0x10922b250>, <snowplow_tracker.self_describing_json.SelfDescribingJson object at 0x10922bd10>]}


============================== 12:52:31.175923 | 6baaab4d-23c1-4317-847b-1caf9f078815 ==============================
[0m12:52:31.175923 [info ] [MainThread]: Running with dbt=1.9.0
[0m12:52:31.176186 [debug] [MainThread]: running dbt with arguments {'printer_width': '80', 'indirect_selection': 'eager', 'log_cache_events': 'False', 'write_json': 'True', 'partial_parse': 'True', 'cache_selected_only': 'False', 'profiles_dir': '/Users/sakshirai/.dbt', 'debug': 'False', 'warn_error': 'None', 'log_path': '/Users/sakshirai/Desktop/netflixanalysis/netflix_analysis/logs', 'fail_fast': 'False', 'version_check': 'True', 'use_colors': 'True', 'use_experimental_parser': 'False', 'empty': 'False', 'quiet': 'False', 'no_print': 'None', 'warn_error_options': 'WarnErrorOptions(include=[], exclude=[])', 'static_parser': 'True', 'log_format': 'default', 'invocation_command': 'dbt run --model ep_movie_with_tags', 'target_path': 'None', 'introspect': 'True', 'send_anonymous_usage_stats': 'True'}
[0m12:52:31.393016 [debug] [MainThread]: Sending event: {'category': 'dbt', 'action': 'project_id', 'label': '6baaab4d-23c1-4317-847b-1caf9f078815', 'context': [<snowplow_tracker.self_describing_json.SelfDescribingJson object at 0x10a0c4e90>]}
[0m12:52:31.410635 [debug] [MainThread]: Sending event: {'category': 'dbt', 'action': 'adapter_info', 'label': '6baaab4d-23c1-4317-847b-1caf9f078815', 'context': [<snowplow_tracker.self_describing_json.SelfDescribingJson object at 0x109eef250>]}
[0m12:52:31.411282 [info ] [MainThread]: Registered adapter: snowflake=1.9.0
[0m12:52:31.472761 [debug] [MainThread]: checksum: c99e828bba267739642b5a3ce85f17518764ea526e0e6c4fdc649171c1a66bff, vars: {}, profile: , target: , version: 1.9.0
[0m12:52:31.494618 [info ] [MainThread]: Unable to do partial parsing because of a version mismatch
[0m12:52:31.494848 [debug] [MainThread]: Sending event: {'category': 'dbt', 'action': 'partial_parser', 'label': '6baaab4d-23c1-4317-847b-1caf9f078815', 'context': [<snowplow_tracker.self_describing_json.SelfDescribingJson object at 0x1085f67d0>]}
[0m12:52:31.820088 [debug] [MainThread]: Sending event: {'category': 'dbt', 'action': 'load_project', 'label': '6baaab4d-23c1-4317-847b-1caf9f078815', 'context': [<snowplow_tracker.self_describing_json.SelfDescribingJson object at 0x10a0ee1d0>]}
[0m12:52:31.839708 [debug] [MainThread]: Wrote artifact WritableManifest to /Users/sakshirai/Desktop/netflixanalysis/netflix_analysis/target/manifest.json
[0m12:52:31.845644 [debug] [MainThread]: Wrote artifact SemanticManifest to /Users/sakshirai/Desktop/netflixanalysis/netflix_analysis/target/semantic_manifest.json
[0m12:52:31.855748 [debug] [MainThread]: Sending event: {'category': 'dbt', 'action': 'resource_counts', 'label': '6baaab4d-23c1-4317-847b-1caf9f078815', 'context': [<snowplow_tracker.self_describing_json.SelfDescribingJson object at 0x10a596d50>]}
[0m12:52:31.855924 [info ] [MainThread]: Found 13 models, 473 macros
[0m12:52:31.856051 [debug] [MainThread]: Sending event: {'category': 'dbt', 'action': 'runnable_timing', 'label': '6baaab4d-23c1-4317-847b-1caf9f078815', 'context': [<snowplow_tracker.self_describing_json.SelfDescribingJson object at 0x10a306610>]}
[0m12:52:31.856674 [info ] [MainThread]: 
[0m12:52:31.856809 [info ] [MainThread]: Concurrency: 1 threads (target='dev')
[0m12:52:31.856904 [info ] [MainThread]: 
[0m12:52:31.857077 [debug] [MainThread]: Acquiring new snowflake connection 'master'
[0m12:52:31.857389 [debug] [ThreadPool]: Acquiring new snowflake connection 'list_MOVIELENS'
[0m12:52:31.881798 [debug] [ThreadPool]: Using snowflake connection "list_MOVIELENS"
[0m12:52:31.881975 [debug] [ThreadPool]: On list_MOVIELENS: /* {"app": "dbt", "dbt_version": "1.9.0", "profile_name": "netflix_analysis", "target_name": "dev", "connection_name": "list_MOVIELENS"} */
show terse schemas in database MOVIELENS
    limit 10000
[0m12:52:31.882084 [debug] [ThreadPool]: Opening a new connection, currently in state init
[0m12:52:32.956119 [debug] [ThreadPool]: SQL status: SUCCESS 4 in 1.074 seconds
[0m12:52:32.964775 [debug] [ThreadPool]: Re-using an available connection from the pool (formerly list_MOVIELENS, now list_MOVIELENS_DEV)
[0m12:52:32.975970 [debug] [ThreadPool]: Using snowflake connection "list_MOVIELENS_DEV"
[0m12:52:32.976344 [debug] [ThreadPool]: On list_MOVIELENS_DEV: /* {"app": "dbt", "dbt_version": "1.9.0", "profile_name": "netflix_analysis", "target_name": "dev", "connection_name": "list_MOVIELENS_DEV"} */
show objects in MOVIELENS.DEV limit 10000;
[0m12:52:33.135325 [debug] [ThreadPool]: SQL status: SUCCESS 11 in 0.159 seconds
[0m12:52:33.137303 [debug] [MainThread]: Sending event: {'category': 'dbt', 'action': 'runnable_timing', 'label': '6baaab4d-23c1-4317-847b-1caf9f078815', 'context': [<snowplow_tracker.self_describing_json.SelfDescribingJson object at 0x10a1d8b50>]}
[0m12:52:33.137926 [debug] [Thread-1 (]: Began running node model.netflix_analysis.ep_movie_with_tags
[0m12:52:33.138158 [info ] [Thread-1 (]: 1 of 1 START sql table model DEV.ep_movie_with_tags ............................ [RUN]
[0m12:52:33.138364 [debug] [Thread-1 (]: Re-using an available connection from the pool (formerly list_MOVIELENS_DEV, now model.netflix_analysis.ep_movie_with_tags)
[0m12:52:33.138518 [debug] [Thread-1 (]: Began compiling node model.netflix_analysis.ep_movie_with_tags
[0m12:52:33.143327 [debug] [Thread-1 (]: Writing injected SQL for node "model.netflix_analysis.ep_movie_with_tags"
[0m12:52:33.144171 [debug] [Thread-1 (]: Writing injected SQL for node "model.netflix_analysis.ep_movie_with_tags"
[0m12:52:33.144446 [debug] [Thread-1 (]: Began executing node model.netflix_analysis.ep_movie_with_tags
[0m12:52:33.157707 [debug] [Thread-1 (]: Writing runtime sql for node "model.netflix_analysis.ep_movie_with_tags"
[0m12:52:33.158460 [debug] [Thread-1 (]: Using snowflake connection "model.netflix_analysis.ep_movie_with_tags"
[0m12:52:33.158650 [debug] [Thread-1 (]: On model.netflix_analysis.ep_movie_with_tags: /* {"app": "dbt", "dbt_version": "1.9.0", "profile_name": "netflix_analysis", "target_name": "dev", "node_id": "model.netflix_analysis.ep_movie_with_tags"} */
create or replace transient table MOVIELENS.DEV.ep_movie_with_tags
         as
        (WITH  __dbt__cte__dim_movies_with_tags as (


WITH movies AS(
    SELECT *
    FROM MOVIELENS.DEV.dim_movies
),
tags AS (
    SELECT *
    FROM MOVIELENS.DEV.dim_genome_tags
),
scores AS (
    SELECT *
    FROM MOVIELENS.DEV.fct_genome_scores
)

SELECT 
  m.movie_id,
  m.movie_title,
  m.genres,
  t.tag_name,
  s.relevance_score
from movies m
LEFT JOIN scores s ON m.movie_id = s.movie_id
LEFT JOIN tags t ON t.tag_id = s.tag_id
), fct_movies_with_tags AS(
    SELECT * FROM __dbt__cte__dim_movies_with_tags
)
SELECT * FROM fct_movies_with_tags
        );
[0m12:52:36.708151 [debug] [Thread-1 (]: SQL status: SUCCESS 1 in 3.549 seconds
[0m12:52:36.731632 [debug] [Thread-1 (]: Sending event: {'category': 'dbt', 'action': 'run_model', 'label': '6baaab4d-23c1-4317-847b-1caf9f078815', 'context': [<snowplow_tracker.self_describing_json.SelfDescribingJson object at 0x110d8a850>]}
[0m12:52:36.732277 [info ] [Thread-1 (]: 1 of 1 OK created sql table model DEV.ep_movie_with_tags ....................... [[32mSUCCESS 1[0m in 3.59s]
[0m12:52:36.732735 [debug] [Thread-1 (]: Finished running node model.netflix_analysis.ep_movie_with_tags
[0m12:52:36.733702 [debug] [MainThread]: Connection 'master' was properly closed.
[0m12:52:36.733960 [debug] [MainThread]: Connection 'model.netflix_analysis.ep_movie_with_tags' was left open.
[0m12:52:36.734173 [debug] [MainThread]: On model.netflix_analysis.ep_movie_with_tags: Close
[0m12:52:36.961784 [info ] [MainThread]: 
[0m12:52:36.962933 [info ] [MainThread]: Finished running 1 table model in 0 hours 0 minutes and 5.10 seconds (5.10s).
[0m12:52:36.963535 [debug] [MainThread]: Command end result
[0m12:52:36.980410 [debug] [MainThread]: Wrote artifact WritableManifest to /Users/sakshirai/Desktop/netflixanalysis/netflix_analysis/target/manifest.json
[0m12:52:36.981612 [debug] [MainThread]: Wrote artifact SemanticManifest to /Users/sakshirai/Desktop/netflixanalysis/netflix_analysis/target/semantic_manifest.json
[0m12:52:36.984696 [debug] [MainThread]: Wrote artifact RunExecutionResult to /Users/sakshirai/Desktop/netflixanalysis/netflix_analysis/target/run_results.json
[0m12:52:36.984871 [info ] [MainThread]: 
[0m12:52:36.985076 [info ] [MainThread]: [32mCompleted successfully[0m
[0m12:52:36.985221 [info ] [MainThread]: 
[0m12:52:36.985370 [info ] [MainThread]: Done. PASS=1 WARN=0 ERROR=0 SKIP=0 TOTAL=1
[0m12:52:36.987716 [debug] [MainThread]: Resource report: {"command_name": "run", "command_success": true, "command_wall_clock_time": 5.8378167, "process_in_blocks": "0", "process_kernel_time": 0.221797, "process_mem_max_rss": "175128576", "process_out_blocks": "0", "process_user_time": 1.196336}
[0m12:52:36.987916 [debug] [MainThread]: Command `dbt run` succeeded at 12:52:36.987878 after 5.84 seconds
[0m12:52:36.988080 [debug] [MainThread]: Sending event: {'category': 'dbt', 'action': 'invocation', 'label': 'end', 'context': [<snowplow_tracker.self_describing_json.SelfDescribingJson object at 0x10922b4d0>, <snowplow_tracker.self_describing_json.SelfDescribingJson object at 0x10922bb10>, <snowplow_tracker.self_describing_json.SelfDescribingJson object at 0x104d3ec10>]}
[0m12:52:36.988242 [debug] [MainThread]: Flushing usage events
[0m12:52:38.020568 [debug] [MainThread]: An error was encountered while trying to flush usage events
[0m13:00:03.742307 [debug] [MainThread]: Sending event: {'category': 'dbt', 'action': 'invocation', 'label': 'start', 'context': [<snowplow_tracker.self_describing_json.SelfDescribingJson object at 0x104f52990>, <snowplow_tracker.self_describing_json.SelfDescribingJson object at 0x10654eb90>, <snowplow_tracker.self_describing_json.SelfDescribingJson object at 0x10654f650>]}


============================== 13:00:03.744900 | a83256f0-8823-4b3f-bfed-483697ee73bd ==============================
[0m13:00:03.744900 [info ] [MainThread]: Running with dbt=1.9.0
[0m13:00:03.745167 [debug] [MainThread]: running dbt with arguments {'printer_width': '80', 'indirect_selection': 'eager', 'write_json': 'True', 'log_cache_events': 'False', 'partial_parse': 'True', 'cache_selected_only': 'False', 'profiles_dir': '/Users/sakshirai/.dbt', 'fail_fast': 'False', 'warn_error': 'None', 'log_path': '/Users/sakshirai/Desktop/netflixanalysis/netflix_analysis/logs', 'debug': 'False', 'version_check': 'True', 'use_colors': 'True', 'use_experimental_parser': 'False', 'empty': 'None', 'quiet': 'False', 'no_print': 'None', 'warn_error_options': 'WarnErrorOptions(include=[], exclude=[])', 'static_parser': 'True', 'invocation_command': 'dbt seed', 'log_format': 'default', 'target_path': 'None', 'introspect': 'True', 'send_anonymous_usage_stats': 'True'}
[0m13:00:03.971854 [debug] [MainThread]: Sending event: {'category': 'dbt', 'action': 'project_id', 'label': 'a83256f0-8823-4b3f-bfed-483697ee73bd', 'context': [<snowplow_tracker.self_describing_json.SelfDescribingJson object at 0x106e02290>]}
[0m13:00:03.988835 [debug] [MainThread]: Sending event: {'category': 'dbt', 'action': 'adapter_info', 'label': 'a83256f0-8823-4b3f-bfed-483697ee73bd', 'context': [<snowplow_tracker.self_describing_json.SelfDescribingJson object at 0x1043d0650>]}
[0m13:00:03.989282 [info ] [MainThread]: Registered adapter: snowflake=1.9.0
[0m13:00:04.036589 [debug] [MainThread]: checksum: c99e828bba267739642b5a3ce85f17518764ea526e0e6c4fdc649171c1a66bff, vars: {}, profile: , target: , version: 1.9.0
[0m13:00:04.063694 [info ] [MainThread]: Unable to do partial parsing because of a version mismatch
[0m13:00:04.063949 [debug] [MainThread]: Sending event: {'category': 'dbt', 'action': 'partial_parser', 'label': 'a83256f0-8823-4b3f-bfed-483697ee73bd', 'context': [<snowplow_tracker.self_describing_json.SelfDescribingJson object at 0x104526890>]}
[0m13:00:04.435167 [debug] [MainThread]: Sending event: {'category': 'dbt', 'action': 'load_project', 'label': 'a83256f0-8823-4b3f-bfed-483697ee73bd', 'context': [<snowplow_tracker.self_describing_json.SelfDescribingJson object at 0x108620a10>]}
[0m13:00:04.457600 [debug] [MainThread]: Wrote artifact WritableManifest to /Users/sakshirai/Desktop/netflixanalysis/netflix_analysis/target/manifest.json
[0m13:00:04.488989 [debug] [MainThread]: Wrote artifact SemanticManifest to /Users/sakshirai/Desktop/netflixanalysis/netflix_analysis/target/semantic_manifest.json
[0m13:00:04.499081 [debug] [MainThread]: Sending event: {'category': 'dbt', 'action': 'resource_counts', 'label': 'a83256f0-8823-4b3f-bfed-483697ee73bd', 'context': [<snowplow_tracker.self_describing_json.SelfDescribingJson object at 0x108628390>]}
[0m13:00:04.499300 [info ] [MainThread]: Found 13 models, 1 seed, 473 macros
[0m13:00:04.499433 [debug] [MainThread]: Sending event: {'category': 'dbt', 'action': 'runnable_timing', 'label': 'a83256f0-8823-4b3f-bfed-483697ee73bd', 'context': [<snowplow_tracker.self_describing_json.SelfDescribingJson object at 0x10875c0d0>]}
[0m13:00:04.500125 [info ] [MainThread]: 
[0m13:00:04.500249 [info ] [MainThread]: Concurrency: 1 threads (target='dev')
[0m13:00:04.500345 [info ] [MainThread]: 
[0m13:00:04.500519 [debug] [MainThread]: Acquiring new snowflake connection 'master'
[0m13:00:04.500827 [debug] [ThreadPool]: Acquiring new snowflake connection 'list_MOVIELENS'
[0m13:00:04.526908 [debug] [ThreadPool]: Using snowflake connection "list_MOVIELENS"
[0m13:00:04.527075 [debug] [ThreadPool]: On list_MOVIELENS: /* {"app": "dbt", "dbt_version": "1.9.0", "profile_name": "netflix_analysis", "target_name": "dev", "connection_name": "list_MOVIELENS"} */
show terse schemas in database MOVIELENS
    limit 10000
[0m13:00:04.527171 [debug] [ThreadPool]: Opening a new connection, currently in state init
[0m13:00:05.384895 [debug] [ThreadPool]: SQL status: SUCCESS 4 in 0.858 seconds
[0m13:00:05.392971 [debug] [ThreadPool]: Re-using an available connection from the pool (formerly list_MOVIELENS, now list_MOVIELENS_DEV)
[0m13:00:05.401904 [debug] [ThreadPool]: Using snowflake connection "list_MOVIELENS_DEV"
[0m13:00:05.402195 [debug] [ThreadPool]: On list_MOVIELENS_DEV: /* {"app": "dbt", "dbt_version": "1.9.0", "profile_name": "netflix_analysis", "target_name": "dev", "connection_name": "list_MOVIELENS_DEV"} */
show objects in MOVIELENS.DEV limit 10000;
[0m13:00:05.547284 [debug] [ThreadPool]: SQL status: SUCCESS 12 in 0.145 seconds
[0m13:00:05.552573 [debug] [MainThread]: Sending event: {'category': 'dbt', 'action': 'runnable_timing', 'label': 'a83256f0-8823-4b3f-bfed-483697ee73bd', 'context': [<snowplow_tracker.self_describing_json.SelfDescribingJson object at 0x1086f5710>]}
[0m13:00:05.554638 [debug] [Thread-1 (]: Began running node seed.netflix_analysis.seed_movie_release_dates
[0m13:00:05.555293 [info ] [Thread-1 (]: 1 of 1 START seed file DEV.seed_movie_release_dates ............................ [RUN]
[0m13:00:05.555929 [debug] [Thread-1 (]: Re-using an available connection from the pool (formerly list_MOVIELENS_DEV, now seed.netflix_analysis.seed_movie_release_dates)
[0m13:00:05.556301 [debug] [Thread-1 (]: Began compiling node seed.netflix_analysis.seed_movie_release_dates
[0m13:00:05.556664 [debug] [Thread-1 (]: Began executing node seed.netflix_analysis.seed_movie_release_dates
[0m13:00:05.584406 [debug] [Thread-1 (]: Using snowflake connection "seed.netflix_analysis.seed_movie_release_dates"
[0m13:00:05.584727 [debug] [Thread-1 (]: On seed.netflix_analysis.seed_movie_release_dates: /* {"app": "dbt", "dbt_version": "1.9.0", "profile_name": "netflix_analysis", "target_name": "dev", "node_id": "seed.netflix_analysis.seed_movie_release_dates"} */
create table MOVIELENS.DEV.seed_movie_release_dates (movie_id integer,release_date date)
[0m13:00:05.756552 [debug] [Thread-1 (]: SQL status: SUCCESS 1 in 0.171 seconds
[0m13:00:05.774414 [debug] [Thread-1 (]: Using snowflake connection "seed.netflix_analysis.seed_movie_release_dates"
[0m13:00:05.774905 [debug] [Thread-1 (]: On seed.netflix_analysis.seed_movie_release_dates: /* {"app": "dbt", "dbt_version": "1.9.0", "profile_name": "netflix_analysis", "target_name": "dev", "node_id": "seed.netflix_analysis.seed_movie_release_dates"} */
BEGIN
[0m13:00:05.901767 [debug] [Thread-1 (]: SQL status: SUCCESS 1 in 0.126 seconds
[0m13:00:05.903129 [debug] [Thread-1 (]: Using snowflake connection "seed.netflix_analysis.seed_movie_release_dates"
[0m13:00:05.903683 [debug] [Thread-1 (]: On seed.netflix_analysis.seed_movie_release_dates: /* {"app": "dbt", "dbt_version": "1.9.0", "profile_name": "netflix_analysis", "target_name": "dev", "node_id": "seed.netflix_analysis.seed_movie_release_dates"} */
insert into MOVIELENS.DEV.seed_movie_release_dates (movie_id, release_date) values
            (%s,%s),(%s,%s),(%s,%s),(%s,%s),(%s,%s),(%s,%s),(%s,%s),(%s,%s),(%s,%s),(%s,%s)...
[0m13:00:06.509963 [debug] [Thread-1 (]: SQL status: SUCCESS 10 in 0.605 seconds
[0m13:00:06.511448 [debug] [Thread-1 (]: Using snowflake connection "seed.netflix_analysis.seed_movie_release_dates"
[0m13:00:06.512027 [debug] [Thread-1 (]: On seed.netflix_analysis.seed_movie_release_dates: /* {"app": "dbt", "dbt_version": "1.9.0", "profile_name": "netflix_analysis", "target_name": "dev", "node_id": "seed.netflix_analysis.seed_movie_release_dates"} */
COMMIT
[0m13:00:06.730788 [debug] [Thread-1 (]: SQL status: SUCCESS 1 in 0.218 seconds
[0m13:00:06.738314 [debug] [Thread-1 (]: Writing runtime SQL for node "seed.netflix_analysis.seed_movie_release_dates"
[0m13:00:06.763007 [debug] [Thread-1 (]: Sending event: {'category': 'dbt', 'action': 'run_model', 'label': 'a83256f0-8823-4b3f-bfed-483697ee73bd', 'context': [<snowplow_tracker.self_describing_json.SelfDescribingJson object at 0x10c06e0d0>]}
[0m13:00:06.763552 [info ] [Thread-1 (]: 1 of 1 OK loaded seed file DEV.seed_movie_release_dates ........................ [[32mINSERT 10[0m in 1.21s]
[0m13:00:06.763937 [debug] [Thread-1 (]: Finished running node seed.netflix_analysis.seed_movie_release_dates
[0m13:00:06.764840 [debug] [MainThread]: Connection 'master' was properly closed.
[0m13:00:06.765033 [debug] [MainThread]: Connection 'seed.netflix_analysis.seed_movie_release_dates' was left open.
[0m13:00:06.765210 [debug] [MainThread]: On seed.netflix_analysis.seed_movie_release_dates: Close
[0m13:00:06.963204 [info ] [MainThread]: 
[0m13:00:06.963661 [info ] [MainThread]: Finished running 1 seed in 0 hours 0 minutes and 2.46 seconds (2.46s).
[0m13:00:06.964066 [debug] [MainThread]: Command end result
[0m13:00:06.976216 [debug] [MainThread]: Wrote artifact WritableManifest to /Users/sakshirai/Desktop/netflixanalysis/netflix_analysis/target/manifest.json
[0m13:00:06.977200 [debug] [MainThread]: Wrote artifact SemanticManifest to /Users/sakshirai/Desktop/netflixanalysis/netflix_analysis/target/semantic_manifest.json
[0m13:00:06.979898 [debug] [MainThread]: Wrote artifact RunExecutionResult to /Users/sakshirai/Desktop/netflixanalysis/netflix_analysis/target/run_results.json
[0m13:00:06.980065 [info ] [MainThread]: 
[0m13:00:06.980258 [info ] [MainThread]: [32mCompleted successfully[0m
[0m13:00:06.980396 [info ] [MainThread]: 
[0m13:00:06.980527 [info ] [MainThread]: Done. PASS=1 WARN=0 ERROR=0 SKIP=0 TOTAL=1
[0m13:00:06.982663 [debug] [MainThread]: Resource report: {"command_name": "seed", "command_success": true, "command_wall_clock_time": 3.2683644, "process_in_blocks": "0", "process_kernel_time": 0.251971, "process_mem_max_rss": "176914432", "process_out_blocks": "0", "process_user_time": 1.296682}
[0m13:00:06.982848 [debug] [MainThread]: Command `dbt seed` succeeded at 13:00:06.982813 after 3.27 seconds
[0m13:00:06.983005 [debug] [MainThread]: Sending event: {'category': 'dbt', 'action': 'invocation', 'label': 'end', 'context': [<snowplow_tracker.self_describing_json.SelfDescribingJson object at 0x1062278d0>, <snowplow_tracker.self_describing_json.SelfDescribingJson object at 0x10791b3d0>, <snowplow_tracker.self_describing_json.SelfDescribingJson object at 0x1002eab10>]}
[0m13:00:06.983152 [debug] [MainThread]: Flushing usage events
[0m13:00:08.141396 [debug] [MainThread]: An error was encountered while trying to flush usage events
[0m13:05:51.750897 [debug] [MainThread]: Sending event: {'category': 'dbt', 'action': 'invocation', 'label': 'start', 'context': [<snowplow_tracker.self_describing_json.SelfDescribingJson object at 0x10732bed0>, <snowplow_tracker.self_describing_json.SelfDescribingJson object at 0x1073a3790>, <snowplow_tracker.self_describing_json.SelfDescribingJson object at 0x1073a3e10>]}


============================== 13:05:51.753801 | c992731f-789c-47e8-8633-59d887da5341 ==============================
[0m13:05:51.753801 [info ] [MainThread]: Running with dbt=1.9.0
[0m13:05:51.754061 [debug] [MainThread]: running dbt with arguments {'printer_width': '80', 'indirect_selection': 'eager', 'log_cache_events': 'False', 'write_json': 'True', 'partial_parse': 'True', 'cache_selected_only': 'False', 'warn_error': 'None', 'debug': 'False', 'version_check': 'True', 'log_path': '/Users/sakshirai/Desktop/netflixanalysis/netflix_analysis/logs', 'fail_fast': 'False', 'profiles_dir': '/Users/sakshirai/.dbt', 'use_colors': 'True', 'use_experimental_parser': 'False', 'empty': 'False', 'quiet': 'False', 'no_print': 'None', 'log_format': 'default', 'introspect': 'True', 'static_parser': 'True', 'warn_error_options': 'WarnErrorOptions(include=[], exclude=[])', 'target_path': 'None', 'invocation_command': 'dbt run --model mart_movie_releases', 'send_anonymous_usage_stats': 'True'}
[0m13:05:51.904489 [debug] [MainThread]: Sending event: {'category': 'dbt', 'action': 'project_id', 'label': 'c992731f-789c-47e8-8633-59d887da5341', 'context': [<snowplow_tracker.self_describing_json.SelfDescribingJson object at 0x108356f50>]}
[0m13:05:51.921348 [debug] [MainThread]: Sending event: {'category': 'dbt', 'action': 'adapter_info', 'label': 'c992731f-789c-47e8-8633-59d887da5341', 'context': [<snowplow_tracker.self_describing_json.SelfDescribingJson object at 0x1080a7a50>]}
[0m13:05:51.921682 [info ] [MainThread]: Registered adapter: snowflake=1.9.0
[0m13:05:51.966074 [debug] [MainThread]: checksum: c99e828bba267739642b5a3ce85f17518764ea526e0e6c4fdc649171c1a66bff, vars: {}, profile: , target: , version: 1.9.0
[0m13:05:51.992538 [info ] [MainThread]: Unable to do partial parsing because of a version mismatch
[0m13:05:51.992802 [debug] [MainThread]: Sending event: {'category': 'dbt', 'action': 'partial_parser', 'label': 'c992731f-789c-47e8-8633-59d887da5341', 'context': [<snowplow_tracker.self_describing_json.SelfDescribingJson object at 0x106772790>]}
[0m13:05:52.356598 [debug] [MainThread]: Sending event: {'category': 'dbt', 'action': 'load_project', 'label': 'c992731f-789c-47e8-8633-59d887da5341', 'context': [<snowplow_tracker.self_describing_json.SelfDescribingJson object at 0x1086e5a90>]}
[0m13:05:52.379671 [debug] [MainThread]: Wrote artifact WritableManifest to /Users/sakshirai/Desktop/netflixanalysis/netflix_analysis/target/manifest.json
[0m13:05:52.383002 [debug] [MainThread]: Wrote artifact SemanticManifest to /Users/sakshirai/Desktop/netflixanalysis/netflix_analysis/target/semantic_manifest.json
[0m13:05:52.387977 [debug] [MainThread]: Sending event: {'category': 'dbt', 'action': 'resource_counts', 'label': 'c992731f-789c-47e8-8633-59d887da5341', 'context': [<snowplow_tracker.self_describing_json.SelfDescribingJson object at 0x10941be50>]}
[0m13:05:52.388157 [info ] [MainThread]: Found 14 models, 1 seed, 473 macros
[0m13:05:52.388284 [debug] [MainThread]: Sending event: {'category': 'dbt', 'action': 'runnable_timing', 'label': 'c992731f-789c-47e8-8633-59d887da5341', 'context': [<snowplow_tracker.self_describing_json.SelfDescribingJson object at 0x108843750>]}
[0m13:05:52.388890 [info ] [MainThread]: 
[0m13:05:52.389020 [info ] [MainThread]: Concurrency: 1 threads (target='dev')
[0m13:05:52.389118 [info ] [MainThread]: 
[0m13:05:52.389297 [debug] [MainThread]: Acquiring new snowflake connection 'master'
[0m13:05:52.389612 [debug] [ThreadPool]: Acquiring new snowflake connection 'list_MOVIELENS'
[0m13:05:52.439640 [debug] [ThreadPool]: Using snowflake connection "list_MOVIELENS"
[0m13:05:52.439839 [debug] [ThreadPool]: On list_MOVIELENS: /* {"app": "dbt", "dbt_version": "1.9.0", "profile_name": "netflix_analysis", "target_name": "dev", "connection_name": "list_MOVIELENS"} */
show terse schemas in database MOVIELENS
    limit 10000
[0m13:05:52.439949 [debug] [ThreadPool]: Opening a new connection, currently in state init
[0m13:05:53.295410 [debug] [ThreadPool]: SQL status: SUCCESS 4 in 0.855 seconds
[0m13:05:53.304041 [debug] [ThreadPool]: Re-using an available connection from the pool (formerly list_MOVIELENS, now list_MOVIELENS_DEV)
[0m13:05:53.314593 [debug] [ThreadPool]: Using snowflake connection "list_MOVIELENS_DEV"
[0m13:05:53.315058 [debug] [ThreadPool]: On list_MOVIELENS_DEV: /* {"app": "dbt", "dbt_version": "1.9.0", "profile_name": "netflix_analysis", "target_name": "dev", "connection_name": "list_MOVIELENS_DEV"} */
show objects in MOVIELENS.DEV limit 10000;
[0m13:05:53.464794 [debug] [ThreadPool]: SQL status: SUCCESS 13 in 0.149 seconds
[0m13:05:53.470384 [debug] [MainThread]: Sending event: {'category': 'dbt', 'action': 'runnable_timing', 'label': 'c992731f-789c-47e8-8633-59d887da5341', 'context': [<snowplow_tracker.self_describing_json.SelfDescribingJson object at 0x10837bfd0>]}
[0m13:05:53.472374 [debug] [Thread-1 (]: Began running node model.netflix_analysis.mart_movie_releases
[0m13:05:53.473002 [info ] [Thread-1 (]: 1 of 1 START sql table model DEV.mart_movie_releases ........................... [RUN]
[0m13:05:53.473527 [debug] [Thread-1 (]: Re-using an available connection from the pool (formerly list_MOVIELENS_DEV, now model.netflix_analysis.mart_movie_releases)
[0m13:05:53.473895 [debug] [Thread-1 (]: Began compiling node model.netflix_analysis.mart_movie_releases
[0m13:05:53.483469 [debug] [Thread-1 (]: Writing injected SQL for node "model.netflix_analysis.mart_movie_releases"
[0m13:05:53.484610 [debug] [Thread-1 (]: Began executing node model.netflix_analysis.mart_movie_releases
[0m13:05:53.505655 [debug] [Thread-1 (]: Writing runtime sql for node "model.netflix_analysis.mart_movie_releases"
[0m13:05:53.506578 [debug] [Thread-1 (]: Using snowflake connection "model.netflix_analysis.mart_movie_releases"
[0m13:05:53.506808 [debug] [Thread-1 (]: On model.netflix_analysis.mart_movie_releases: /* {"app": "dbt", "dbt_version": "1.9.0", "profile_name": "netflix_analysis", "target_name": "dev", "node_id": "model.netflix_analysis.mart_movie_releases"} */
create or replace transient table MOVIELENS.DEV.mart_movie_releases
         as
        (

WITH fct_ratings AS(
    SELECT *
    FROM MOVIELENS.DEV.fct_ratings
)
seed_dates AS (
    SELECT * FROM MOVIELENS.DEV.seed_movie_release_dates
)

SELECT 
    f.* ,
    CASE 
        WHEN d.release_date IS NULL THEN 'Unknown'
        ELSE 'known'
    END AS release_info_available

FROM fct_ratings f
LEFT JOIN seed_dates d 
ON f.movie_id = d.movie_id
        );
[0m13:05:53.633565 [debug] [Thread-1 (]: Snowflake adapter: Snowflake query id: 01c3f667-000d-b0f3-0000-00000c31d159
[0m13:05:53.634187 [debug] [Thread-1 (]: Snowflake adapter: Snowflake error: 001003 (42000): SQL compilation error:
syntax error line 9 at position 0 unexpected 'seed_dates'.
syntax error line 13 at position 0 unexpected 'SELECT'.
[0m13:05:53.638419 [debug] [Thread-1 (]: Database Error in model mart_movie_releases (models/mart/mart_movie_releases.sql)
  001003 (42000): SQL compilation error:
  syntax error line 9 at position 0 unexpected 'seed_dates'.
  syntax error line 13 at position 0 unexpected 'SELECT'.
  compiled code at target/run/netflix_analysis/models/mart/mart_movie_releases.sql
[0m13:05:53.640410 [debug] [Thread-1 (]: Sending event: {'category': 'dbt', 'action': 'run_model', 'label': 'c992731f-789c-47e8-8633-59d887da5341', 'context': [<snowplow_tracker.self_describing_json.SelfDescribingJson object at 0x10943c810>]}
[0m13:05:53.641114 [error] [Thread-1 (]: 1 of 1 ERROR creating sql table model DEV.mart_movie_releases .................. [[31mERROR[0m in 0.17s]
[0m13:05:53.641958 [debug] [Thread-1 (]: Finished running node model.netflix_analysis.mart_movie_releases
[0m13:05:53.642569 [debug] [Thread-4 (]: Marking all children of 'model.netflix_analysis.mart_movie_releases' to be skipped because of status 'error'.  Reason: Database Error in model mart_movie_releases (models/mart/mart_movie_releases.sql)
  001003 (42000): SQL compilation error:
  syntax error line 9 at position 0 unexpected 'seed_dates'.
  syntax error line 13 at position 0 unexpected 'SELECT'.
  compiled code at target/run/netflix_analysis/models/mart/mart_movie_releases.sql.
[0m13:05:53.644397 [debug] [MainThread]: Connection 'master' was properly closed.
[0m13:05:53.644966 [debug] [MainThread]: Connection 'model.netflix_analysis.mart_movie_releases' was left open.
[0m13:05:53.645314 [debug] [MainThread]: On model.netflix_analysis.mart_movie_releases: Close
[0m13:05:53.868459 [info ] [MainThread]: 
[0m13:05:53.869407 [info ] [MainThread]: Finished running 1 table model in 0 hours 0 minutes and 1.48 seconds (1.48s).
[0m13:05:53.870369 [debug] [MainThread]: Command end result
[0m13:05:53.897971 [debug] [MainThread]: Wrote artifact WritableManifest to /Users/sakshirai/Desktop/netflixanalysis/netflix_analysis/target/manifest.json
[0m13:05:53.899703 [debug] [MainThread]: Wrote artifact SemanticManifest to /Users/sakshirai/Desktop/netflixanalysis/netflix_analysis/target/semantic_manifest.json
[0m13:05:53.903580 [debug] [MainThread]: Wrote artifact RunExecutionResult to /Users/sakshirai/Desktop/netflixanalysis/netflix_analysis/target/run_results.json
[0m13:05:53.903785 [info ] [MainThread]: 
[0m13:05:53.904048 [info ] [MainThread]: [31mCompleted with 1 error, 0 partial successes, and 0 warnings:[0m
[0m13:05:53.904241 [info ] [MainThread]: 
[0m13:05:53.904473 [error] [MainThread]:   Database Error in model mart_movie_releases (models/mart/mart_movie_releases.sql)
  001003 (42000): SQL compilation error:
  syntax error line 9 at position 0 unexpected 'seed_dates'.
  syntax error line 13 at position 0 unexpected 'SELECT'.
  compiled code at target/run/netflix_analysis/models/mart/mart_movie_releases.sql
[0m13:05:53.904645 [info ] [MainThread]: 
[0m13:05:53.904816 [info ] [MainThread]: Done. PASS=0 WARN=0 ERROR=1 SKIP=0 TOTAL=1
[0m13:05:53.907159 [debug] [MainThread]: Resource report: {"command_name": "run", "command_success": false, "command_wall_clock_time": 2.1791408, "process_in_blocks": "0", "process_kernel_time": 0.195226, "process_mem_max_rss": "177242112", "process_out_blocks": "0", "process_user_time": 1.270575}
[0m13:05:53.907424 [debug] [MainThread]: Command `dbt run` failed at 13:05:53.907376 after 2.18 seconds
[0m13:05:53.907668 [debug] [MainThread]: Sending event: {'category': 'dbt', 'action': 'invocation', 'label': 'end', 'context': [<snowplow_tracker.self_describing_json.SelfDescribingJson object at 0x102e5d590>, <snowplow_tracker.self_describing_json.SelfDescribingJson object at 0x10d29c1d0>, <snowplow_tracker.self_describing_json.SelfDescribingJson object at 0x102e7ae10>]}
[0m13:05:53.907877 [debug] [MainThread]: Flushing usage events
[0m13:05:54.857520 [debug] [MainThread]: An error was encountered while trying to flush usage events
[0m13:07:01.457979 [debug] [MainThread]: Sending event: {'category': 'dbt', 'action': 'invocation', 'label': 'start', 'context': [<snowplow_tracker.self_describing_json.SelfDescribingJson object at 0x1131eba50>, <snowplow_tracker.self_describing_json.SelfDescribingJson object at 0x113252c50>, <snowplow_tracker.self_describing_json.SelfDescribingJson object at 0x113253710>]}


============================== 13:07:01.459745 | 116ab35a-952d-49d0-8202-10288a66fcaa ==============================
[0m13:07:01.459745 [info ] [MainThread]: Running with dbt=1.9.0
[0m13:07:01.459983 [debug] [MainThread]: running dbt with arguments {'printer_width': '80', 'indirect_selection': 'eager', 'write_json': 'True', 'log_cache_events': 'False', 'partial_parse': 'True', 'cache_selected_only': 'False', 'profiles_dir': '/Users/sakshirai/.dbt', 'debug': 'False', 'warn_error': 'None', 'log_path': '/Users/sakshirai/Desktop/netflixanalysis/netflix_analysis/logs', 'version_check': 'True', 'fail_fast': 'False', 'use_colors': 'True', 'use_experimental_parser': 'False', 'empty': 'False', 'quiet': 'False', 'no_print': 'None', 'log_format': 'default', 'static_parser': 'True', 'introspect': 'True', 'invocation_command': 'dbt run --model mart_movie_releases', 'target_path': 'None', 'warn_error_options': 'WarnErrorOptions(include=[], exclude=[])', 'send_anonymous_usage_stats': 'True'}
[0m13:07:01.612292 [debug] [MainThread]: Sending event: {'category': 'dbt', 'action': 'project_id', 'label': '116ab35a-952d-49d0-8202-10288a66fcaa', 'context': [<snowplow_tracker.self_describing_json.SelfDescribingJson object at 0x1070cdc10>]}
[0m13:07:01.629368 [debug] [MainThread]: Sending event: {'category': 'dbt', 'action': 'adapter_info', 'label': '116ab35a-952d-49d0-8202-10288a66fcaa', 'context': [<snowplow_tracker.self_describing_json.SelfDescribingJson object at 0x115ff7410>]}
[0m13:07:01.629701 [info ] [MainThread]: Registered adapter: snowflake=1.9.0
[0m13:07:01.674145 [debug] [MainThread]: checksum: c99e828bba267739642b5a3ce85f17518764ea526e0e6c4fdc649171c1a66bff, vars: {}, profile: , target: , version: 1.9.0
[0m13:07:01.700997 [info ] [MainThread]: Unable to do partial parsing because of a version mismatch
[0m13:07:01.701247 [debug] [MainThread]: Sending event: {'category': 'dbt', 'action': 'partial_parser', 'label': '116ab35a-952d-49d0-8202-10288a66fcaa', 'context': [<snowplow_tracker.self_describing_json.SelfDescribingJson object at 0x112b477d0>]}
[0m13:07:02.066400 [debug] [MainThread]: Sending event: {'category': 'dbt', 'action': 'load_project', 'label': '116ab35a-952d-49d0-8202-10288a66fcaa', 'context': [<snowplow_tracker.self_describing_json.SelfDescribingJson object at 0x11629e710>]}
[0m13:07:02.088784 [debug] [MainThread]: Wrote artifact WritableManifest to /Users/sakshirai/Desktop/netflixanalysis/netflix_analysis/target/manifest.json
[0m13:07:02.092031 [debug] [MainThread]: Wrote artifact SemanticManifest to /Users/sakshirai/Desktop/netflixanalysis/netflix_analysis/target/semantic_manifest.json
[0m13:07:02.096974 [debug] [MainThread]: Sending event: {'category': 'dbt', 'action': 'resource_counts', 'label': '116ab35a-952d-49d0-8202-10288a66fcaa', 'context': [<snowplow_tracker.self_describing_json.SelfDescribingJson object at 0x116762410>]}
[0m13:07:02.097160 [info ] [MainThread]: Found 14 models, 1 seed, 473 macros
[0m13:07:02.097291 [debug] [MainThread]: Sending event: {'category': 'dbt', 'action': 'runnable_timing', 'label': '116ab35a-952d-49d0-8202-10288a66fcaa', 'context': [<snowplow_tracker.self_describing_json.SelfDescribingJson object at 0x11671ef90>]}
[0m13:07:02.097879 [info ] [MainThread]: 
[0m13:07:02.098004 [info ] [MainThread]: Concurrency: 1 threads (target='dev')
[0m13:07:02.098099 [info ] [MainThread]: 
[0m13:07:02.098270 [debug] [MainThread]: Acquiring new snowflake connection 'master'
[0m13:07:02.098590 [debug] [ThreadPool]: Acquiring new snowflake connection 'list_MOVIELENS'
[0m13:07:02.148709 [debug] [ThreadPool]: Using snowflake connection "list_MOVIELENS"
[0m13:07:02.148887 [debug] [ThreadPool]: On list_MOVIELENS: /* {"app": "dbt", "dbt_version": "1.9.0", "profile_name": "netflix_analysis", "target_name": "dev", "connection_name": "list_MOVIELENS"} */
show terse schemas in database MOVIELENS
    limit 10000
[0m13:07:02.148991 [debug] [ThreadPool]: Opening a new connection, currently in state init
[0m13:07:02.959555 [debug] [ThreadPool]: SQL status: SUCCESS 4 in 0.810 seconds
[0m13:07:02.968093 [debug] [ThreadPool]: Re-using an available connection from the pool (formerly list_MOVIELENS, now list_MOVIELENS_DEV)
[0m13:07:02.979173 [debug] [ThreadPool]: Using snowflake connection "list_MOVIELENS_DEV"
[0m13:07:02.979571 [debug] [ThreadPool]: On list_MOVIELENS_DEV: /* {"app": "dbt", "dbt_version": "1.9.0", "profile_name": "netflix_analysis", "target_name": "dev", "connection_name": "list_MOVIELENS_DEV"} */
show objects in MOVIELENS.DEV limit 10000;
[0m13:07:03.125898 [debug] [ThreadPool]: SQL status: SUCCESS 13 in 0.146 seconds
[0m13:07:03.131560 [debug] [MainThread]: Sending event: {'category': 'dbt', 'action': 'runnable_timing', 'label': '116ab35a-952d-49d0-8202-10288a66fcaa', 'context': [<snowplow_tracker.self_describing_json.SelfDescribingJson object at 0x11679f310>]}
[0m13:07:03.133480 [debug] [Thread-1 (]: Began running node model.netflix_analysis.mart_movie_releases
[0m13:07:03.134108 [info ] [Thread-1 (]: 1 of 1 START sql table model DEV.mart_movie_releases ........................... [RUN]
[0m13:07:03.134602 [debug] [Thread-1 (]: Re-using an available connection from the pool (formerly list_MOVIELENS_DEV, now model.netflix_analysis.mart_movie_releases)
[0m13:07:03.134971 [debug] [Thread-1 (]: Began compiling node model.netflix_analysis.mart_movie_releases
[0m13:07:03.143700 [debug] [Thread-1 (]: Writing injected SQL for node "model.netflix_analysis.mart_movie_releases"
[0m13:07:03.144621 [debug] [Thread-1 (]: Began executing node model.netflix_analysis.mart_movie_releases
[0m13:07:03.165117 [debug] [Thread-1 (]: Writing runtime sql for node "model.netflix_analysis.mart_movie_releases"
[0m13:07:03.165955 [debug] [Thread-1 (]: Using snowflake connection "model.netflix_analysis.mart_movie_releases"
[0m13:07:03.166176 [debug] [Thread-1 (]: On model.netflix_analysis.mart_movie_releases: /* {"app": "dbt", "dbt_version": "1.9.0", "profile_name": "netflix_analysis", "target_name": "dev", "node_id": "model.netflix_analysis.mart_movie_releases"} */
create or replace transient table MOVIELENS.DEV.mart_movie_releases
         as
        (

WITH fct_ratings AS(
    SELECT *
    FROM MOVIELENS.DEV.fct_ratings
),
seed_dates AS (
    SELECT * FROM MOVIELENS.DEV.seed_movie_release_dates
)

SELECT 
    f.* ,
    CASE 
        WHEN d.release_date IS NULL THEN 'Unknown'
        ELSE 'known'
    END AS release_info_available
FROM fct_ratings f
LEFT JOIN seed_dates d 
ON f.movie_id = d.movie_id
        );
[0m13:07:06.640292 [debug] [Thread-1 (]: SQL status: SUCCESS 1 in 3.474 seconds
[0m13:07:06.662829 [debug] [Thread-1 (]: Sending event: {'category': 'dbt', 'action': 'run_model', 'label': '116ab35a-952d-49d0-8202-10288a66fcaa', 'context': [<snowplow_tracker.self_describing_json.SelfDescribingJson object at 0x117f2f050>]}
[0m13:07:06.663422 [info ] [Thread-1 (]: 1 of 1 OK created sql table model DEV.mart_movie_releases ...................... [[32mSUCCESS 1[0m in 3.53s]
[0m13:07:06.663841 [debug] [Thread-1 (]: Finished running node model.netflix_analysis.mart_movie_releases
[0m13:07:06.664835 [debug] [MainThread]: Connection 'master' was properly closed.
[0m13:07:06.665134 [debug] [MainThread]: Connection 'model.netflix_analysis.mart_movie_releases' was left open.
[0m13:07:06.665370 [debug] [MainThread]: On model.netflix_analysis.mart_movie_releases: Close
[0m13:07:06.861164 [info ] [MainThread]: 
[0m13:07:06.862000 [info ] [MainThread]: Finished running 1 table model in 0 hours 0 minutes and 4.76 seconds (4.76s).
[0m13:07:06.862747 [debug] [MainThread]: Command end result
[0m13:07:06.889156 [debug] [MainThread]: Wrote artifact WritableManifest to /Users/sakshirai/Desktop/netflixanalysis/netflix_analysis/target/manifest.json
[0m13:07:06.891270 [debug] [MainThread]: Wrote artifact SemanticManifest to /Users/sakshirai/Desktop/netflixanalysis/netflix_analysis/target/semantic_manifest.json
[0m13:07:06.895190 [debug] [MainThread]: Wrote artifact RunExecutionResult to /Users/sakshirai/Desktop/netflixanalysis/netflix_analysis/target/run_results.json
[0m13:07:06.895405 [info ] [MainThread]: 
[0m13:07:06.895677 [info ] [MainThread]: [32mCompleted successfully[0m
[0m13:07:06.895863 [info ] [MainThread]: 
[0m13:07:06.896054 [info ] [MainThread]: Done. PASS=1 WARN=0 ERROR=0 SKIP=0 TOTAL=1
[0m13:07:06.898488 [debug] [MainThread]: Resource report: {"command_name": "run", "command_success": true, "command_wall_clock_time": 5.464113, "process_in_blocks": "0", "process_kernel_time": 0.18866, "process_mem_max_rss": "177946624", "process_out_blocks": "0", "process_user_time": 1.277485}
[0m13:07:06.898763 [debug] [MainThread]: Command `dbt run` succeeded at 13:07:06.898711 after 5.46 seconds
[0m13:07:06.898996 [debug] [MainThread]: Sending event: {'category': 'dbt', 'action': 'invocation', 'label': 'end', 'context': [<snowplow_tracker.self_describing_json.SelfDescribingJson object at 0x112f27950>, <snowplow_tracker.self_describing_json.SelfDescribingJson object at 0x112f276d0>, <snowplow_tracker.self_describing_json.SelfDescribingJson object at 0x104852dd0>]}
[0m13:07:06.899201 [debug] [MainThread]: Flushing usage events
[0m13:07:07.792163 [debug] [MainThread]: An error was encountered while trying to flush usage events
[0m16:13:04.745638 [debug] [MainThread]: Sending event: {'category': 'dbt', 'action': 'invocation', 'label': 'start', 'context': [<snowplow_tracker.self_describing_json.SelfDescribingJson object at 0x1048af790>, <snowplow_tracker.self_describing_json.SelfDescribingJson object at 0x104a67250>, <snowplow_tracker.self_describing_json.SelfDescribingJson object at 0x1049ac510>]}


============================== 16:13:04.750125 | 6e6aeb72-d788-4941-b178-290c9e2604c7 ==============================
[0m16:13:04.750125 [info ] [MainThread]: Running with dbt=1.9.0
[0m16:13:04.750380 [debug] [MainThread]: running dbt with arguments {'printer_width': '80', 'indirect_selection': 'eager', 'log_cache_events': 'False', 'write_json': 'True', 'partial_parse': 'True', 'cache_selected_only': 'False', 'warn_error': 'None', 'fail_fast': 'False', 'debug': 'False', 'log_path': '/Users/sakshirai/Desktop/netflixanalysis/netflix_analysis/logs', 'profiles_dir': '/Users/sakshirai/.dbt', 'version_check': 'True', 'use_colors': 'True', 'use_experimental_parser': 'False', 'no_print': 'None', 'quiet': 'False', 'empty': 'None', 'log_format': 'default', 'invocation_command': 'dbt deps', 'warn_error_options': 'WarnErrorOptions(include=[], exclude=[])', 'static_parser': 'True', 'target_path': 'None', 'introspect': 'True', 'send_anonymous_usage_stats': 'True'}
[0m16:13:04.796282 [debug] [MainThread]: Sending event: {'category': 'dbt', 'action': 'project_id', 'label': '6e6aeb72-d788-4941-b178-290c9e2604c7', 'context': [<snowplow_tracker.self_describing_json.SelfDescribingJson object at 0x104b6aa10>]}
[0m16:13:04.806990 [info ] [MainThread]: Warning: No packages were found in packages.yml
[0m16:13:04.807398 [info ] [MainThread]: Warning: No packages were found in packages.yml
[0m16:13:04.809206 [debug] [MainThread]: Resource report: {"command_name": "deps", "command_success": true, "command_wall_clock_time": 0.08880758, "process_in_blocks": "0", "process_kernel_time": 0.079216, "process_mem_max_rss": "110575616", "process_out_blocks": "0", "process_user_time": 0.472522}
[0m16:13:04.809386 [debug] [MainThread]: Command `dbt deps` succeeded at 16:13:04.809344 after 0.09 seconds
[0m16:13:04.809524 [debug] [MainThread]: Sending event: {'category': 'dbt', 'action': 'invocation', 'label': 'end', 'context': [<snowplow_tracker.self_describing_json.SelfDescribingJson object at 0x10208ee50>, <snowplow_tracker.self_describing_json.SelfDescribingJson object at 0x1005bd6d0>, <snowplow_tracker.self_describing_json.SelfDescribingJson object at 0x1005bd5d0>]}
[0m16:13:04.809651 [debug] [MainThread]: Flushing usage events
[0m16:13:06.077350 [debug] [MainThread]: An error was encountered while trying to flush usage events
[0m16:13:42.649361 [debug] [MainThread]: Sending event: {'category': 'dbt', 'action': 'invocation', 'label': 'start', 'context': [<snowplow_tracker.self_describing_json.SelfDescribingJson object at 0x1119e81d0>, <snowplow_tracker.self_describing_json.SelfDescribingJson object at 0x111a4ed90>, <snowplow_tracker.self_describing_json.SelfDescribingJson object at 0x111a4f850>]}


============================== 16:13:42.651126 | ef410ba1-26ea-4247-b0ce-2a59365e9c56 ==============================
[0m16:13:42.651126 [info ] [MainThread]: Running with dbt=1.9.0
[0m16:13:42.651373 [debug] [MainThread]: running dbt with arguments {'printer_width': '80', 'indirect_selection': 'eager', 'log_cache_events': 'False', 'write_json': 'True', 'partial_parse': 'True', 'cache_selected_only': 'False', 'warn_error': 'None', 'fail_fast': 'False', 'profiles_dir': '/Users/sakshirai/.dbt', 'log_path': '/Users/sakshirai/Desktop/netflixanalysis/netflix_analysis/logs', 'debug': 'False', 'version_check': 'True', 'use_colors': 'True', 'use_experimental_parser': 'False', 'no_print': 'None', 'quiet': 'False', 'empty': 'None', 'log_format': 'default', 'introspect': 'True', 'invocation_command': 'dbt deps', 'warn_error_options': 'WarnErrorOptions(include=[], exclude=[])', 'target_path': 'None', 'static_parser': 'True', 'send_anonymous_usage_stats': 'True'}
[0m16:13:42.688013 [debug] [MainThread]: Sending event: {'category': 'dbt', 'action': 'project_id', 'label': 'ef410ba1-26ea-4247-b0ce-2a59365e9c56', 'context': [<snowplow_tracker.self_describing_json.SelfDescribingJson object at 0x1119e9ad0>]}
[0m16:13:42.692549 [debug] [MainThread]: Set downloads directory='/var/folders/rp/101xsw9131zdqm5fxfd452tm0000gn/T/dbt-downloads-phetvb3n'
[0m16:13:42.692740 [debug] [MainThread]: Making package index registry request: GET https://hub.getdbt.com/api/v1/index.json
[0m16:13:42.797000 [debug] [MainThread]: Response from registry index: GET https://hub.getdbt.com/api/v1/index.json 200
[0m16:13:42.798194 [error] [MainThread]: Encountered an error:
Package dbt-labs/dbt-utils was not found in the package index
[0m16:13:42.801096 [error] [MainThread]: Traceback (most recent call last):
  File "/Users/sakshirai/Desktop/netflixanalysis/venv/lib/python3.11/site-packages/dbt/cli/requires.py", line 153, in wrapper
    result, success = func(*args, **kwargs)
                      ^^^^^^^^^^^^^^^^^^^^^
  File "/Users/sakshirai/Desktop/netflixanalysis/venv/lib/python3.11/site-packages/dbt/cli/requires.py", line 103, in wrapper
    return func(*args, **kwargs)
           ^^^^^^^^^^^^^^^^^^^^^
  File "/Users/sakshirai/Desktop/netflixanalysis/venv/lib/python3.11/site-packages/dbt/cli/requires.py", line 218, in wrapper
    return func(*args, **kwargs)
           ^^^^^^^^^^^^^^^^^^^^^
  File "/Users/sakshirai/Desktop/netflixanalysis/venv/lib/python3.11/site-packages/dbt/cli/requires.py", line 264, in wrapper
    return func(*args, **kwargs)
           ^^^^^^^^^^^^^^^^^^^^^
  File "/Users/sakshirai/Desktop/netflixanalysis/venv/lib/python3.11/site-packages/dbt/cli/main.py", line 455, in deps
    results = task.run()
              ^^^^^^^^^^
  File "/Users/sakshirai/Desktop/netflixanalysis/venv/lib/python3.11/site-packages/dbt/task/deps.py", line 211, in run
    self.lock()
  File "/Users/sakshirai/Desktop/netflixanalysis/venv/lib/python3.11/site-packages/dbt/task/deps.py", line 187, in lock
    resolved_deps = resolve_packages(packages, self.project, self.cli_vars)
                    ^^^^^^^^^^^^^^^^^^^^^^^^^^^^^^^^^^^^^^^^^^^^^^^^^^^^^^^
  File "/Users/sakshirai/Desktop/netflixanalysis/venv/lib/python3.11/site-packages/dbt/deps/resolver.py", line 131, in resolve_packages
    target = final[package].resolved().fetch_metadata(project, renderer)
             ^^^^^^^^^^^^^^^^^^^^^^^^^
  File "/Users/sakshirai/Desktop/netflixanalysis/venv/lib/python3.11/site-packages/dbt/deps/registry.py", line 98, in resolved
    self._check_in_index()
  File "/Users/sakshirai/Desktop/netflixanalysis/venv/lib/python3.11/site-packages/dbt/deps/registry.py", line 77, in _check_in_index
    raise PackageNotFoundError(self.package)
dbt.exceptions.PackageNotFoundError: Package dbt-labs/dbt-utils was not found in the package index

[0m16:13:42.802937 [debug] [MainThread]: Resource report: {"command_name": "deps", "command_success": false, "command_wall_clock_time": 0.17653413, "process_in_blocks": "0", "process_kernel_time": 0.090847, "process_mem_max_rss": "115589120", "process_out_blocks": "0", "process_user_time": 0.484217}
[0m16:13:42.803186 [debug] [MainThread]: Command `dbt deps` failed at 16:13:42.803136 after 0.18 seconds
[0m16:13:42.803385 [debug] [MainThread]: Sending event: {'category': 'dbt', 'action': 'invocation', 'label': 'end', 'context': [<snowplow_tracker.self_describing_json.SelfDescribingJson object at 0x111a38810>, <snowplow_tracker.self_describing_json.SelfDescribingJson object at 0x104b05510>, <snowplow_tracker.self_describing_json.SelfDescribingJson object at 0x111bd1390>]}
[0m16:13:42.803581 [debug] [MainThread]: Flushing usage events
[0m16:13:43.964296 [debug] [MainThread]: An error was encountered while trying to flush usage events
[0m16:17:26.421255 [debug] [MainThread]: Sending event: {'category': 'dbt', 'action': 'invocation', 'label': 'start', 'context': [<snowplow_tracker.self_describing_json.SelfDescribingJson object at 0x106a23b10>, <snowplow_tracker.self_describing_json.SelfDescribingJson object at 0x106a72750>, <snowplow_tracker.self_describing_json.SelfDescribingJson object at 0x106a70d10>]}


============================== 16:17:26.423155 | 5a8117d9-a9d0-4e20-a572-ea9e901a6c90 ==============================
[0m16:17:26.423155 [info ] [MainThread]: Running with dbt=1.9.0
[0m16:17:26.423389 [debug] [MainThread]: running dbt with arguments {'printer_width': '80', 'indirect_selection': 'eager', 'log_cache_events': 'False', 'write_json': 'True', 'partial_parse': 'True', 'cache_selected_only': 'False', 'profiles_dir': '/Users/sakshirai/.dbt', 'fail_fast': 'False', 'version_check': 'True', 'log_path': '/Users/sakshirai/Desktop/netflixanalysis/netflix_analysis/logs', 'warn_error': 'None', 'debug': 'False', 'use_colors': 'True', 'use_experimental_parser': 'False', 'no_print': 'None', 'quiet': 'False', 'empty': 'None', 'warn_error_options': 'WarnErrorOptions(include=[], exclude=[])', 'static_parser': 'True', 'introspect': 'True', 'invocation_command': 'dbt deps', 'target_path': 'None', 'log_format': 'default', 'send_anonymous_usage_stats': 'True'}
[0m16:17:26.460363 [debug] [MainThread]: Sending event: {'category': 'dbt', 'action': 'project_id', 'label': '5a8117d9-a9d0-4e20-a572-ea9e901a6c90', 'context': [<snowplow_tracker.self_describing_json.SelfDescribingJson object at 0x106aa3910>]}
[0m16:17:26.465000 [debug] [MainThread]: Set downloads directory='/var/folders/rp/101xsw9131zdqm5fxfd452tm0000gn/T/dbt-downloads-n_ilkp7t'
[0m16:17:26.465204 [debug] [MainThread]: Making package index registry request: GET https://hub.getdbt.com/api/v1/index.json
[0m16:17:26.529250 [debug] [MainThread]: Response from registry index: GET https://hub.getdbt.com/api/v1/index.json 200
[0m16:17:26.530025 [error] [MainThread]: Encountered an error:
Package dbt-labs/dbt-utils was not found in the package index
[0m16:17:26.532503 [error] [MainThread]: Traceback (most recent call last):
  File "/Users/sakshirai/Desktop/netflixanalysis/venv/lib/python3.11/site-packages/dbt/cli/requires.py", line 153, in wrapper
    result, success = func(*args, **kwargs)
                      ^^^^^^^^^^^^^^^^^^^^^
  File "/Users/sakshirai/Desktop/netflixanalysis/venv/lib/python3.11/site-packages/dbt/cli/requires.py", line 103, in wrapper
    return func(*args, **kwargs)
           ^^^^^^^^^^^^^^^^^^^^^
  File "/Users/sakshirai/Desktop/netflixanalysis/venv/lib/python3.11/site-packages/dbt/cli/requires.py", line 218, in wrapper
    return func(*args, **kwargs)
           ^^^^^^^^^^^^^^^^^^^^^
  File "/Users/sakshirai/Desktop/netflixanalysis/venv/lib/python3.11/site-packages/dbt/cli/requires.py", line 264, in wrapper
    return func(*args, **kwargs)
           ^^^^^^^^^^^^^^^^^^^^^
  File "/Users/sakshirai/Desktop/netflixanalysis/venv/lib/python3.11/site-packages/dbt/cli/main.py", line 455, in deps
    results = task.run()
              ^^^^^^^^^^
  File "/Users/sakshirai/Desktop/netflixanalysis/venv/lib/python3.11/site-packages/dbt/task/deps.py", line 211, in run
    self.lock()
  File "/Users/sakshirai/Desktop/netflixanalysis/venv/lib/python3.11/site-packages/dbt/task/deps.py", line 187, in lock
    resolved_deps = resolve_packages(packages, self.project, self.cli_vars)
                    ^^^^^^^^^^^^^^^^^^^^^^^^^^^^^^^^^^^^^^^^^^^^^^^^^^^^^^^
  File "/Users/sakshirai/Desktop/netflixanalysis/venv/lib/python3.11/site-packages/dbt/deps/resolver.py", line 131, in resolve_packages
    target = final[package].resolved().fetch_metadata(project, renderer)
             ^^^^^^^^^^^^^^^^^^^^^^^^^
  File "/Users/sakshirai/Desktop/netflixanalysis/venv/lib/python3.11/site-packages/dbt/deps/registry.py", line 98, in resolved
    self._check_in_index()
  File "/Users/sakshirai/Desktop/netflixanalysis/venv/lib/python3.11/site-packages/dbt/deps/registry.py", line 77, in _check_in_index
    raise PackageNotFoundError(self.package)
dbt.exceptions.PackageNotFoundError: Package dbt-labs/dbt-utils was not found in the package index

[0m16:17:26.534165 [debug] [MainThread]: Resource report: {"command_name": "deps", "command_success": false, "command_wall_clock_time": 0.13696276, "process_in_blocks": "0", "process_kernel_time": 0.095226, "process_mem_max_rss": "114999296", "process_out_blocks": "0", "process_user_time": 0.491421}
[0m16:17:26.534395 [debug] [MainThread]: Command `dbt deps` failed at 16:17:26.534352 after 0.14 seconds
[0m16:17:26.534561 [debug] [MainThread]: Sending event: {'category': 'dbt', 'action': 'invocation', 'label': 'end', 'context': [<snowplow_tracker.self_describing_json.SelfDescribingJson object at 0x106a72790>, <snowplow_tracker.self_describing_json.SelfDescribingJson object at 0x106a70810>, <snowplow_tracker.self_describing_json.SelfDescribingJson object at 0x1024b55d0>]}
[0m16:17:26.534718 [debug] [MainThread]: Flushing usage events
[0m16:17:27.608865 [debug] [MainThread]: An error was encountered while trying to flush usage events
[0m16:17:42.729552 [debug] [MainThread]: Sending event: {'category': 'dbt', 'action': 'invocation', 'label': 'start', 'context': [<snowplow_tracker.self_describing_json.SelfDescribingJson object at 0x10569afd0>, <snowplow_tracker.self_describing_json.SelfDescribingJson object at 0x105693090>, <snowplow_tracker.self_describing_json.SelfDescribingJson object at 0x1056ff2d0>]}


============================== 16:17:42.731427 | f41726c1-5967-42d9-8f33-f2a708511484 ==============================
[0m16:17:42.731427 [info ] [MainThread]: Running with dbt=1.9.0
[0m16:17:42.731680 [debug] [MainThread]: running dbt with arguments {'printer_width': '80', 'indirect_selection': 'eager', 'write_json': 'True', 'log_cache_events': 'False', 'partial_parse': 'True', 'cache_selected_only': 'False', 'profiles_dir': '/Users/sakshirai/.dbt', 'version_check': 'True', 'warn_error': 'None', 'log_path': '/Users/sakshirai/Desktop/netflixanalysis/netflix_analysis/logs', 'debug': 'False', 'fail_fast': 'False', 'use_colors': 'True', 'use_experimental_parser': 'False', 'empty': 'None', 'quiet': 'False', 'no_print': 'None', 'warn_error_options': 'WarnErrorOptions(include=[], exclude=[])', 'static_parser': 'True', 'introspect': 'True', 'log_format': 'default', 'target_path': 'None', 'invocation_command': 'dbt deps', 'send_anonymous_usage_stats': 'True'}
[0m16:17:42.755932 [error] [MainThread]: Encountered an error:
Runtime Error
  The packages.yml file in this project is malformed. Please double check
  the contents of this file and fix any errors before retrying.
  
  You can find more information on the syntax for this file here:
  https://docs.getdbt.com/docs/package-management
  
  Validator Error:
  dbt-utils was not found in the package index. Packages on the index require a namespace, e.g dbt-labs/dbt_utils
  

Error encountered in /Users/sakshirai/Desktop/netflixanalysis/netflix_analysis/dbt_project.yml
[0m16:17:42.757208 [debug] [MainThread]: Resource report: {"command_name": "deps", "command_success": false, "command_wall_clock_time": 0.050097376, "process_in_blocks": "0", "process_kernel_time": 0.082196, "process_mem_max_rss": "110313472", "process_out_blocks": "0", "process_user_time": 0.457501}
[0m16:17:42.757394 [debug] [MainThread]: Command `dbt deps` failed at 16:17:42.757357 after 0.05 seconds
[0m16:17:42.757541 [debug] [MainThread]: Sending event: {'category': 'dbt', 'action': 'invocation', 'label': 'end', 'context': [<snowplow_tracker.self_describing_json.SelfDescribingJson object at 0x101201510>, <snowplow_tracker.self_describing_json.SelfDescribingJson object at 0x1012015d0>, <snowplow_tracker.self_describing_json.SelfDescribingJson object at 0x105692d50>]}
[0m16:17:42.757684 [debug] [MainThread]: Flushing usage events
[0m16:17:43.774314 [debug] [MainThread]: An error was encountered while trying to flush usage events
[0m16:18:10.276132 [debug] [MainThread]: Sending event: {'category': 'dbt', 'action': 'invocation', 'label': 'start', 'context': [<snowplow_tracker.self_describing_json.SelfDescribingJson object at 0x1070920d0>, <snowplow_tracker.self_describing_json.SelfDescribingJson object at 0x1070f6d10>, <snowplow_tracker.self_describing_json.SelfDescribingJson object at 0x1070f77d0>]}


============================== 16:18:10.277964 | 676543d0-9720-4b0f-b7bd-d81470262b11 ==============================
[0m16:18:10.277964 [info ] [MainThread]: Running with dbt=1.9.0
[0m16:18:10.278219 [debug] [MainThread]: running dbt with arguments {'printer_width': '80', 'indirect_selection': 'eager', 'log_cache_events': 'False', 'write_json': 'True', 'partial_parse': 'True', 'cache_selected_only': 'False', 'profiles_dir': '/Users/sakshirai/.dbt', 'debug': 'False', 'version_check': 'True', 'log_path': '/Users/sakshirai/Desktop/netflixanalysis/netflix_analysis/logs', 'fail_fast': 'False', 'warn_error': 'None', 'use_colors': 'True', 'use_experimental_parser': 'False', 'empty': 'None', 'quiet': 'False', 'no_print': 'None', 'log_format': 'default', 'introspect': 'True', 'warn_error_options': 'WarnErrorOptions(include=[], exclude=[])', 'invocation_command': 'dbt deps', 'target_path': 'None', 'static_parser': 'True', 'send_anonymous_usage_stats': 'True'}
[0m16:18:10.315394 [debug] [MainThread]: Sending event: {'category': 'dbt', 'action': 'project_id', 'label': '676543d0-9720-4b0f-b7bd-d81470262b11', 'context': [<snowplow_tracker.self_describing_json.SelfDescribingJson object at 0x10708af90>]}
[0m16:18:10.320280 [debug] [MainThread]: Set downloads directory='/var/folders/rp/101xsw9131zdqm5fxfd452tm0000gn/T/dbt-downloads-dzoeekuk'
[0m16:18:10.320471 [debug] [MainThread]: Making package index registry request: GET https://hub.getdbt.com/api/v1/index.json
[0m16:18:11.851315 [debug] [MainThread]: Response from registry index: GET https://hub.getdbt.com/api/v1/index.json 200
[0m16:18:11.854765 [error] [MainThread]: Encountered an error:
Package dbt-labs/dbt-utils was not found in the package index
[0m16:18:11.857320 [error] [MainThread]: Traceback (most recent call last):
  File "/Users/sakshirai/Desktop/netflixanalysis/venv/lib/python3.11/site-packages/dbt/cli/requires.py", line 153, in wrapper
    result, success = func(*args, **kwargs)
                      ^^^^^^^^^^^^^^^^^^^^^
  File "/Users/sakshirai/Desktop/netflixanalysis/venv/lib/python3.11/site-packages/dbt/cli/requires.py", line 103, in wrapper
    return func(*args, **kwargs)
           ^^^^^^^^^^^^^^^^^^^^^
  File "/Users/sakshirai/Desktop/netflixanalysis/venv/lib/python3.11/site-packages/dbt/cli/requires.py", line 218, in wrapper
    return func(*args, **kwargs)
           ^^^^^^^^^^^^^^^^^^^^^
  File "/Users/sakshirai/Desktop/netflixanalysis/venv/lib/python3.11/site-packages/dbt/cli/requires.py", line 264, in wrapper
    return func(*args, **kwargs)
           ^^^^^^^^^^^^^^^^^^^^^
  File "/Users/sakshirai/Desktop/netflixanalysis/venv/lib/python3.11/site-packages/dbt/cli/main.py", line 455, in deps
    results = task.run()
              ^^^^^^^^^^
  File "/Users/sakshirai/Desktop/netflixanalysis/venv/lib/python3.11/site-packages/dbt/task/deps.py", line 211, in run
    self.lock()
  File "/Users/sakshirai/Desktop/netflixanalysis/venv/lib/python3.11/site-packages/dbt/task/deps.py", line 187, in lock
    resolved_deps = resolve_packages(packages, self.project, self.cli_vars)
                    ^^^^^^^^^^^^^^^^^^^^^^^^^^^^^^^^^^^^^^^^^^^^^^^^^^^^^^^
  File "/Users/sakshirai/Desktop/netflixanalysis/venv/lib/python3.11/site-packages/dbt/deps/resolver.py", line 131, in resolve_packages
    target = final[package].resolved().fetch_metadata(project, renderer)
             ^^^^^^^^^^^^^^^^^^^^^^^^^
  File "/Users/sakshirai/Desktop/netflixanalysis/venv/lib/python3.11/site-packages/dbt/deps/registry.py", line 98, in resolved
    self._check_in_index()
  File "/Users/sakshirai/Desktop/netflixanalysis/venv/lib/python3.11/site-packages/dbt/deps/registry.py", line 77, in _check_in_index
    raise PackageNotFoundError(self.package)
dbt.exceptions.PackageNotFoundError: Package dbt-labs/dbt-utils was not found in the package index

[0m16:18:11.861314 [debug] [MainThread]: Resource report: {"command_name": "deps", "command_success": false, "command_wall_clock_time": 1.6076634, "process_in_blocks": "0", "process_kernel_time": 0.091545, "process_mem_max_rss": "115654656", "process_out_blocks": "0", "process_user_time": 0.487936}
[0m16:18:11.862194 [debug] [MainThread]: Command `dbt deps` failed at 16:18:11.862055 after 1.61 seconds
[0m16:18:11.862693 [debug] [MainThread]: Sending event: {'category': 'dbt', 'action': 'invocation', 'label': 'end', 'context': [<snowplow_tracker.self_describing_json.SelfDescribingJson object at 0x107113fd0>, <snowplow_tracker.self_describing_json.SelfDescribingJson object at 0x107281090>, <snowplow_tracker.self_describing_json.SelfDescribingJson object at 0x1070f6c10>]}
[0m16:18:11.863138 [debug] [MainThread]: Flushing usage events
[0m16:18:12.786739 [debug] [MainThread]: An error was encountered while trying to flush usage events
[0m16:19:13.103877 [debug] [MainThread]: Sending event: {'category': 'dbt', 'action': 'invocation', 'label': 'start', 'context': [<snowplow_tracker.self_describing_json.SelfDescribingJson object at 0x1054e2dd0>, <snowplow_tracker.self_describing_json.SelfDescribingJson object at 0x10554ea10>, <snowplow_tracker.self_describing_json.SelfDescribingJson object at 0x10554f4d0>]}


============================== 16:19:13.106299 | 0e15b52a-8c0b-4210-9e69-74a3e405961e ==============================
[0m16:19:13.106299 [info ] [MainThread]: Running with dbt=1.9.0
[0m16:19:13.106561 [debug] [MainThread]: running dbt with arguments {'printer_width': '80', 'indirect_selection': 'eager', 'log_cache_events': 'False', 'write_json': 'True', 'partial_parse': 'True', 'cache_selected_only': 'False', 'profiles_dir': '/Users/sakshirai/.dbt', 'version_check': 'True', 'warn_error': 'None', 'log_path': '/Users/sakshirai/Desktop/netflixanalysis/netflix_analysis/logs', 'debug': 'False', 'fail_fast': 'False', 'use_colors': 'True', 'use_experimental_parser': 'False', 'no_print': 'None', 'quiet': 'False', 'empty': 'None', 'warn_error_options': 'WarnErrorOptions(include=[], exclude=[])', 'static_parser': 'True', 'introspect': 'True', 'log_format': 'default', 'target_path': 'None', 'invocation_command': 'dbt deps', 'send_anonymous_usage_stats': 'True'}
[0m16:19:13.143573 [debug] [MainThread]: Sending event: {'category': 'dbt', 'action': 'project_id', 'label': '0e15b52a-8c0b-4210-9e69-74a3e405961e', 'context': [<snowplow_tracker.self_describing_json.SelfDescribingJson object at 0x1055e7410>]}
[0m16:19:13.153364 [debug] [MainThread]: Set downloads directory='/var/folders/rp/101xsw9131zdqm5fxfd452tm0000gn/T/dbt-downloads-m74nwj7i'
[0m16:19:13.153568 [debug] [MainThread]: Making package index registry request: GET https://hub.getdbt.com/api/v1/index.json
[0m16:19:15.569985 [debug] [MainThread]: Response from registry index: GET https://hub.getdbt.com/api/v1/index.json 200
[0m16:19:15.573629 [debug] [MainThread]: Making package registry request: GET https://hub.getdbt.com/api/v1/dbt-labs/dbt_utils.json
[0m16:19:15.613663 [debug] [MainThread]: Response from registry: GET https://hub.getdbt.com/api/v1/dbt-labs/dbt_utils.json 200
[0m16:19:15.628859 [info ] [MainThread]: Updating lock file in file path: /Users/sakshirai/Desktop/netflixanalysis/netflix_analysis/package-lock.yml
[0m16:19:15.630759 [debug] [MainThread]: Set downloads directory='/var/folders/rp/101xsw9131zdqm5fxfd452tm0000gn/T/dbt-downloads-0b09db8v'
[0m16:19:15.633430 [info ] [MainThread]: Installing dbt-labs/dbt_utils
[0m16:19:15.949765 [info ] [MainThread]: Installed from version 1.3.0
[0m16:19:15.950001 [info ] [MainThread]: Updated version available: 1.3.3
[0m16:19:15.950180 [debug] [MainThread]: Sending event: {'category': 'dbt', 'action': 'package', 'label': '0e15b52a-8c0b-4210-9e69-74a3e405961e', 'property_': 'install', 'context': [<snowplow_tracker.self_describing_json.SelfDescribingJson object at 0x105595250>, <snowplow_tracker.self_describing_json.SelfDescribingJson object at 0x1054eac50>]}
[0m16:19:15.950388 [info ] [MainThread]: 
[0m16:19:15.950526 [info ] [MainThread]: Updates available for packages: ['dbt-labs/dbt_utils']                 
Update your versions in packages.yml, then run dbt deps
[0m16:19:15.952714 [debug] [MainThread]: Resource report: {"command_name": "deps", "command_success": true, "command_wall_clock_time": 2.8748999, "process_in_blocks": "0", "process_kernel_time": 0.157151, "process_mem_max_rss": "117063680", "process_out_blocks": "0", "process_user_time": 0.543266}
[0m16:19:15.952920 [debug] [MainThread]: Command `dbt deps` succeeded at 16:19:15.952880 after 2.88 seconds
[0m16:19:15.953070 [debug] [MainThread]: Sending event: {'category': 'dbt', 'action': 'invocation', 'label': 'end', 'context': [<snowplow_tracker.self_describing_json.SelfDescribingJson object at 0x10556bfd0>, <snowplow_tracker.self_describing_json.SelfDescribingJson object at 0x10556bf90>, <snowplow_tracker.self_describing_json.SelfDescribingJson object at 0x10525f3d0>]}
[0m16:19:15.953211 [debug] [MainThread]: Flushing usage events
[0m16:19:16.853048 [debug] [MainThread]: An error was encountered while trying to flush usage events
[0m16:20:28.680190 [debug] [MainThread]: Sending event: {'category': 'dbt', 'action': 'invocation', 'label': 'start', 'context': [<snowplow_tracker.self_describing_json.SelfDescribingJson object at 0x1062ebbd0>, <snowplow_tracker.self_describing_json.SelfDescribingJson object at 0x1063532d0>, <snowplow_tracker.self_describing_json.SelfDescribingJson object at 0x106353d90>]}


============================== 16:20:28.690221 | 97873ef7-c8cc-44d0-bb30-d83cce11a446 ==============================
[0m16:20:28.690221 [info ] [MainThread]: Running with dbt=1.9.0
[0m16:20:28.690494 [debug] [MainThread]: running dbt with arguments {'printer_width': '80', 'indirect_selection': 'eager', 'log_cache_events': 'False', 'write_json': 'True', 'partial_parse': 'True', 'cache_selected_only': 'False', 'profiles_dir': '/Users/sakshirai/.dbt', 'version_check': 'True', 'debug': 'False', 'log_path': '/Users/sakshirai/Desktop/netflixanalysis/netflix_analysis/logs', 'fail_fast': 'False', 'warn_error': 'None', 'use_colors': 'True', 'use_experimental_parser': 'False', 'no_print': 'None', 'quiet': 'False', 'empty': 'False', 'warn_error_options': 'WarnErrorOptions(include=[], exclude=[])', 'invocation_command': 'dbt snapshot', 'static_parser': 'True', 'introspect': 'True', 'target_path': 'None', 'log_format': 'default', 'send_anonymous_usage_stats': 'True'}
[0m16:20:28.944102 [debug] [MainThread]: Sending event: {'category': 'dbt', 'action': 'project_id', 'label': '97873ef7-c8cc-44d0-bb30-d83cce11a446', 'context': [<snowplow_tracker.self_describing_json.SelfDescribingJson object at 0x106353190>]}
[0m16:20:28.961410 [debug] [MainThread]: Sending event: {'category': 'dbt', 'action': 'adapter_info', 'label': '97873ef7-c8cc-44d0-bb30-d83cce11a446', 'context': [<snowplow_tracker.self_describing_json.SelfDescribingJson object at 0x1073f3c10>]}
[0m16:20:28.961891 [info ] [MainThread]: Registered adapter: snowflake=1.9.0
[0m16:20:29.011758 [debug] [MainThread]: checksum: c99e828bba267739642b5a3ce85f17518764ea526e0e6c4fdc649171c1a66bff, vars: {}, profile: , target: , version: 1.9.0
[0m16:20:29.039234 [info ] [MainThread]: Unable to do partial parsing because of a version mismatch
[0m16:20:29.039474 [debug] [MainThread]: Sending event: {'category': 'dbt', 'action': 'partial_parser', 'label': '97873ef7-c8cc-44d0-bb30-d83cce11a446', 'context': [<snowplow_tracker.self_describing_json.SelfDescribingJson object at 0x105d47790>]}
[0m16:20:29.586727 [debug] [MainThread]: Sending event: {'category': 'dbt', 'action': 'load_project', 'label': '97873ef7-c8cc-44d0-bb30-d83cce11a446', 'context': [<snowplow_tracker.self_describing_json.SelfDescribingJson object at 0x107a718d0>]}
[0m16:20:29.615273 [debug] [MainThread]: Wrote artifact WritableManifest to /Users/sakshirai/Desktop/netflixanalysis/netflix_analysis/target/manifest.json
[0m16:20:29.621294 [debug] [MainThread]: Wrote artifact SemanticManifest to /Users/sakshirai/Desktop/netflixanalysis/netflix_analysis/target/semantic_manifest.json
[0m16:20:29.632334 [debug] [MainThread]: Sending event: {'category': 'dbt', 'action': 'resource_counts', 'label': '97873ef7-c8cc-44d0-bb30-d83cce11a446', 'context': [<snowplow_tracker.self_describing_json.SelfDescribingJson object at 0x10746c050>]}
[0m16:20:29.632535 [info ] [MainThread]: Found 14 models, 1 snapshot, 1 seed, 589 macros
[0m16:20:29.632662 [debug] [MainThread]: Sending event: {'category': 'dbt', 'action': 'runnable_timing', 'label': '97873ef7-c8cc-44d0-bb30-d83cce11a446', 'context': [<snowplow_tracker.self_describing_json.SelfDescribingJson object at 0x107a921d0>]}
[0m16:20:29.633341 [info ] [MainThread]: 
[0m16:20:29.633468 [info ] [MainThread]: Concurrency: 1 threads (target='dev')
[0m16:20:29.633564 [info ] [MainThread]: 
[0m16:20:29.633748 [debug] [MainThread]: Acquiring new snowflake connection 'master'
[0m16:20:29.634066 [debug] [ThreadPool]: Acquiring new snowflake connection 'list_MOVIELENS'
[0m16:20:29.667319 [debug] [ThreadPool]: Using snowflake connection "list_MOVIELENS"
[0m16:20:29.667487 [debug] [ThreadPool]: On list_MOVIELENS: /* {"app": "dbt", "dbt_version": "1.9.0", "profile_name": "netflix_analysis", "target_name": "dev", "connection_name": "list_MOVIELENS"} */
show terse schemas in database MOVIELENS
    limit 10000
[0m16:20:29.667582 [debug] [ThreadPool]: Opening a new connection, currently in state init
[0m16:20:30.693188 [debug] [ThreadPool]: SQL status: SUCCESS 4 in 1.025 seconds
[0m16:20:30.696601 [debug] [ThreadPool]: Re-using an available connection from the pool (formerly list_MOVIELENS, now create_MOVIELENS_snapshots)
[0m16:20:30.697575 [debug] [ThreadPool]: Creating schema "database: "MOVIELENS"
schema: "snapshots"
"
[0m16:20:30.707224 [debug] [ThreadPool]: Using snowflake connection "create_MOVIELENS_snapshots"
[0m16:20:30.707839 [debug] [ThreadPool]: On create_MOVIELENS_snapshots: /* {"app": "dbt", "dbt_version": "1.9.0", "profile_name": "netflix_analysis", "target_name": "dev", "connection_name": "create_MOVIELENS_snapshots"} */
create schema if not exists MOVIELENS.snapshots
[0m16:20:30.892683 [debug] [ThreadPool]: SQL status: SUCCESS 1 in 0.184 seconds
[0m16:20:30.901083 [debug] [ThreadPool]: Re-using an available connection from the pool (formerly create_MOVIELENS_snapshots, now list_MOVIELENS_snapshots)
[0m16:20:30.912674 [debug] [ThreadPool]: Using snowflake connection "list_MOVIELENS_snapshots"
[0m16:20:30.913016 [debug] [ThreadPool]: On list_MOVIELENS_snapshots: /* {"app": "dbt", "dbt_version": "1.9.0", "profile_name": "netflix_analysis", "target_name": "dev", "connection_name": "list_MOVIELENS_snapshots"} */
show objects in MOVIELENS.snapshots limit 10000;
[0m16:20:31.037866 [debug] [ThreadPool]: SQL status: SUCCESS 0 in 0.124 seconds
[0m16:20:31.040927 [debug] [ThreadPool]: Re-using an available connection from the pool (formerly list_MOVIELENS_snapshots, now list_MOVIELENS_DEV)
[0m16:20:31.045339 [debug] [ThreadPool]: Using snowflake connection "list_MOVIELENS_DEV"
[0m16:20:31.045744 [debug] [ThreadPool]: On list_MOVIELENS_DEV: /* {"app": "dbt", "dbt_version": "1.9.0", "profile_name": "netflix_analysis", "target_name": "dev", "connection_name": "list_MOVIELENS_DEV"} */
show objects in MOVIELENS.DEV limit 10000;
[0m16:20:31.197746 [debug] [ThreadPool]: SQL status: SUCCESS 14 in 0.152 seconds
[0m16:20:31.204440 [debug] [MainThread]: Sending event: {'category': 'dbt', 'action': 'runnable_timing', 'label': '97873ef7-c8cc-44d0-bb30-d83cce11a446', 'context': [<snowplow_tracker.self_describing_json.SelfDescribingJson object at 0x1145e33d0>]}
[0m16:20:31.206950 [debug] [Thread-1 (]: Began running node snapshot.netflix_analysis.snap_tags
[0m16:20:31.207696 [info ] [Thread-1 (]: 1 of 1 START snapshot snapshots.snap_tags ...................................... [RUN]
[0m16:20:31.208217 [debug] [Thread-1 (]: Re-using an available connection from the pool (formerly list_MOVIELENS_DEV, now snapshot.netflix_analysis.snap_tags)
[0m16:20:31.208609 [debug] [Thread-1 (]: Began compiling node snapshot.netflix_analysis.snap_tags
[0m16:20:31.219356 [debug] [Thread-1 (]: Began executing node snapshot.netflix_analysis.snap_tags
[0m16:20:31.259982 [debug] [Thread-1 (]: Using snowflake connection "snapshot.netflix_analysis.snap_tags"
[0m16:20:31.260267 [debug] [Thread-1 (]: On snapshot.netflix_analysis.snap_tags: /* {"app": "dbt", "dbt_version": "1.9.0", "profile_name": "netflix_analysis", "target_name": "dev", "node_id": "snapshot.netflix_analysis.snap_tags"} */
/* {"app": "dbt", "dbt_version": "1.9.0", "profile_name": "netflix_analysis", "target_name": "dev", "node_id": "snapshot.netflix_analysis.snap_tags"} */
select * from (
        
    

    select *,
        md5(coalesce(cast(user_id as varchar ), '')
         || '|' || coalesce(cast(movie_id as varchar ), '')
         || '|' || coalesce(cast(tag as varchar ), '')
         || '|' || coalesce(cast(tag_timestamp as varchar ), '')
        ) as dbt_scd_id,
        tag_timestamp as dbt_updated_at,
        tag_timestamp as dbt_valid_from,
        
  
  coalesce(nullif(tag_timestamp, tag_timestamp), null)
  as dbt_valid_to
from (
        



SELECT 
md5(cast(coalesce(cast(user_id as TEXT), '_dbt_utils_surrogate_key_null_') || '-' || coalesce(cast(movie_id as TEXT), '_dbt_utils_surrogate_key_null_') || '-' || coalesce(cast(tag as TEXT), '_dbt_utils_surrogate_key_null_') as TEXT)) AS row_key,
    user_id,
    movie_id,
    tag,
    CAST(tag_timestamp AS TIMESTAMP_NTZ) AS tag_timestamp
FROM MOVIELENS.DEV.src_tags
LIMIT 100

    ) sbq



    ) as __dbt_sbq
    where false
    limit 0
[0m16:20:31.838044 [debug] [Thread-1 (]: SQL status: SUCCESS 0 in 0.577 seconds
[0m16:20:31.845619 [debug] [Thread-1 (]: Using snowflake connection "snapshot.netflix_analysis.snap_tags"
[0m16:20:31.846535 [debug] [Thread-1 (]: On snapshot.netflix_analysis.snap_tags: /* {"app": "dbt", "dbt_version": "1.9.0", "profile_name": "netflix_analysis", "target_name": "dev", "node_id": "snapshot.netflix_analysis.snap_tags"} */
/* {"app": "dbt", "dbt_version": "1.9.0", "profile_name": "netflix_analysis", "target_name": "dev", "node_id": "snapshot.netflix_analysis.snap_tags"} */
select * from (
        select to_timestamp_ntz(convert_timezone('UTC', current_timestamp())) as dbt_snapshot_time
    ) as __dbt_sbq
    where false
    limit 0
[0m16:20:31.968482 [debug] [Thread-1 (]: SQL status: SUCCESS 0 in 0.121 seconds
[0m16:20:31.969862 [debug] [Thread-1 (]: Writing runtime sql for node "snapshot.netflix_analysis.snap_tags"
[0m16:20:31.972845 [debug] [Thread-1 (]: Using snowflake connection "snapshot.netflix_analysis.snap_tags"
[0m16:20:31.973369 [debug] [Thread-1 (]: On snapshot.netflix_analysis.snap_tags: /* {"app": "dbt", "dbt_version": "1.9.0", "profile_name": "netflix_analysis", "target_name": "dev", "node_id": "snapshot.netflix_analysis.snap_tags"} */
create or replace transient table MOVIELENS.snapshots.snap_tags
         as
        (
    

    select *,
        md5(coalesce(cast(user_id as varchar ), '')
         || '|' || coalesce(cast(movie_id as varchar ), '')
         || '|' || coalesce(cast(tag as varchar ), '')
         || '|' || coalesce(cast(tag_timestamp as varchar ), '')
        ) as dbt_scd_id,
        tag_timestamp as dbt_updated_at,
        tag_timestamp as dbt_valid_from,
        
  
  coalesce(nullif(tag_timestamp, tag_timestamp), null)
  as dbt_valid_to
from (
        



SELECT 
md5(cast(coalesce(cast(user_id as TEXT), '_dbt_utils_surrogate_key_null_') || '-' || coalesce(cast(movie_id as TEXT), '_dbt_utils_surrogate_key_null_') || '-' || coalesce(cast(tag as TEXT), '_dbt_utils_surrogate_key_null_') as TEXT)) AS row_key,
    user_id,
    movie_id,
    tag,
    CAST(tag_timestamp AS TIMESTAMP_NTZ) AS tag_timestamp
FROM MOVIELENS.DEV.src_tags
LIMIT 100

    ) sbq



        );
[0m16:20:32.605653 [debug] [Thread-1 (]: SQL status: SUCCESS 1 in 0.632 seconds
[0m16:20:32.632690 [debug] [Thread-1 (]: Sending event: {'category': 'dbt', 'action': 'run_model', 'label': '97873ef7-c8cc-44d0-bb30-d83cce11a446', 'context': [<snowplow_tracker.self_describing_json.SelfDescribingJson object at 0x11465a6d0>]}
[0m16:20:32.633457 [info ] [Thread-1 (]: 1 of 1 OK snapshotted snapshots.snap_tags ...................................... [[32mSUCCESS 1[0m in 1.42s]
[0m16:20:32.633884 [debug] [Thread-1 (]: Finished running node snapshot.netflix_analysis.snap_tags
[0m16:20:32.634715 [debug] [MainThread]: Connection 'master' was properly closed.
[0m16:20:32.634915 [debug] [MainThread]: Connection 'snapshot.netflix_analysis.snap_tags' was left open.
[0m16:20:32.635105 [debug] [MainThread]: On snapshot.netflix_analysis.snap_tags: Close
[0m16:20:32.853764 [info ] [MainThread]: 
[0m16:20:32.854797 [info ] [MainThread]: Finished running 1 snapshot in 0 hours 0 minutes and 3.22 seconds (3.22s).
[0m16:20:32.855699 [debug] [MainThread]: Command end result
[0m16:20:32.929952 [debug] [MainThread]: Wrote artifact WritableManifest to /Users/sakshirai/Desktop/netflixanalysis/netflix_analysis/target/manifest.json
[0m16:20:32.930755 [debug] [MainThread]: Wrote artifact SemanticManifest to /Users/sakshirai/Desktop/netflixanalysis/netflix_analysis/target/semantic_manifest.json
[0m16:20:32.932938 [debug] [MainThread]: Wrote artifact RunExecutionResult to /Users/sakshirai/Desktop/netflixanalysis/netflix_analysis/target/run_results.json
[0m16:20:32.933075 [info ] [MainThread]: 
[0m16:20:32.933311 [info ] [MainThread]: [32mCompleted successfully[0m
[0m16:20:32.933481 [info ] [MainThread]: 
[0m16:20:32.933635 [info ] [MainThread]: Done. PASS=1 WARN=0 ERROR=0 SKIP=0 TOTAL=1
[0m16:20:32.935602 [debug] [MainThread]: Resource report: {"command_name": "snapshot", "command_success": true, "command_wall_clock_time": 4.281517, "process_in_blocks": "0", "process_kernel_time": 0.252368, "process_mem_max_rss": "181485568", "process_out_blocks": "0", "process_user_time": 1.546501}
[0m16:20:32.935772 [debug] [MainThread]: Command `dbt snapshot` succeeded at 16:20:32.935741 after 4.28 seconds
[0m16:20:32.935910 [debug] [MainThread]: Sending event: {'category': 'dbt', 'action': 'invocation', 'label': 'end', 'context': [<snowplow_tracker.self_describing_json.SelfDescribingJson object at 0x100fdeb10>, <snowplow_tracker.self_describing_json.SelfDescribingJson object at 0x100fde050>, <snowplow_tracker.self_describing_json.SelfDescribingJson object at 0x10110d790>]}
[0m16:20:32.936041 [debug] [MainThread]: Flushing usage events
[0m16:20:33.848184 [debug] [MainThread]: An error was encountered while trying to flush usage events
[0m16:57:46.800375 [debug] [MainThread]: Sending event: {'category': 'dbt', 'action': 'invocation', 'label': 'start', 'context': [<snowplow_tracker.self_describing_json.SelfDescribingJson object at 0x10a5e3590>, <snowplow_tracker.self_describing_json.SelfDescribingJson object at 0x10a65b6d0>, <snowplow_tracker.self_describing_json.SelfDescribingJson object at 0x10a65bd90>]}


============================== 16:57:46.808736 | 932421a9-e80f-4ee4-9a97-e6fa7148b92b ==============================
[0m16:57:46.808736 [info ] [MainThread]: Running with dbt=1.9.0
[0m16:57:46.808989 [debug] [MainThread]: running dbt with arguments {'printer_width': '80', 'indirect_selection': 'eager', 'log_cache_events': 'False', 'write_json': 'True', 'partial_parse': 'True', 'cache_selected_only': 'False', 'warn_error': 'None', 'debug': 'False', 'fail_fast': 'False', 'log_path': '/Users/sakshirai/Desktop/netflixanalysis/netflix_analysis/logs', 'profiles_dir': '/Users/sakshirai/.dbt', 'version_check': 'True', 'use_colors': 'True', 'use_experimental_parser': 'False', 'no_print': 'None', 'quiet': 'False', 'empty': 'False', 'log_format': 'default', 'introspect': 'True', 'warn_error_options': 'WarnErrorOptions(include=[], exclude=[])', 'static_parser': 'True', 'target_path': 'None', 'invocation_command': 'dbt run --model src_tags', 'send_anonymous_usage_stats': 'True'}
[0m16:57:47.052504 [debug] [MainThread]: Sending event: {'category': 'dbt', 'action': 'project_id', 'label': '932421a9-e80f-4ee4-9a97-e6fa7148b92b', 'context': [<snowplow_tracker.self_describing_json.SelfDescribingJson object at 0x10a5e2990>]}
[0m16:57:47.070231 [debug] [MainThread]: Sending event: {'category': 'dbt', 'action': 'adapter_info', 'label': '932421a9-e80f-4ee4-9a97-e6fa7148b92b', 'context': [<snowplow_tracker.self_describing_json.SelfDescribingJson object at 0x10b5f7490>]}
[0m16:57:47.070689 [info ] [MainThread]: Registered adapter: snowflake=1.9.0
[0m16:57:47.136261 [debug] [MainThread]: checksum: c99e828bba267739642b5a3ce85f17518764ea526e0e6c4fdc649171c1a66bff, vars: {}, profile: , target: , version: 1.9.0
[0m16:57:47.169777 [info ] [MainThread]: Unable to do partial parsing because of a version mismatch
[0m16:57:47.170055 [debug] [MainThread]: Sending event: {'category': 'dbt', 'action': 'partial_parser', 'label': '932421a9-e80f-4ee4-9a97-e6fa7148b92b', 'context': [<snowplow_tracker.self_describing_json.SelfDescribingJson object at 0x1095268d0>]}
[0m16:57:47.706736 [debug] [MainThread]: Sending event: {'category': 'dbt', 'action': 'load_project', 'label': '932421a9-e80f-4ee4-9a97-e6fa7148b92b', 'context': [<snowplow_tracker.self_describing_json.SelfDescribingJson object at 0x10f15e1d0>]}
[0m16:57:47.735007 [debug] [MainThread]: Wrote artifact WritableManifest to /Users/sakshirai/Desktop/netflixanalysis/netflix_analysis/target/manifest.json
[0m16:57:47.741291 [debug] [MainThread]: Wrote artifact SemanticManifest to /Users/sakshirai/Desktop/netflixanalysis/netflix_analysis/target/semantic_manifest.json
[0m16:57:47.753094 [debug] [MainThread]: Sending event: {'category': 'dbt', 'action': 'resource_counts', 'label': '932421a9-e80f-4ee4-9a97-e6fa7148b92b', 'context': [<snowplow_tracker.self_describing_json.SelfDescribingJson object at 0x10d1f1f10>]}
[0m16:57:47.753271 [info ] [MainThread]: Found 14 models, 1 snapshot, 1 seed, 589 macros
[0m16:57:47.753395 [debug] [MainThread]: Sending event: {'category': 'dbt', 'action': 'runnable_timing', 'label': '932421a9-e80f-4ee4-9a97-e6fa7148b92b', 'context': [<snowplow_tracker.self_describing_json.SelfDescribingJson object at 0x10d1efe90>]}
[0m16:57:47.754000 [info ] [MainThread]: 
[0m16:57:47.754127 [info ] [MainThread]: Concurrency: 1 threads (target='dev')
[0m16:57:47.754222 [info ] [MainThread]: 
[0m16:57:47.754395 [debug] [MainThread]: Acquiring new snowflake connection 'master'
[0m16:57:47.754709 [debug] [ThreadPool]: Acquiring new snowflake connection 'list_MOVIELENS'
[0m16:57:47.789365 [debug] [ThreadPool]: Using snowflake connection "list_MOVIELENS"
[0m16:57:47.789527 [debug] [ThreadPool]: On list_MOVIELENS: /* {"app": "dbt", "dbt_version": "1.9.0", "profile_name": "netflix_analysis", "target_name": "dev", "connection_name": "list_MOVIELENS"} */
show terse schemas in database MOVIELENS
    limit 10000
[0m16:57:47.789620 [debug] [ThreadPool]: Opening a new connection, currently in state init
[0m16:57:48.798547 [debug] [ThreadPool]: SQL status: SUCCESS 5 in 1.009 seconds
[0m16:57:48.810225 [debug] [ThreadPool]: Re-using an available connection from the pool (formerly list_MOVIELENS, now list_MOVIELENS_DEV)
[0m16:57:48.821230 [debug] [ThreadPool]: Using snowflake connection "list_MOVIELENS_DEV"
[0m16:57:48.821703 [debug] [ThreadPool]: On list_MOVIELENS_DEV: /* {"app": "dbt", "dbt_version": "1.9.0", "profile_name": "netflix_analysis", "target_name": "dev", "connection_name": "list_MOVIELENS_DEV"} */
show objects in MOVIELENS.DEV limit 10000;
[0m16:57:49.068449 [debug] [ThreadPool]: SQL status: SUCCESS 14 in 0.246 seconds
[0m16:57:49.072704 [debug] [ThreadPool]: Re-using an available connection from the pool (formerly list_MOVIELENS_DEV, now list_MOVIELENS_snapshots)
[0m16:57:49.078911 [debug] [ThreadPool]: Using snowflake connection "list_MOVIELENS_snapshots"
[0m16:57:49.079413 [debug] [ThreadPool]: On list_MOVIELENS_snapshots: /* {"app": "dbt", "dbt_version": "1.9.0", "profile_name": "netflix_analysis", "target_name": "dev", "connection_name": "list_MOVIELENS_snapshots"} */
show objects in MOVIELENS.snapshots limit 10000;
[0m16:57:49.257428 [debug] [ThreadPool]: SQL status: SUCCESS 1 in 0.178 seconds
[0m16:57:49.261233 [debug] [MainThread]: Sending event: {'category': 'dbt', 'action': 'runnable_timing', 'label': '932421a9-e80f-4ee4-9a97-e6fa7148b92b', 'context': [<snowplow_tracker.self_describing_json.SelfDescribingJson object at 0x11d15e9d0>]}
[0m16:57:49.263346 [debug] [Thread-1 (]: Began running node model.netflix_analysis.src_tags
[0m16:57:49.264859 [info ] [Thread-1 (]: 1 of 1 START sql table model DEV.src_tags ...................................... [RUN]
[0m16:57:49.265711 [debug] [Thread-1 (]: Re-using an available connection from the pool (formerly list_MOVIELENS_snapshots, now model.netflix_analysis.src_tags)
[0m16:57:49.266131 [debug] [Thread-1 (]: Began compiling node model.netflix_analysis.src_tags
[0m16:57:49.275322 [debug] [Thread-1 (]: Writing injected SQL for node "model.netflix_analysis.src_tags"
[0m16:57:49.277388 [debug] [Thread-1 (]: Began executing node model.netflix_analysis.src_tags
[0m16:57:49.290210 [debug] [Thread-1 (]:  adapter: Dropping relation "MOVIELENS"."DEV"."SRC_TAGS" because it is a view and target relation MOVIELENS.DEV.src_tags is of type table.
[0m16:57:49.295146 [debug] [Thread-1 (]: Applying DROP to: "MOVIELENS"."DEV"."SRC_TAGS"
[0m16:57:49.298674 [debug] [Thread-1 (]: Using snowflake connection "model.netflix_analysis.src_tags"
[0m16:57:49.298895 [debug] [Thread-1 (]: On model.netflix_analysis.src_tags: /* {"app": "dbt", "dbt_version": "1.9.0", "profile_name": "netflix_analysis", "target_name": "dev", "node_id": "model.netflix_analysis.src_tags"} */
drop view if exists "MOVIELENS"."DEV"."SRC_TAGS" cascade
[0m16:57:49.479025 [debug] [Thread-1 (]: SQL status: SUCCESS 1 in 0.180 seconds
[0m16:57:49.495996 [debug] [Thread-1 (]: Writing runtime sql for node "model.netflix_analysis.src_tags"
[0m16:57:49.498021 [debug] [Thread-1 (]: Using snowflake connection "model.netflix_analysis.src_tags"
[0m16:57:49.498369 [debug] [Thread-1 (]: On model.netflix_analysis.src_tags: /* {"app": "dbt", "dbt_version": "1.9.0", "profile_name": "netflix_analysis", "target_name": "dev", "node_id": "model.netflix_analysis.src_tags"} */
create or replace transient table MOVIELENS.DEV.src_tags
         as
        (
WITH raw_tags AS(
    SELECT * 
    FROM MOVIELENS.RAW.RAW_TAGS
)

SELECT 
    userID as user_id,
    movieID as movie_id,
    tag,
    TO_TIMESTAMP(timestamp) as tag_timestamp
FROM raw_tags
        );
[0m16:57:50.438944 [debug] [Thread-1 (]: SQL status: SUCCESS 1 in 0.940 seconds
[0m16:57:50.466153 [debug] [Thread-1 (]: Sending event: {'category': 'dbt', 'action': 'run_model', 'label': '932421a9-e80f-4ee4-9a97-e6fa7148b92b', 'context': [<snowplow_tracker.self_describing_json.SelfDescribingJson object at 0x10f3e7210>]}
[0m16:57:50.466775 [info ] [Thread-1 (]: 1 of 1 OK created sql table model DEV.src_tags ................................. [[32mSUCCESS 1[0m in 1.20s]
[0m16:57:50.467181 [debug] [Thread-1 (]: Finished running node model.netflix_analysis.src_tags
[0m16:57:50.468154 [debug] [MainThread]: Connection 'master' was properly closed.
[0m16:57:50.468369 [debug] [MainThread]: Connection 'model.netflix_analysis.src_tags' was left open.
[0m16:57:50.468562 [debug] [MainThread]: On model.netflix_analysis.src_tags: Close
[0m16:57:50.702421 [info ] [MainThread]: 
[0m16:57:50.703518 [info ] [MainThread]: Finished running 1 table model in 0 hours 0 minutes and 2.95 seconds (2.95s).
[0m16:57:50.704598 [debug] [MainThread]: Command end result
[0m16:57:50.788483 [debug] [MainThread]: Wrote artifact WritableManifest to /Users/sakshirai/Desktop/netflixanalysis/netflix_analysis/target/manifest.json
[0m16:57:50.789318 [debug] [MainThread]: Wrote artifact SemanticManifest to /Users/sakshirai/Desktop/netflixanalysis/netflix_analysis/target/semantic_manifest.json
[0m16:57:50.791582 [debug] [MainThread]: Wrote artifact RunExecutionResult to /Users/sakshirai/Desktop/netflixanalysis/netflix_analysis/target/run_results.json
[0m16:57:50.791699 [info ] [MainThread]: 
[0m16:57:50.791850 [info ] [MainThread]: [32mCompleted successfully[0m
[0m16:57:50.791951 [info ] [MainThread]: 
[0m16:57:50.792057 [info ] [MainThread]: Done. PASS=1 WARN=0 ERROR=0 SKIP=0 TOTAL=1
[0m16:57:50.794142 [debug] [MainThread]: Resource report: {"command_name": "run", "command_success": true, "command_wall_clock_time": 4.0187044, "process_in_blocks": "0", "process_kernel_time": 0.251574, "process_mem_max_rss": "180912128", "process_out_blocks": "0", "process_user_time": 1.535235}
[0m16:57:50.794365 [debug] [MainThread]: Command `dbt run` succeeded at 16:57:50.794324 after 4.02 seconds
[0m16:57:50.794523 [debug] [MainThread]: Sending event: {'category': 'dbt', 'action': 'invocation', 'label': 'end', 'context': [<snowplow_tracker.self_describing_json.SelfDescribingJson object at 0x10a5e2d90>, <snowplow_tracker.self_describing_json.SelfDescribingJson object at 0x104ba6e50>, <snowplow_tracker.self_describing_json.SelfDescribingJson object at 0x104ba6d90>]}
[0m16:57:50.794662 [debug] [MainThread]: Flushing usage events
[0m16:57:51.834677 [debug] [MainThread]: An error was encountered while trying to flush usage events
[0m17:02:56.143455 [debug] [MainThread]: Sending event: {'category': 'dbt', 'action': 'invocation', 'label': 'start', 'context': [<snowplow_tracker.self_describing_json.SelfDescribingJson object at 0x1050f10d0>, <snowplow_tracker.self_describing_json.SelfDescribingJson object at 0x10510f610>, <snowplow_tracker.self_describing_json.SelfDescribingJson object at 0x10510fc90>]}


============================== 17:02:56.145780 | 017ce713-4301-4ca5-9b14-030438f56793 ==============================
[0m17:02:56.145780 [info ] [MainThread]: Running with dbt=1.9.0
[0m17:02:56.146013 [debug] [MainThread]: running dbt with arguments {'printer_width': '80', 'indirect_selection': 'eager', 'write_json': 'True', 'log_cache_events': 'False', 'partial_parse': 'True', 'cache_selected_only': 'False', 'warn_error': 'None', 'debug': 'False', 'fail_fast': 'False', 'log_path': '/Users/sakshirai/Desktop/netflixanalysis/netflix_analysis/logs', 'version_check': 'True', 'profiles_dir': '/Users/sakshirai/.dbt', 'use_colors': 'True', 'use_experimental_parser': 'False', 'empty': 'False', 'quiet': 'False', 'no_print': 'None', 'warn_error_options': 'WarnErrorOptions(include=[], exclude=[])', 'invocation_command': 'dbt snapshot', 'static_parser': 'True', 'introspect': 'True', 'target_path': 'None', 'log_format': 'default', 'send_anonymous_usage_stats': 'True'}
[0m17:02:56.345265 [debug] [MainThread]: Sending event: {'category': 'dbt', 'action': 'project_id', 'label': '017ce713-4301-4ca5-9b14-030438f56793', 'context': [<snowplow_tracker.self_describing_json.SelfDescribingJson object at 0x105d8ac10>]}
[0m17:02:56.362653 [debug] [MainThread]: Sending event: {'category': 'dbt', 'action': 'adapter_info', 'label': '017ce713-4301-4ca5-9b14-030438f56793', 'context': [<snowplow_tracker.self_describing_json.SelfDescribingJson object at 0x105df7110>]}
[0m17:02:56.363072 [info ] [MainThread]: Registered adapter: snowflake=1.9.0
[0m17:02:56.412480 [debug] [MainThread]: checksum: c99e828bba267739642b5a3ce85f17518764ea526e0e6c4fdc649171c1a66bff, vars: {}, profile: , target: , version: 1.9.0
[0m17:02:56.464818 [debug] [MainThread]: Partial parsing enabled: 0 files deleted, 0 files added, 0 files changed.
[0m17:02:56.464974 [debug] [MainThread]: Partial parsing enabled, no changes found, skipping parsing
[0m17:02:56.481827 [debug] [MainThread]: Sending event: {'category': 'dbt', 'action': 'load_project', 'label': '017ce713-4301-4ca5-9b14-030438f56793', 'context': [<snowplow_tracker.self_describing_json.SelfDescribingJson object at 0x106365150>]}
[0m17:02:56.510844 [debug] [MainThread]: Wrote artifact WritableManifest to /Users/sakshirai/Desktop/netflixanalysis/netflix_analysis/target/manifest.json
[0m17:02:56.516371 [debug] [MainThread]: Wrote artifact SemanticManifest to /Users/sakshirai/Desktop/netflixanalysis/netflix_analysis/target/semantic_manifest.json
[0m17:02:56.526311 [debug] [MainThread]: Sending event: {'category': 'dbt', 'action': 'resource_counts', 'label': '017ce713-4301-4ca5-9b14-030438f56793', 'context': [<snowplow_tracker.self_describing_json.SelfDescribingJson object at 0x106219690>]}
[0m17:02:56.526486 [info ] [MainThread]: Found 14 models, 1 snapshot, 1 seed, 589 macros
[0m17:02:56.526619 [debug] [MainThread]: Sending event: {'category': 'dbt', 'action': 'runnable_timing', 'label': '017ce713-4301-4ca5-9b14-030438f56793', 'context': [<snowplow_tracker.self_describing_json.SelfDescribingJson object at 0x10639b110>]}
[0m17:02:56.527318 [info ] [MainThread]: 
[0m17:02:56.527448 [info ] [MainThread]: Concurrency: 1 threads (target='dev')
[0m17:02:56.527546 [info ] [MainThread]: 
[0m17:02:56.527737 [debug] [MainThread]: Acquiring new snowflake connection 'master'
[0m17:02:56.528058 [debug] [ThreadPool]: Acquiring new snowflake connection 'list_MOVIELENS'
[0m17:02:56.552729 [debug] [ThreadPool]: Using snowflake connection "list_MOVIELENS"
[0m17:02:56.552900 [debug] [ThreadPool]: On list_MOVIELENS: /* {"app": "dbt", "dbt_version": "1.9.0", "profile_name": "netflix_analysis", "target_name": "dev", "connection_name": "list_MOVIELENS"} */
show terse schemas in database MOVIELENS
    limit 10000
[0m17:02:56.552999 [debug] [ThreadPool]: Opening a new connection, currently in state init
[0m17:02:57.348394 [debug] [ThreadPool]: SQL status: SUCCESS 5 in 0.795 seconds
[0m17:02:57.352045 [debug] [ThreadPool]: Re-using an available connection from the pool (formerly list_MOVIELENS, now list_MOVIELENS_snapshots)
[0m17:02:57.357244 [debug] [ThreadPool]: Using snowflake connection "list_MOVIELENS_snapshots"
[0m17:02:57.357415 [debug] [ThreadPool]: On list_MOVIELENS_snapshots: /* {"app": "dbt", "dbt_version": "1.9.0", "profile_name": "netflix_analysis", "target_name": "dev", "connection_name": "list_MOVIELENS_snapshots"} */
show objects in MOVIELENS.snapshots limit 10000;
[0m17:02:57.502524 [debug] [ThreadPool]: SQL status: SUCCESS 1 in 0.145 seconds
[0m17:02:57.507051 [debug] [ThreadPool]: Re-using an available connection from the pool (formerly list_MOVIELENS_snapshots, now list_MOVIELENS_DEV)
[0m17:02:57.511569 [debug] [ThreadPool]: Using snowflake connection "list_MOVIELENS_DEV"
[0m17:02:57.511954 [debug] [ThreadPool]: On list_MOVIELENS_DEV: /* {"app": "dbt", "dbt_version": "1.9.0", "profile_name": "netflix_analysis", "target_name": "dev", "connection_name": "list_MOVIELENS_DEV"} */
show objects in MOVIELENS.DEV limit 10000;
[0m17:02:57.649754 [debug] [ThreadPool]: SQL status: SUCCESS 14 in 0.137 seconds
[0m17:02:57.655660 [debug] [MainThread]: Sending event: {'category': 'dbt', 'action': 'runnable_timing', 'label': '017ce713-4301-4ca5-9b14-030438f56793', 'context': [<snowplow_tracker.self_describing_json.SelfDescribingJson object at 0x10cc3d4d0>]}
[0m17:02:57.660780 [debug] [Thread-1 (]: Began running node snapshot.netflix_analysis.snap_tags
[0m17:02:57.661419 [info ] [Thread-1 (]: 1 of 1 START snapshot snapshots.snap_tags ...................................... [RUN]
[0m17:02:57.661881 [debug] [Thread-1 (]: Re-using an available connection from the pool (formerly list_MOVIELENS_DEV, now snapshot.netflix_analysis.snap_tags)
[0m17:02:57.662189 [debug] [Thread-1 (]: Began compiling node snapshot.netflix_analysis.snap_tags
[0m17:02:57.683492 [debug] [Thread-1 (]: Began executing node snapshot.netflix_analysis.snap_tags
[0m17:02:57.713720 [debug] [Thread-1 (]: Using snowflake connection "snapshot.netflix_analysis.snap_tags"
[0m17:02:57.713967 [debug] [Thread-1 (]: On snapshot.netflix_analysis.snap_tags: /* {"app": "dbt", "dbt_version": "1.9.0", "profile_name": "netflix_analysis", "target_name": "dev", "node_id": "snapshot.netflix_analysis.snap_tags"} */
describe table "MOVIELENS"."SNAPSHOTS"."SNAP_TAGS"
[0m17:02:57.827774 [debug] [Thread-1 (]: SQL status: SUCCESS 9 in 0.113 seconds
[0m17:02:57.867914 [debug] [Thread-1 (]: Using snowflake connection "snapshot.netflix_analysis.snap_tags"
[0m17:02:57.868269 [debug] [Thread-1 (]: On snapshot.netflix_analysis.snap_tags: /* {"app": "dbt", "dbt_version": "1.9.0", "profile_name": "netflix_analysis", "target_name": "dev", "node_id": "snapshot.netflix_analysis.snap_tags"} */
create or replace temporary table "MOVIELENS"."SNAPSHOTS"."SNAP_TAGS__dbt_tmp"
         as
        (
    
    with snapshot_query as (

        



SELECT 
md5(cast(coalesce(cast(user_id as TEXT), '_dbt_utils_surrogate_key_null_') || '-' || coalesce(cast(movie_id as TEXT), '_dbt_utils_surrogate_key_null_') || '-' || coalesce(cast(tag as TEXT), '_dbt_utils_surrogate_key_null_') as TEXT)) AS row_key,
    user_id,
    movie_id,
    tag,
    CAST(tag_timestamp AS TIMESTAMP_NTZ) AS tag_timestamp
FROM MOVIELENS.DEV.src_tags
LIMIT 100


    ),

    snapshotted_data as (

        select *, 
    
        
            user_id as dbt_unique_key_1 ,
        
            movie_id as dbt_unique_key_2 ,
        
            tag as dbt_unique_key_3
        
    

        from "MOVIELENS"."SNAPSHOTS"."SNAP_TAGS"
        where
            
                dbt_valid_to is null
            

    ),

    insertions_source_data as (

        select *, 
    
        
            user_id as dbt_unique_key_1 ,
        
            movie_id as dbt_unique_key_2 ,
        
            tag as dbt_unique_key_3
        
    
,
            tag_timestamp as dbt_updated_at,
            tag_timestamp as dbt_valid_from,
            
  
  coalesce(nullif(tag_timestamp, tag_timestamp), null)
  as dbt_valid_to
,
            md5(coalesce(cast(user_id as varchar ), '')
         || '|' || coalesce(cast(movie_id as varchar ), '')
         || '|' || coalesce(cast(tag as varchar ), '')
         || '|' || coalesce(cast(tag_timestamp as varchar ), '')
        ) as dbt_scd_id

        from snapshot_query
    ),

    updates_source_data as (

        select *, 
    
        
            user_id as dbt_unique_key_1 ,
        
            movie_id as dbt_unique_key_2 ,
        
            tag as dbt_unique_key_3
        
    
,
            tag_timestamp as dbt_updated_at,
            tag_timestamp as dbt_valid_from,
            tag_timestamp as dbt_valid_to

        from snapshot_query
    ),

    deletes_source_data as (

        select *, 
    
        
            user_id as dbt_unique_key_1 ,
        
            movie_id as dbt_unique_key_2 ,
        
            tag as dbt_unique_key_3
        
    

        from snapshot_query
    ),
    

    insertions as (

        select
            'insert' as dbt_change_type,
            source_data.*

        from insertions_source_data as source_data
        left outer join snapshotted_data
            on 
    
        
	    
	    
	    (snapshotted_data.dbt_unique_key_1 = source_data.dbt_unique_key_1)
 and
        
	    
	    
	    (snapshotted_data.dbt_unique_key_2 = source_data.dbt_unique_key_2)
 and
        
	    
	    
	    (snapshotted_data.dbt_unique_key_3 = source_data.dbt_unique_key_3)

        
    

            where 
    
        snapshotted_data.dbt_unique_key_1 is null
    

            or (
    
        snapshotted_data.dbt_unique_key_1 is not null
    
 and (
               (snapshotted_data.dbt_valid_from < source_data.tag_timestamp)
            )

        )

    ),

    updates as (

        select
            'update' as dbt_change_type,
            source_data.*,
            snapshotted_data.dbt_scd_id

        from updates_source_data as source_data
        join snapshotted_data
            on 
    
        
	    
	    
	    (snapshotted_data.dbt_unique_key_1 = source_data.dbt_unique_key_1)
 and
        
	    
	    
	    (snapshotted_data.dbt_unique_key_2 = source_data.dbt_unique_key_2)
 and
        
	    
	    
	    (snapshotted_data.dbt_unique_key_3 = source_data.dbt_unique_key_3)

        
    

        where (
            (snapshotted_data.dbt_valid_from < source_data.tag_timestamp)
        )
    )
    ,
    deletes as (

        select
            'delete' as dbt_change_type,
            source_data.*,
            to_timestamp_ntz(convert_timezone('UTC', current_timestamp())) as dbt_valid_from,
            to_timestamp_ntz(convert_timezone('UTC', current_timestamp())) as dbt_updated_at,
            to_timestamp_ntz(convert_timezone('UTC', current_timestamp())) as dbt_valid_to,
            snapshotted_data.dbt_scd_id
        from snapshotted_data
        left join deletes_source_data as source_data
            on 
    
        
	    
	    
	    (snapshotted_data.dbt_unique_key_1 = source_data.dbt_unique_key_1)
 and
        
	    
	    
	    (snapshotted_data.dbt_unique_key_2 = source_data.dbt_unique_key_2)
 and
        
	    
	    
	    (snapshotted_data.dbt_unique_key_3 = source_data.dbt_unique_key_3)

        
    

            where 
    
        source_data.dbt_unique_key_1 is null
    

    )

    select * from insertions
    union all
    select * from updates
    union all
    select * from deletes

        );
[0m17:02:58.544902 [debug] [Thread-1 (]: SQL status: SUCCESS 1 in 0.676 seconds
[0m17:02:58.619163 [debug] [Thread-1 (]: Using snowflake connection "snapshot.netflix_analysis.snap_tags"
[0m17:02:58.619391 [debug] [Thread-1 (]: On snapshot.netflix_analysis.snap_tags: /* {"app": "dbt", "dbt_version": "1.9.0", "profile_name": "netflix_analysis", "target_name": "dev", "node_id": "snapshot.netflix_analysis.snap_tags"} */
describe table "MOVIELENS"."SNAPSHOTS"."SNAP_TAGS__dbt_tmp"
[0m17:02:58.749019 [debug] [Thread-1 (]: SQL status: SUCCESS 13 in 0.129 seconds
[0m17:02:58.753467 [debug] [Thread-1 (]: Using snowflake connection "snapshot.netflix_analysis.snap_tags"
[0m17:02:58.753859 [debug] [Thread-1 (]: On snapshot.netflix_analysis.snap_tags: /* {"app": "dbt", "dbt_version": "1.9.0", "profile_name": "netflix_analysis", "target_name": "dev", "node_id": "snapshot.netflix_analysis.snap_tags"} */
describe table "MOVIELENS"."SNAPSHOTS"."SNAP_TAGS"
[0m17:02:58.868677 [debug] [Thread-1 (]: SQL status: SUCCESS 9 in 0.114 seconds
[0m17:02:58.874650 [debug] [Thread-1 (]: Using snowflake connection "snapshot.netflix_analysis.snap_tags"
[0m17:02:58.875121 [debug] [Thread-1 (]: On snapshot.netflix_analysis.snap_tags: /* {"app": "dbt", "dbt_version": "1.9.0", "profile_name": "netflix_analysis", "target_name": "dev", "node_id": "snapshot.netflix_analysis.snap_tags"} */
describe table "MOVIELENS"."SNAPSHOTS"."SNAP_TAGS__dbt_tmp"
[0m17:02:58.995198 [debug] [Thread-1 (]: SQL status: SUCCESS 13 in 0.119 seconds
[0m17:02:59.001443 [debug] [Thread-1 (]: Using snowflake connection "snapshot.netflix_analysis.snap_tags"
[0m17:02:59.001879 [debug] [Thread-1 (]: On snapshot.netflix_analysis.snap_tags: /* {"app": "dbt", "dbt_version": "1.9.0", "profile_name": "netflix_analysis", "target_name": "dev", "node_id": "snapshot.netflix_analysis.snap_tags"} */
describe table "MOVIELENS"."SNAPSHOTS"."SNAP_TAGS"
[0m17:02:59.120735 [debug] [Thread-1 (]: SQL status: SUCCESS 9 in 0.119 seconds
[0m17:02:59.127106 [debug] [Thread-1 (]: Using snowflake connection "snapshot.netflix_analysis.snap_tags"
[0m17:02:59.127385 [debug] [Thread-1 (]: On snapshot.netflix_analysis.snap_tags: /* {"app": "dbt", "dbt_version": "1.9.0", "profile_name": "netflix_analysis", "target_name": "dev", "node_id": "snapshot.netflix_analysis.snap_tags"} */
describe table "MOVIELENS"."SNAPSHOTS"."SNAP_TAGS__dbt_tmp"
[0m17:02:59.261811 [debug] [Thread-1 (]: SQL status: SUCCESS 13 in 0.134 seconds
[0m17:02:59.282426 [debug] [Thread-1 (]: Using snowflake connection "snapshot.netflix_analysis.snap_tags"
[0m17:02:59.282882 [debug] [Thread-1 (]: On snapshot.netflix_analysis.snap_tags: /* {"app": "dbt", "dbt_version": "1.9.0", "profile_name": "netflix_analysis", "target_name": "dev", "node_id": "snapshot.netflix_analysis.snap_tags"} */
/* {"app": "dbt", "dbt_version": "1.9.0", "profile_name": "netflix_analysis", "target_name": "dev", "node_id": "snapshot.netflix_analysis.snap_tags"} */
select * from (
        
    
    with snapshot_query as (

        



SELECT 
md5(cast(coalesce(cast(user_id as TEXT), '_dbt_utils_surrogate_key_null_') || '-' || coalesce(cast(movie_id as TEXT), '_dbt_utils_surrogate_key_null_') || '-' || coalesce(cast(tag as TEXT), '_dbt_utils_surrogate_key_null_') as TEXT)) AS row_key,
    user_id,
    movie_id,
    tag,
    CAST(tag_timestamp AS TIMESTAMP_NTZ) AS tag_timestamp
FROM MOVIELENS.DEV.src_tags
LIMIT 100


    ),

    snapshotted_data as (

        select *, 
    
        
            user_id as dbt_unique_key_1 ,
        
            movie_id as dbt_unique_key_2 ,
        
            tag as dbt_unique_key_3
        
    

        from "MOVIELENS"."SNAPSHOTS"."SNAP_TAGS"
        where
            
                dbt_valid_to is null
            

    ),

    insertions_source_data as (

        select *, 
    
        
            user_id as dbt_unique_key_1 ,
        
            movie_id as dbt_unique_key_2 ,
        
            tag as dbt_unique_key_3
        
    
,
            tag_timestamp as dbt_updated_at,
            tag_timestamp as dbt_valid_from,
            
  
  coalesce(nullif(tag_timestamp, tag_timestamp), null)
  as dbt_valid_to
,
            md5(coalesce(cast(user_id as varchar ), '')
         || '|' || coalesce(cast(movie_id as varchar ), '')
         || '|' || coalesce(cast(tag as varchar ), '')
         || '|' || coalesce(cast(tag_timestamp as varchar ), '')
        ) as dbt_scd_id

        from snapshot_query
    ),

    updates_source_data as (

        select *, 
    
        
            user_id as dbt_unique_key_1 ,
        
            movie_id as dbt_unique_key_2 ,
        
            tag as dbt_unique_key_3
        
    
,
            tag_timestamp as dbt_updated_at,
            tag_timestamp as dbt_valid_from,
            tag_timestamp as dbt_valid_to

        from snapshot_query
    ),

    deletes_source_data as (

        select *, 
    
        
            user_id as dbt_unique_key_1 ,
        
            movie_id as dbt_unique_key_2 ,
        
            tag as dbt_unique_key_3
        
    

        from snapshot_query
    ),
    

    insertions as (

        select
            'insert' as dbt_change_type,
            source_data.*

        from insertions_source_data as source_data
        left outer join snapshotted_data
            on 
    
        
	    
	    
	    (snapshotted_data.dbt_unique_key_1 = source_data.dbt_unique_key_1)
 and
        
	    
	    
	    (snapshotted_data.dbt_unique_key_2 = source_data.dbt_unique_key_2)
 and
        
	    
	    
	    (snapshotted_data.dbt_unique_key_3 = source_data.dbt_unique_key_3)

        
    

            where 
    
        snapshotted_data.dbt_unique_key_1 is null
    

            or (
    
        snapshotted_data.dbt_unique_key_1 is not null
    
 and (
               (snapshotted_data.dbt_valid_from < source_data.tag_timestamp)
            )

        )

    ),

    updates as (

        select
            'update' as dbt_change_type,
            source_data.*,
            snapshotted_data.dbt_scd_id

        from updates_source_data as source_data
        join snapshotted_data
            on 
    
        
	    
	    
	    (snapshotted_data.dbt_unique_key_1 = source_data.dbt_unique_key_1)
 and
        
	    
	    
	    (snapshotted_data.dbt_unique_key_2 = source_data.dbt_unique_key_2)
 and
        
	    
	    
	    (snapshotted_data.dbt_unique_key_3 = source_data.dbt_unique_key_3)

        
    

        where (
            (snapshotted_data.dbt_valid_from < source_data.tag_timestamp)
        )
    )
    ,
    deletes as (

        select
            'delete' as dbt_change_type,
            source_data.*,
            to_timestamp_ntz(convert_timezone('UTC', current_timestamp())) as dbt_valid_from,
            to_timestamp_ntz(convert_timezone('UTC', current_timestamp())) as dbt_updated_at,
            to_timestamp_ntz(convert_timezone('UTC', current_timestamp())) as dbt_valid_to,
            snapshotted_data.dbt_scd_id
        from snapshotted_data
        left join deletes_source_data as source_data
            on 
    
        
	    
	    
	    (snapshotted_data.dbt_unique_key_1 = source_data.dbt_unique_key_1)
 and
        
	    
	    
	    (snapshotted_data.dbt_unique_key_2 = source_data.dbt_unique_key_2)
 and
        
	    
	    
	    (snapshotted_data.dbt_unique_key_3 = source_data.dbt_unique_key_3)

        
    

            where 
    
        source_data.dbt_unique_key_1 is null
    

    )

    select * from insertions
    union all
    select * from updates
    union all
    select * from deletes

    ) as __dbt_sbq
    where false
    limit 0
[0m17:02:59.503343 [debug] [Thread-1 (]: SQL status: SUCCESS 0 in 0.220 seconds
[0m17:02:59.509895 [debug] [Thread-1 (]: Using snowflake connection "snapshot.netflix_analysis.snap_tags"
[0m17:02:59.510387 [debug] [Thread-1 (]: On snapshot.netflix_analysis.snap_tags: /* {"app": "dbt", "dbt_version": "1.9.0", "profile_name": "netflix_analysis", "target_name": "dev", "node_id": "snapshot.netflix_analysis.snap_tags"} */
/* {"app": "dbt", "dbt_version": "1.9.0", "profile_name": "netflix_analysis", "target_name": "dev", "node_id": "snapshot.netflix_analysis.snap_tags"} */
select * from (
        select to_timestamp_ntz(convert_timezone('UTC', current_timestamp())) as dbt_snapshot_time
    ) as __dbt_sbq
    where false
    limit 0
[0m17:02:59.627236 [debug] [Thread-1 (]: SQL status: SUCCESS 0 in 0.116 seconds
[0m17:02:59.628337 [debug] [Thread-1 (]: Writing runtime sql for node "snapshot.netflix_analysis.snap_tags"
[0m17:02:59.630544 [debug] [Thread-1 (]: Using snowflake connection "snapshot.netflix_analysis.snap_tags"
[0m17:02:59.630948 [debug] [Thread-1 (]: On snapshot.netflix_analysis.snap_tags: /* {"app": "dbt", "dbt_version": "1.9.0", "profile_name": "netflix_analysis", "target_name": "dev", "node_id": "snapshot.netflix_analysis.snap_tags"} */
BEGIN
[0m17:02:59.762909 [debug] [Thread-1 (]: SQL status: SUCCESS 1 in 0.131 seconds
[0m17:02:59.764151 [debug] [Thread-1 (]: Using snowflake connection "snapshot.netflix_analysis.snap_tags"
[0m17:02:59.764911 [debug] [Thread-1 (]: On snapshot.netflix_analysis.snap_tags: /* {"app": "dbt", "dbt_version": "1.9.0", "profile_name": "netflix_analysis", "target_name": "dev", "node_id": "snapshot.netflix_analysis.snap_tags"} */
merge into "MOVIELENS"."SNAPSHOTS"."SNAP_TAGS" as DBT_INTERNAL_DEST
    using "MOVIELENS"."SNAPSHOTS"."SNAP_TAGS__dbt_tmp" as DBT_INTERNAL_SOURCE
    on DBT_INTERNAL_SOURCE.dbt_scd_id = DBT_INTERNAL_DEST.dbt_scd_id

    when matched
     
       and DBT_INTERNAL_DEST.dbt_valid_to is null
     
     and DBT_INTERNAL_SOURCE.dbt_change_type in ('update', 'delete')
        then update
        set dbt_valid_to = DBT_INTERNAL_SOURCE.dbt_valid_to

    when not matched
     and DBT_INTERNAL_SOURCE.dbt_change_type = 'insert'
        then insert ("ROW_KEY", "USER_ID", "MOVIE_ID", "TAG", "TAG_TIMESTAMP", "DBT_UPDATED_AT", "DBT_VALID_FROM", "DBT_VALID_TO", "DBT_SCD_ID")
        values ("ROW_KEY", "USER_ID", "MOVIE_ID", "TAG", "TAG_TIMESTAMP", "DBT_UPDATED_AT", "DBT_VALID_FROM", "DBT_VALID_TO", "DBT_SCD_ID")

;
[0m17:03:00.149453 [debug] [Thread-1 (]: SQL status: SUCCESS 2 in 0.384 seconds
[0m17:03:00.150778 [debug] [Thread-1 (]: Using snowflake connection "snapshot.netflix_analysis.snap_tags"
[0m17:03:00.151541 [debug] [Thread-1 (]: On snapshot.netflix_analysis.snap_tags: /* {"app": "dbt", "dbt_version": "1.9.0", "profile_name": "netflix_analysis", "target_name": "dev", "node_id": "snapshot.netflix_analysis.snap_tags"} */
COMMIT
[0m17:03:00.354905 [debug] [Thread-1 (]: SQL status: SUCCESS 1 in 0.202 seconds
[0m17:03:00.376307 [debug] [Thread-1 (]: Sending event: {'category': 'dbt', 'action': 'run_model', 'label': '017ce713-4301-4ca5-9b14-030438f56793', 'context': [<snowplow_tracker.self_describing_json.SelfDescribingJson object at 0x106552a90>]}
[0m17:03:00.376983 [info ] [Thread-1 (]: 1 of 1 OK snapshotted snapshots.snap_tags ...................................... [[32mSUCCESS 2[0m in 2.71s]
[0m17:03:00.377385 [debug] [Thread-1 (]: Finished running node snapshot.netflix_analysis.snap_tags
[0m17:03:00.378185 [debug] [MainThread]: Connection 'master' was properly closed.
[0m17:03:00.378370 [debug] [MainThread]: Connection 'snapshot.netflix_analysis.snap_tags' was left open.
[0m17:03:00.378541 [debug] [MainThread]: On snapshot.netflix_analysis.snap_tags: Close
[0m17:03:00.593047 [info ] [MainThread]: 
[0m17:03:00.593867 [info ] [MainThread]: Finished running 1 snapshot in 0 hours 0 minutes and 4.07 seconds (4.07s).
[0m17:03:00.594752 [debug] [MainThread]: Command end result
[0m17:03:00.616903 [debug] [MainThread]: Wrote artifact WritableManifest to /Users/sakshirai/Desktop/netflixanalysis/netflix_analysis/target/manifest.json
[0m17:03:00.618032 [debug] [MainThread]: Wrote artifact SemanticManifest to /Users/sakshirai/Desktop/netflixanalysis/netflix_analysis/target/semantic_manifest.json
[0m17:03:00.620985 [debug] [MainThread]: Wrote artifact RunExecutionResult to /Users/sakshirai/Desktop/netflixanalysis/netflix_analysis/target/run_results.json
[0m17:03:00.621136 [info ] [MainThread]: 
[0m17:03:00.621329 [info ] [MainThread]: [32mCompleted successfully[0m
[0m17:03:00.621466 [info ] [MainThread]: 
[0m17:03:00.621615 [info ] [MainThread]: Done. PASS=1 WARN=0 ERROR=0 SKIP=0 TOTAL=1
[0m17:03:00.623322 [debug] [MainThread]: Resource report: {"command_name": "snapshot", "command_success": true, "command_wall_clock_time": 4.503539, "process_in_blocks": "0", "process_kernel_time": 0.21609, "process_mem_max_rss": "175210496", "process_out_blocks": "0", "process_user_time": 1.159226}
[0m17:03:00.623530 [debug] [MainThread]: Command `dbt snapshot` succeeded at 17:03:00.623489 after 4.50 seconds
[0m17:03:00.623704 [debug] [MainThread]: Sending event: {'category': 'dbt', 'action': 'invocation', 'label': 'end', 'context': [<snowplow_tracker.self_describing_json.SelfDescribingJson object at 0x1009b6ad0>, <snowplow_tracker.self_describing_json.SelfDescribingJson object at 0x1009b6010>, <snowplow_tracker.self_describing_json.SelfDescribingJson object at 0x100c313d0>]}
[0m17:03:00.623873 [debug] [MainThread]: Flushing usage events
[0m17:03:01.653983 [debug] [MainThread]: An error was encountered while trying to flush usage events
[0m22:46:26.143871 [debug] [MainThread]: Sending event: {'category': 'dbt', 'action': 'invocation', 'label': 'start', 'context': [<snowplow_tracker.self_describing_json.SelfDescribingJson object at 0x11293efd0>, <snowplow_tracker.self_describing_json.SelfDescribingJson object at 0x11293d450>, <snowplow_tracker.self_describing_json.SelfDescribingJson object at 0x11293cd10>]}


============================== 22:46:26.150444 | 8c8511f6-09d1-4545-90c6-19c1bfdecdbb ==============================
[0m22:46:26.150444 [info ] [MainThread]: Running with dbt=1.9.0
[0m22:46:26.150738 [debug] [MainThread]: running dbt with arguments {'printer_width': '80', 'indirect_selection': 'eager', 'log_cache_events': 'False', 'write_json': 'True', 'partial_parse': 'True', 'cache_selected_only': 'False', 'warn_error': 'None', 'fail_fast': 'False', 'version_check': 'True', 'log_path': '/Users/sakshirai/Desktop/netflixanalysis/netflix_analysis/logs', 'debug': 'False', 'profiles_dir': '/Users/sakshirai/.dbt', 'use_colors': 'True', 'use_experimental_parser': 'False', 'no_print': 'None', 'quiet': 'False', 'empty': 'None', 'log_format': 'default', 'introspect': 'True', 'invocation_command': 'dbt test', 'warn_error_options': 'WarnErrorOptions(include=[], exclude=[])', 'target_path': 'None', 'static_parser': 'True', 'send_anonymous_usage_stats': 'True'}
[0m22:46:26.405542 [debug] [MainThread]: Sending event: {'category': 'dbt', 'action': 'project_id', 'label': '8c8511f6-09d1-4545-90c6-19c1bfdecdbb', 'context': [<snowplow_tracker.self_describing_json.SelfDescribingJson object at 0x1073638d0>]}
[0m22:46:26.422988 [debug] [MainThread]: Sending event: {'category': 'dbt', 'action': 'adapter_info', 'label': '8c8511f6-09d1-4545-90c6-19c1bfdecdbb', 'context': [<snowplow_tracker.self_describing_json.SelfDescribingJson object at 0x1139f72d0>]}
[0m22:46:26.423476 [info ] [MainThread]: Registered adapter: snowflake=1.9.0
[0m22:46:26.473061 [debug] [MainThread]: checksum: c99e828bba267739642b5a3ce85f17518764ea526e0e6c4fdc649171c1a66bff, vars: {}, profile: , target: , version: 1.9.0
[0m22:46:26.509180 [info ] [MainThread]: Unable to do partial parsing because of a version mismatch
[0m22:46:26.509431 [debug] [MainThread]: Sending event: {'category': 'dbt', 'action': 'partial_parser', 'label': '8c8511f6-09d1-4545-90c6-19c1bfdecdbb', 'context': [<snowplow_tracker.self_describing_json.SelfDescribingJson object at 0x111926790>]}
[0m22:46:27.050910 [debug] [MainThread]: Sending event: {'category': 'dbt', 'action': 'load_project', 'label': '8c8511f6-09d1-4545-90c6-19c1bfdecdbb', 'context': [<snowplow_tracker.self_describing_json.SelfDescribingJson object at 0x112976790>]}
[0m22:46:27.079412 [debug] [MainThread]: Wrote artifact WritableManifest to /Users/sakshirai/Desktop/netflixanalysis/netflix_analysis/target/manifest.json
[0m22:46:27.085519 [debug] [MainThread]: Wrote artifact SemanticManifest to /Users/sakshirai/Desktop/netflixanalysis/netflix_analysis/target/semantic_manifest.json
[0m22:46:27.100683 [debug] [MainThread]: Sending event: {'category': 'dbt', 'action': 'resource_counts', 'label': '8c8511f6-09d1-4545-90c6-19c1bfdecdbb', 'context': [<snowplow_tracker.self_describing_json.SelfDescribingJson object at 0x11538bfd0>]}
[0m22:46:27.100883 [info ] [MainThread]: Found 14 models, 1 snapshot, 1 seed, 589 macros
[0m22:46:27.101009 [debug] [MainThread]: Sending event: {'category': 'dbt', 'action': 'runnable_timing', 'label': '8c8511f6-09d1-4545-90c6-19c1bfdecdbb', 'context': [<snowplow_tracker.self_describing_json.SelfDescribingJson object at 0x115136190>]}
[0m22:46:27.101667 [warn ] [MainThread]: Nothing to do. Try checking your model configs and model specification args
[0m22:46:27.101861 [debug] [MainThread]: Command end result
[0m22:46:27.112128 [debug] [MainThread]: Wrote artifact WritableManifest to /Users/sakshirai/Desktop/netflixanalysis/netflix_analysis/target/manifest.json
[0m22:46:27.112889 [debug] [MainThread]: Wrote artifact SemanticManifest to /Users/sakshirai/Desktop/netflixanalysis/netflix_analysis/target/semantic_manifest.json
[0m22:46:27.114571 [debug] [MainThread]: Wrote artifact RunExecutionResult to /Users/sakshirai/Desktop/netflixanalysis/netflix_analysis/target/run_results.json
[0m22:46:27.116550 [debug] [MainThread]: Resource report: {"command_name": "test", "command_success": true, "command_wall_clock_time": 1.0028514, "process_in_blocks": "0", "process_kernel_time": 0.191725, "process_mem_max_rss": "150536192", "process_out_blocks": "0", "process_user_time": 1.209041}
[0m22:46:27.116763 [debug] [MainThread]: Command `dbt test` succeeded at 22:46:27.116730 after 1.00 seconds
[0m22:46:27.116903 [debug] [MainThread]: Sending event: {'category': 'dbt', 'action': 'invocation', 'label': 'end', 'context': [<snowplow_tracker.self_describing_json.SelfDescribingJson object at 0x1128ff3d0>, <snowplow_tracker.self_describing_json.SelfDescribingJson object at 0x104d8ec50>, <snowplow_tracker.self_describing_json.SelfDescribingJson object at 0x1128e3c50>]}
[0m22:46:27.117040 [debug] [MainThread]: Flushing usage events
[0m22:46:28.363810 [debug] [MainThread]: An error was encountered while trying to flush usage events
[0m22:48:28.527865 [debug] [MainThread]: Sending event: {'category': 'dbt', 'action': 'invocation', 'label': 'start', 'context': [<snowplow_tracker.self_describing_json.SelfDescribingJson object at 0x1088d8ad0>, <snowplow_tracker.self_describing_json.SelfDescribingJson object at 0x1098379d0>, <snowplow_tracker.self_describing_json.SelfDescribingJson object at 0x109837890>]}


============================== 22:48:28.529950 | 2a891df5-acf9-4f7b-9e32-c26f3b1aee2f ==============================
[0m22:48:28.529950 [info ] [MainThread]: Running with dbt=1.11.8
[0m22:48:28.530187 [debug] [MainThread]: running dbt with arguments {'cache_selected_only': 'False', 'send_anonymous_usage_stats': 'True', 'partial_parse': 'True', 'target_path': 'None', 'introspect': 'True', 'warn_error_options': 'WarnErrorOptionsV2(error=[], warn=[], silence=[])', 'write_json': 'True', 'printer_width': '80', 'static_parser': 'True', 'profiles_dir': '/Users/sakshirai/.dbt', 'quiet': 'False', 'log_format': 'default', 'log_path': '/Users/sakshirai/Desktop/netflixanalysis/netflix_analysis/logs', 'use_colors': 'True', 'invocation_command': 'dbt ', 'warn_error': 'None', 'version_check': 'True', 'empty': 'None', 'debug': 'False', 'no_print': 'None', 'fail_fast': 'False', 'use_experimental_parser': 'False', 'indirect_selection': 'eager', 'log_cache_events': 'False'}
[0m22:48:28.636958 [debug] [MainThread]: Sending event: {'category': 'dbt', 'action': 'project_id', 'label': '2a891df5-acf9-4f7b-9e32-c26f3b1aee2f', 'context': [<snowplow_tracker.self_describing_json.SelfDescribingJson object at 0x108b78770>]}
[0m22:48:28.673679 [debug] [MainThread]: Set downloads directory='/var/folders/rp/101xsw9131zdqm5fxfd452tm0000gn/T/dbt-downloads-kvbykdcv'
[0m22:48:28.673883 [debug] [MainThread]: Making package index registry request: GET https://hub.getdbt.com/api/v1/index.json
[0m22:48:28.973693 [debug] [MainThread]: Response from registry index: GET https://hub.getdbt.com/api/v1/index.json 200
[0m22:48:28.976005 [debug] [MainThread]: Making package registry request: GET https://hub.getdbt.com/api/v1/dbt-labs/dbt_utils.json
[0m22:48:29.487051 [debug] [MainThread]: Response from registry: GET https://hub.getdbt.com/api/v1/dbt-labs/dbt_utils.json 200
[0m22:48:29.489760 [info ] [MainThread]: Installing dbt-labs/dbt_utils
[0m22:48:29.824716 [info ] [MainThread]: Installed from version 1.3.0
[0m22:48:29.824944 [info ] [MainThread]: Updated version available: 1.3.3
[0m22:48:29.825142 [debug] [MainThread]: Sending event: {'category': 'dbt', 'action': 'package', 'label': '2a891df5-acf9-4f7b-9e32-c26f3b1aee2f', 'property_': 'install', 'context': [<snowplow_tracker.self_describing_json.SelfDescribingJson object at 0x10978e690>, <snowplow_tracker.self_describing_json.SelfDescribingJson object at 0x10978de10>]}
[0m22:48:29.825412 [info ] [MainThread]: 
[0m22:48:29.825576 [info ] [MainThread]: Updates available for packages: ['dbt-labs/dbt_utils']                 
Update your versions in packages.yml, then run dbt deps
[0m22:48:29.828280 [debug] [MainThread]: Resource report: {"command_name": "deps", "command_success": true, "command_wall_clock_time": 1.3311526, "process_in_blocks": "0", "process_kernel_time": 0.126353, "process_mem_max_rss": "123142144", "process_out_blocks": "0", "process_user_time": 0.608187}
[0m22:48:29.828499 [debug] [MainThread]: Command `cli deps` succeeded at 22:48:29.828449 after 1.33 seconds
[0m22:48:29.828642 [debug] [MainThread]: Sending event: {'category': 'dbt', 'action': 'invocation', 'label': 'end', 'context': [<snowplow_tracker.self_describing_json.SelfDescribingJson object at 0x109a58e50>, <snowplow_tracker.self_describing_json.SelfDescribingJson object at 0x1083509b0>, <snowplow_tracker.self_describing_json.SelfDescribingJson object at 0x1099f14f0>]}
[0m22:48:29.828766 [debug] [MainThread]: Flushing usage events
[0m22:48:30.711749 [debug] [MainThread]: An error was encountered while trying to flush usage events
[0m22:50:24.508657 [debug] [MainThread]: Sending event: {'category': 'dbt', 'action': 'invocation', 'label': 'start', 'context': [<snowplow_tracker.self_describing_json.SelfDescribingJson object at 0x1052fd5d0>, <snowplow_tracker.self_describing_json.SelfDescribingJson object at 0x10531f310>, <snowplow_tracker.self_describing_json.SelfDescribingJson object at 0x10531fdd0>]}


============================== 22:50:24.511138 | 65aa72b0-9dc7-4522-b5c3-71280b4bc961 ==============================
[0m22:50:24.511138 [info ] [MainThread]: Running with dbt=1.9.0
[0m22:50:24.511393 [debug] [MainThread]: running dbt with arguments {'printer_width': '80', 'indirect_selection': 'eager', 'log_cache_events': 'False', 'write_json': 'True', 'partial_parse': 'True', 'cache_selected_only': 'False', 'warn_error': 'None', 'debug': 'False', 'profiles_dir': '/Users/sakshirai/.dbt', 'log_path': '/Users/sakshirai/Desktop/netflixanalysis/netflix_analysis/logs', 'version_check': 'True', 'fail_fast': 'False', 'use_colors': 'True', 'use_experimental_parser': 'False', 'no_print': 'None', 'quiet': 'False', 'empty': 'None', 'log_format': 'default', 'invocation_command': 'dbt test', 'introspect': 'True', 'warn_error_options': 'WarnErrorOptions(include=[], exclude=[])', 'target_path': 'None', 'static_parser': 'True', 'send_anonymous_usage_stats': 'True'}
[0m22:50:24.730914 [debug] [MainThread]: Sending event: {'category': 'dbt', 'action': 'project_id', 'label': '65aa72b0-9dc7-4522-b5c3-71280b4bc961', 'context': [<snowplow_tracker.self_describing_json.SelfDescribingJson object at 0x104e7ce10>]}
[0m22:50:24.748875 [debug] [MainThread]: Sending event: {'category': 'dbt', 'action': 'adapter_info', 'label': '65aa72b0-9dc7-4522-b5c3-71280b4bc961', 'context': [<snowplow_tracker.self_describing_json.SelfDescribingJson object at 0x105fdb850>]}
[0m22:50:24.749491 [info ] [MainThread]: Registered adapter: snowflake=1.9.0
[0m22:50:24.798212 [error] [MainThread]: Encountered an error:
Runtime Error
  Failed to read package: Runtime Error
    No dbt_project.yml found at expected path /Users/sakshirai/Desktop/netflixanalysis/netflix_analysis/dbt_packages/dbt_utils 2/dbt_project.yml
    Verify that each entry within packages.yml (and their transitive dependencies) contains a file named dbt_project.yml
    

Error encountered in /Users/sakshirai/Desktop/netflixanalysis/netflix_analysis/dbt_packages/dbt_utils 2
[0m22:50:24.800197 [debug] [MainThread]: Resource report: {"command_name": "test", "command_success": false, "command_wall_clock_time": 0.3157091, "process_in_blocks": "0", "process_kernel_time": 0.150116, "process_mem_max_rss": "135987200", "process_out_blocks": "0", "process_user_time": 0.60683}
[0m22:50:24.800516 [debug] [MainThread]: Command `dbt test` failed at 22:50:24.800479 after 0.32 seconds
[0m22:50:24.800671 [debug] [MainThread]: Sending event: {'category': 'dbt', 'action': 'invocation', 'label': 'end', 'context': [<snowplow_tracker.self_describing_json.SelfDescribingJson object at 0x10531f990>, <snowplow_tracker.self_describing_json.SelfDescribingJson object at 0x10531c590>, <snowplow_tracker.self_describing_json.SelfDescribingJson object at 0x100e5ed10>]}
[0m22:50:24.800813 [debug] [MainThread]: Flushing usage events
[0m22:50:25.929992 [debug] [MainThread]: An error was encountered while trying to flush usage events
[0m22:51:40.073077 [debug] [MainThread]: Sending event: {'category': 'dbt', 'action': 'invocation', 'label': 'start', 'context': [<snowplow_tracker.self_describing_json.SelfDescribingJson object at 0x106f47c10>, <snowplow_tracker.self_describing_json.SelfDescribingJson object at 0x106f6ac50>, <snowplow_tracker.self_describing_json.SelfDescribingJson object at 0x106fab710>]}


============================== 22:51:40.075696 | 76ff6d39-7f61-43e8-a162-4486a1a58538 ==============================
[0m22:51:40.075696 [info ] [MainThread]: Running with dbt=1.9.0
[0m22:51:40.075952 [debug] [MainThread]: running dbt with arguments {'printer_width': '80', 'indirect_selection': 'eager', 'log_cache_events': 'False', 'write_json': 'True', 'partial_parse': 'True', 'cache_selected_only': 'False', 'warn_error': 'None', 'fail_fast': 'False', 'version_check': 'True', 'log_path': '/Users/sakshirai/Desktop/netflixanalysis/netflix_analysis/logs', 'profiles_dir': '/Users/sakshirai/.dbt', 'debug': 'False', 'use_colors': 'True', 'use_experimental_parser': 'False', 'empty': 'None', 'quiet': 'False', 'no_print': 'None', 'log_format': 'default', 'introspect': 'True', 'static_parser': 'True', 'warn_error_options': 'WarnErrorOptions(include=[], exclude=[])', 'target_path': 'None', 'invocation_command': 'dbt deps', 'send_anonymous_usage_stats': 'True'}
[0m22:51:40.114403 [debug] [MainThread]: Sending event: {'category': 'dbt', 'action': 'project_id', 'label': '76ff6d39-7f61-43e8-a162-4486a1a58538', 'context': [<snowplow_tracker.self_describing_json.SelfDescribingJson object at 0x106e726d0>]}
[0m22:51:40.125056 [debug] [MainThread]: Set downloads directory='/var/folders/rp/101xsw9131zdqm5fxfd452tm0000gn/T/dbt-downloads-t20iuuk8'
[0m22:51:40.125270 [debug] [MainThread]: Making package index registry request: GET https://hub.getdbt.com/api/v1/index.json
[0m22:51:40.669233 [debug] [MainThread]: Response from registry index: GET https://hub.getdbt.com/api/v1/index.json 200
[0m22:51:40.672047 [debug] [MainThread]: Making package registry request: GET https://hub.getdbt.com/api/v1/dbt-labs/dbt_utils.json
[0m22:51:40.960549 [debug] [MainThread]: Response from registry: GET https://hub.getdbt.com/api/v1/dbt-labs/dbt_utils.json 200
[0m22:51:40.973206 [info ] [MainThread]: Updating lock file in file path: /Users/sakshirai/Desktop/netflixanalysis/netflix_analysis/package-lock.yml
[0m22:51:40.975688 [debug] [MainThread]: Set downloads directory='/var/folders/rp/101xsw9131zdqm5fxfd452tm0000gn/T/dbt-downloads-555a4qns'
[0m22:51:40.979537 [info ] [MainThread]: Installing dbt-labs/dbt_utils
[0m22:51:41.318043 [info ] [MainThread]: Installed from version 1.3.0
[0m22:51:41.318283 [info ] [MainThread]: Updated version available: 1.3.3
[0m22:51:41.318461 [debug] [MainThread]: Sending event: {'category': 'dbt', 'action': 'package', 'label': '76ff6d39-7f61-43e8-a162-4486a1a58538', 'property_': 'install', 'context': [<snowplow_tracker.self_describing_json.SelfDescribingJson object at 0x1070235d0>, <snowplow_tracker.self_describing_json.SelfDescribingJson object at 0x106ff19d0>]}
[0m22:51:41.318652 [info ] [MainThread]: 
[0m22:51:41.318792 [info ] [MainThread]: Updates available for packages: ['dbt-labs/dbt_utils']                 
Update your versions in packages.yml, then run dbt deps
[0m22:51:41.320588 [debug] [MainThread]: Resource report: {"command_name": "deps", "command_success": true, "command_wall_clock_time": 1.2740449, "process_in_blocks": "0", "process_kernel_time": 0.157855, "process_mem_max_rss": "117866496", "process_out_blocks": "0", "process_user_time": 0.545102}
[0m22:51:41.320793 [debug] [MainThread]: Command `dbt deps` succeeded at 22:51:41.320752 after 1.27 seconds
[0m22:51:41.320937 [debug] [MainThread]: Sending event: {'category': 'dbt', 'action': 'invocation', 'label': 'end', 'context': [<snowplow_tracker.self_describing_json.SelfDescribingJson object at 0x106fc7f90>, <snowplow_tracker.self_describing_json.SelfDescribingJson object at 0x106fc7c90>, <snowplow_tracker.self_describing_json.SelfDescribingJson object at 0x107061fd0>]}
[0m22:51:41.321080 [debug] [MainThread]: Flushing usage events
[0m22:51:42.216266 [debug] [MainThread]: An error was encountered while trying to flush usage events
[0m22:51:51.823055 [debug] [MainThread]: Sending event: {'category': 'dbt', 'action': 'invocation', 'label': 'start', 'context': [<snowplow_tracker.self_describing_json.SelfDescribingJson object at 0x1054ef990>, <snowplow_tracker.self_describing_json.SelfDescribingJson object at 0x105563450>, <snowplow_tracker.self_describing_json.SelfDescribingJson object at 0x105563f10>]}


============================== 22:51:51.825525 | 4c91e901-a18e-46a7-802e-65e2b8d43d8f ==============================
[0m22:51:51.825525 [info ] [MainThread]: Running with dbt=1.9.0
[0m22:51:51.825775 [debug] [MainThread]: running dbt with arguments {'printer_width': '80', 'indirect_selection': 'eager', 'write_json': 'True', 'log_cache_events': 'False', 'partial_parse': 'True', 'cache_selected_only': 'False', 'profiles_dir': '/Users/sakshirai/.dbt', 'version_check': 'True', 'warn_error': 'None', 'log_path': '/Users/sakshirai/Desktop/netflixanalysis/netflix_analysis/logs', 'debug': 'False', 'fail_fast': 'False', 'use_colors': 'True', 'use_experimental_parser': 'False', 'no_print': 'None', 'quiet': 'False', 'empty': 'None', 'warn_error_options': 'WarnErrorOptions(include=[], exclude=[])', 'static_parser': 'True', 'log_format': 'default', 'introspect': 'True', 'target_path': 'None', 'invocation_command': 'dbt test', 'send_anonymous_usage_stats': 'True'}
[0m22:51:52.050205 [debug] [MainThread]: Sending event: {'category': 'dbt', 'action': 'project_id', 'label': '4c91e901-a18e-46a7-802e-65e2b8d43d8f', 'context': [<snowplow_tracker.self_describing_json.SelfDescribingJson object at 0x1063b8650>]}
[0m22:51:52.068701 [debug] [MainThread]: Sending event: {'category': 'dbt', 'action': 'adapter_info', 'label': '4c91e901-a18e-46a7-802e-65e2b8d43d8f', 'context': [<snowplow_tracker.self_describing_json.SelfDescribingJson object at 0x10620b850>]}
[0m22:51:52.069137 [info ] [MainThread]: Registered adapter: snowflake=1.9.0
[0m22:51:52.124083 [debug] [MainThread]: checksum: c99e828bba267739642b5a3ce85f17518764ea526e0e6c4fdc649171c1a66bff, vars: {}, profile: , target: , version: 1.9.0
[0m22:51:52.166254 [info ] [MainThread]: Unable to do partial parsing because of a version mismatch
[0m22:51:52.166485 [debug] [MainThread]: Sending event: {'category': 'dbt', 'action': 'partial_parser', 'label': '4c91e901-a18e-46a7-802e-65e2b8d43d8f', 'context': [<snowplow_tracker.self_describing_json.SelfDescribingJson object at 0x10492a8d0>]}
[0m22:51:52.766190 [debug] [MainThread]: Sending event: {'category': 'dbt', 'action': 'load_project', 'label': '4c91e901-a18e-46a7-802e-65e2b8d43d8f', 'context': [<snowplow_tracker.self_describing_json.SelfDescribingJson object at 0x1068eb550>]}
[0m22:51:52.801002 [debug] [MainThread]: Wrote artifact WritableManifest to /Users/sakshirai/Desktop/netflixanalysis/netflix_analysis/target/manifest.json
[0m22:51:52.806750 [debug] [MainThread]: Wrote artifact SemanticManifest to /Users/sakshirai/Desktop/netflixanalysis/netflix_analysis/target/semantic_manifest.json
[0m22:51:52.822423 [debug] [MainThread]: Sending event: {'category': 'dbt', 'action': 'resource_counts', 'label': '4c91e901-a18e-46a7-802e-65e2b8d43d8f', 'context': [<snowplow_tracker.self_describing_json.SelfDescribingJson object at 0x10784a7d0>]}
[0m22:51:52.822616 [info ] [MainThread]: Found 14 models, 1 snapshot, 1 seed, 12 data tests, 589 macros
[0m22:51:52.822744 [debug] [MainThread]: Sending event: {'category': 'dbt', 'action': 'runnable_timing', 'label': '4c91e901-a18e-46a7-802e-65e2b8d43d8f', 'context': [<snowplow_tracker.self_describing_json.SelfDescribingJson object at 0x1048f9050>]}
[0m22:51:52.823696 [info ] [MainThread]: 
[0m22:51:52.823832 [info ] [MainThread]: Concurrency: 1 threads (target='dev')
[0m22:51:52.823933 [info ] [MainThread]: 
[0m22:51:52.824292 [debug] [MainThread]: Acquiring new snowflake connection 'master'
[0m22:51:52.826078 [debug] [ThreadPool]: Acquiring new snowflake connection 'list_MOVIELENS_snapshots'
[0m22:51:52.860532 [debug] [ThreadPool]: Using snowflake connection "list_MOVIELENS_snapshots"
[0m22:51:52.860703 [debug] [ThreadPool]: On list_MOVIELENS_snapshots: /* {"app": "dbt", "dbt_version": "1.9.0", "profile_name": "netflix_analysis", "target_name": "dev", "connection_name": "list_MOVIELENS_snapshots"} */
show objects in MOVIELENS.snapshots limit 10000;
[0m22:51:52.860806 [debug] [ThreadPool]: Opening a new connection, currently in state init
[0m22:51:54.448422 [debug] [ThreadPool]: SQL status: SUCCESS 1 in 1.587 seconds
[0m22:51:54.451969 [debug] [ThreadPool]: Re-using an available connection from the pool (formerly list_MOVIELENS_snapshots, now list_MOVIELENS_DEV)
[0m22:51:54.455798 [debug] [ThreadPool]: Using snowflake connection "list_MOVIELENS_DEV"
[0m22:51:54.456157 [debug] [ThreadPool]: On list_MOVIELENS_DEV: /* {"app": "dbt", "dbt_version": "1.9.0", "profile_name": "netflix_analysis", "target_name": "dev", "connection_name": "list_MOVIELENS_DEV"} */
show objects in MOVIELENS.DEV limit 10000;
[0m22:51:54.713200 [debug] [ThreadPool]: SQL status: SUCCESS 14 in 0.257 seconds
[0m22:51:54.720082 [debug] [MainThread]: Sending event: {'category': 'dbt', 'action': 'runnable_timing', 'label': '4c91e901-a18e-46a7-802e-65e2b8d43d8f', 'context': [<snowplow_tracker.self_describing_json.SelfDescribingJson object at 0x10756f3d0>]}
[0m22:51:54.722343 [debug] [Thread-1 (]: Began running node test.netflix_analysis.not_null_dim_genome_tags_tag_id.f11f861a5f
[0m22:51:54.722817 [info ] [Thread-1 (]: 1 of 12 START test not_null_dim_genome_tags_tag_id ............................. [RUN]
[0m22:51:54.723331 [debug] [Thread-1 (]: Re-using an available connection from the pool (formerly list_MOVIELENS_DEV, now test.netflix_analysis.not_null_dim_genome_tags_tag_id.f11f861a5f)
[0m22:51:54.723689 [debug] [Thread-1 (]: Began compiling node test.netflix_analysis.not_null_dim_genome_tags_tag_id.f11f861a5f
[0m22:51:54.739114 [debug] [Thread-1 (]: Writing injected SQL for node "test.netflix_analysis.not_null_dim_genome_tags_tag_id.f11f861a5f"
[0m22:51:54.741247 [debug] [Thread-1 (]: Began executing node test.netflix_analysis.not_null_dim_genome_tags_tag_id.f11f861a5f
[0m22:51:54.755251 [debug] [Thread-1 (]: Writing runtime sql for node "test.netflix_analysis.not_null_dim_genome_tags_tag_id.f11f861a5f"
[0m22:51:54.756035 [debug] [Thread-1 (]: Using snowflake connection "test.netflix_analysis.not_null_dim_genome_tags_tag_id.f11f861a5f"
[0m22:51:54.756265 [debug] [Thread-1 (]: On test.netflix_analysis.not_null_dim_genome_tags_tag_id.f11f861a5f: /* {"app": "dbt", "dbt_version": "1.9.0", "profile_name": "netflix_analysis", "target_name": "dev", "node_id": "test.netflix_analysis.not_null_dim_genome_tags_tag_id.f11f861a5f"} */
select
      count(*) as failures,
      count(*) != 0 as should_warn,
      count(*) != 0 as should_error
    from (
      
    
  
    
    



select tag_id
from MOVIELENS.DEV.dim_genome_tags
where tag_id is null



  
  
      
    ) dbt_internal_test
[0m22:51:55.428064 [debug] [Thread-1 (]: SQL status: SUCCESS 1 in 0.671 seconds
[0m22:51:55.437530 [info ] [Thread-1 (]: 1 of 12 PASS not_null_dim_genome_tags_tag_id ................................... [[32mPASS[0m in 0.71s]
[0m22:51:55.438051 [debug] [Thread-1 (]: Finished running node test.netflix_analysis.not_null_dim_genome_tags_tag_id.f11f861a5f
[0m22:51:55.438331 [debug] [Thread-1 (]: Began running node test.netflix_analysis.not_null_dim_genome_tags_tag_name.27503c0804
[0m22:51:55.438673 [info ] [Thread-1 (]: 2 of 12 START test not_null_dim_genome_tags_tag_name ........................... [RUN]
[0m22:51:55.439056 [debug] [Thread-1 (]: Re-using an available connection from the pool (formerly test.netflix_analysis.not_null_dim_genome_tags_tag_id.f11f861a5f, now test.netflix_analysis.not_null_dim_genome_tags_tag_name.27503c0804)
[0m22:51:55.439321 [debug] [Thread-1 (]: Began compiling node test.netflix_analysis.not_null_dim_genome_tags_tag_name.27503c0804
[0m22:51:55.442450 [debug] [Thread-1 (]: Writing injected SQL for node "test.netflix_analysis.not_null_dim_genome_tags_tag_name.27503c0804"
[0m22:51:55.443073 [debug] [Thread-1 (]: Began executing node test.netflix_analysis.not_null_dim_genome_tags_tag_name.27503c0804
[0m22:51:55.445071 [debug] [Thread-1 (]: Writing runtime sql for node "test.netflix_analysis.not_null_dim_genome_tags_tag_name.27503c0804"
[0m22:51:55.445850 [debug] [Thread-1 (]: Using snowflake connection "test.netflix_analysis.not_null_dim_genome_tags_tag_name.27503c0804"
[0m22:51:55.446079 [debug] [Thread-1 (]: On test.netflix_analysis.not_null_dim_genome_tags_tag_name.27503c0804: /* {"app": "dbt", "dbt_version": "1.9.0", "profile_name": "netflix_analysis", "target_name": "dev", "node_id": "test.netflix_analysis.not_null_dim_genome_tags_tag_name.27503c0804"} */
select
      count(*) as failures,
      count(*) != 0 as should_warn,
      count(*) != 0 as should_error
    from (
      
    
  
    
    



select tag_name
from MOVIELENS.DEV.dim_genome_tags
where tag_name is null



  
  
      
    ) dbt_internal_test
[0m22:51:55.637607 [debug] [Thread-1 (]: SQL status: SUCCESS 1 in 0.191 seconds
[0m22:51:55.640979 [info ] [Thread-1 (]: 2 of 12 PASS not_null_dim_genome_tags_tag_name ................................. [[32mPASS[0m in 0.20s]
[0m22:51:55.642040 [debug] [Thread-1 (]: Finished running node test.netflix_analysis.not_null_dim_genome_tags_tag_name.27503c0804
[0m22:51:55.642555 [debug] [Thread-1 (]: Began running node test.netflix_analysis.not_null_dim_movies_movie_title.0206534c81
[0m22:51:55.643053 [info ] [Thread-1 (]: 3 of 12 START test not_null_dim_movies_movie_title ............................. [RUN]
[0m22:51:55.643621 [debug] [Thread-1 (]: Re-using an available connection from the pool (formerly test.netflix_analysis.not_null_dim_genome_tags_tag_name.27503c0804, now test.netflix_analysis.not_null_dim_movies_movie_title.0206534c81)
[0m22:51:55.643929 [debug] [Thread-1 (]: Began compiling node test.netflix_analysis.not_null_dim_movies_movie_title.0206534c81
[0m22:51:55.652689 [debug] [Thread-1 (]: Writing injected SQL for node "test.netflix_analysis.not_null_dim_movies_movie_title.0206534c81"
[0m22:51:55.653911 [debug] [Thread-1 (]: Began executing node test.netflix_analysis.not_null_dim_movies_movie_title.0206534c81
[0m22:51:55.657178 [debug] [Thread-1 (]: Writing runtime sql for node "test.netflix_analysis.not_null_dim_movies_movie_title.0206534c81"
[0m22:51:55.658156 [debug] [Thread-1 (]: Using snowflake connection "test.netflix_analysis.not_null_dim_movies_movie_title.0206534c81"
[0m22:51:55.658516 [debug] [Thread-1 (]: On test.netflix_analysis.not_null_dim_movies_movie_title.0206534c81: /* {"app": "dbt", "dbt_version": "1.9.0", "profile_name": "netflix_analysis", "target_name": "dev", "node_id": "test.netflix_analysis.not_null_dim_movies_movie_title.0206534c81"} */
select
      count(*) as failures,
      count(*) != 0 as should_warn,
      count(*) != 0 as should_error
    from (
      
    
  
    
    



select movie_title
from MOVIELENS.DEV.dim_movies
where movie_title is null



  
  
      
    ) dbt_internal_test
[0m22:51:55.908565 [debug] [Thread-1 (]: SQL status: SUCCESS 1 in 0.250 seconds
[0m22:51:55.911451 [info ] [Thread-1 (]: 3 of 12 PASS not_null_dim_movies_movie_title ................................... [[32mPASS[0m in 0.27s]
[0m22:51:55.912245 [debug] [Thread-1 (]: Finished running node test.netflix_analysis.not_null_dim_movies_movie_title.0206534c81
[0m22:51:55.912693 [debug] [Thread-1 (]: Began running node test.netflix_analysis.not_null_dim_users_user_id.e754bb5812
[0m22:51:55.913243 [info ] [Thread-1 (]: 4 of 12 START test not_null_dim_users_user_id .................................. [RUN]
[0m22:51:55.913836 [debug] [Thread-1 (]: Re-using an available connection from the pool (formerly test.netflix_analysis.not_null_dim_movies_movie_title.0206534c81, now test.netflix_analysis.not_null_dim_users_user_id.e754bb5812)
[0m22:51:55.914194 [debug] [Thread-1 (]: Began compiling node test.netflix_analysis.not_null_dim_users_user_id.e754bb5812
[0m22:51:55.921245 [debug] [Thread-1 (]: Writing injected SQL for node "test.netflix_analysis.not_null_dim_users_user_id.e754bb5812"
[0m22:51:55.922568 [debug] [Thread-1 (]: Began executing node test.netflix_analysis.not_null_dim_users_user_id.e754bb5812
[0m22:51:55.927212 [debug] [Thread-1 (]: Writing runtime sql for node "test.netflix_analysis.not_null_dim_users_user_id.e754bb5812"
[0m22:51:55.929046 [debug] [Thread-1 (]: Using snowflake connection "test.netflix_analysis.not_null_dim_users_user_id.e754bb5812"
[0m22:51:55.929517 [debug] [Thread-1 (]: On test.netflix_analysis.not_null_dim_users_user_id.e754bb5812: /* {"app": "dbt", "dbt_version": "1.9.0", "profile_name": "netflix_analysis", "target_name": "dev", "node_id": "test.netflix_analysis.not_null_dim_users_user_id.e754bb5812"} */
select
      count(*) as failures,
      count(*) != 0 as should_warn,
      count(*) != 0 as should_error
    from (
      
    
  
    
    



select user_id
from MOVIELENS.DEV.dim_users
where user_id is null



  
  
      
    ) dbt_internal_test
[0m22:51:56.188635 [debug] [Thread-1 (]: SQL status: SUCCESS 1 in 0.259 seconds
[0m22:51:56.191942 [info ] [Thread-1 (]: 4 of 12 PASS not_null_dim_users_user_id ........................................ [[32mPASS[0m in 0.28s]
[0m22:51:56.192764 [debug] [Thread-1 (]: Finished running node test.netflix_analysis.not_null_dim_users_user_id.e754bb5812
[0m22:51:56.193204 [debug] [Thread-1 (]: Began running node test.netflix_analysis.not_null_fct_genome_scores_movie_id.d1288b589a
[0m22:51:56.193671 [info ] [Thread-1 (]: 5 of 12 START test not_null_fct_genome_scores_movie_id ......................... [RUN]
[0m22:51:56.194179 [debug] [Thread-1 (]: Re-using an available connection from the pool (formerly test.netflix_analysis.not_null_dim_users_user_id.e754bb5812, now test.netflix_analysis.not_null_fct_genome_scores_movie_id.d1288b589a)
[0m22:51:56.194525 [debug] [Thread-1 (]: Began compiling node test.netflix_analysis.not_null_fct_genome_scores_movie_id.d1288b589a
[0m22:51:56.201121 [debug] [Thread-1 (]: Writing injected SQL for node "test.netflix_analysis.not_null_fct_genome_scores_movie_id.d1288b589a"
[0m22:51:56.202468 [debug] [Thread-1 (]: Began executing node test.netflix_analysis.not_null_fct_genome_scores_movie_id.d1288b589a
[0m22:51:56.206875 [debug] [Thread-1 (]: Writing runtime sql for node "test.netflix_analysis.not_null_fct_genome_scores_movie_id.d1288b589a"
[0m22:51:56.208127 [debug] [Thread-1 (]: Using snowflake connection "test.netflix_analysis.not_null_fct_genome_scores_movie_id.d1288b589a"
[0m22:51:56.208482 [debug] [Thread-1 (]: On test.netflix_analysis.not_null_fct_genome_scores_movie_id.d1288b589a: /* {"app": "dbt", "dbt_version": "1.9.0", "profile_name": "netflix_analysis", "target_name": "dev", "node_id": "test.netflix_analysis.not_null_fct_genome_scores_movie_id.d1288b589a"} */
select
      count(*) as failures,
      count(*) != 0 as should_warn,
      count(*) != 0 as should_error
    from (
      
    
  
    
    



select movie_id
from MOVIELENS.DEV.fct_genome_scores
where movie_id is null



  
  
      
    ) dbt_internal_test
[0m22:51:56.560923 [debug] [Thread-1 (]: SQL status: SUCCESS 1 in 0.352 seconds
[0m22:51:56.564561 [info ] [Thread-1 (]: 5 of 12 PASS not_null_fct_genome_scores_movie_id ............................... [[32mPASS[0m in 0.37s]
[0m22:51:56.565355 [debug] [Thread-1 (]: Finished running node test.netflix_analysis.not_null_fct_genome_scores_movie_id.d1288b589a
[0m22:51:56.565918 [debug] [Thread-1 (]: Began running node test.netflix_analysis.not_null_fct_genome_scores_relevance_score.20561448f1
[0m22:51:56.566540 [info ] [Thread-1 (]: 6 of 12 START test not_null_fct_genome_scores_relevance_score .................. [RUN]
[0m22:51:56.567105 [debug] [Thread-1 (]: Re-using an available connection from the pool (formerly test.netflix_analysis.not_null_fct_genome_scores_movie_id.d1288b589a, now test.netflix_analysis.not_null_fct_genome_scores_relevance_score.20561448f1)
[0m22:51:56.567496 [debug] [Thread-1 (]: Began compiling node test.netflix_analysis.not_null_fct_genome_scores_relevance_score.20561448f1
[0m22:51:56.573993 [debug] [Thread-1 (]: Writing injected SQL for node "test.netflix_analysis.not_null_fct_genome_scores_relevance_score.20561448f1"
[0m22:51:56.575010 [debug] [Thread-1 (]: Began executing node test.netflix_analysis.not_null_fct_genome_scores_relevance_score.20561448f1
[0m22:51:56.578875 [debug] [Thread-1 (]: Writing runtime sql for node "test.netflix_analysis.not_null_fct_genome_scores_relevance_score.20561448f1"
[0m22:51:56.580205 [debug] [Thread-1 (]: Using snowflake connection "test.netflix_analysis.not_null_fct_genome_scores_relevance_score.20561448f1"
[0m22:51:56.580523 [debug] [Thread-1 (]: On test.netflix_analysis.not_null_fct_genome_scores_relevance_score.20561448f1: /* {"app": "dbt", "dbt_version": "1.9.0", "profile_name": "netflix_analysis", "target_name": "dev", "node_id": "test.netflix_analysis.not_null_fct_genome_scores_relevance_score.20561448f1"} */
select
      count(*) as failures,
      count(*) != 0 as should_warn,
      count(*) != 0 as should_error
    from (
      
    
  
    
    



select relevance_score
from MOVIELENS.DEV.fct_genome_scores
where relevance_score is null



  
  
      
    ) dbt_internal_test
[0m22:51:56.770386 [debug] [Thread-1 (]: SQL status: SUCCESS 1 in 0.189 seconds
[0m22:51:56.773418 [info ] [Thread-1 (]: 6 of 12 PASS not_null_fct_genome_scores_relevance_score ........................ [[32mPASS[0m in 0.21s]
[0m22:51:56.774151 [debug] [Thread-1 (]: Finished running node test.netflix_analysis.not_null_fct_genome_scores_relevance_score.20561448f1
[0m22:51:56.774546 [debug] [Thread-1 (]: Began running node test.netflix_analysis.not_null_fct_genome_scores_tag_id.eb610dc620
[0m22:51:56.775037 [info ] [Thread-1 (]: 7 of 12 START test not_null_fct_genome_scores_tag_id ........................... [RUN]
[0m22:51:56.775558 [debug] [Thread-1 (]: Re-using an available connection from the pool (formerly test.netflix_analysis.not_null_fct_genome_scores_relevance_score.20561448f1, now test.netflix_analysis.not_null_fct_genome_scores_tag_id.eb610dc620)
[0m22:51:56.775935 [debug] [Thread-1 (]: Began compiling node test.netflix_analysis.not_null_fct_genome_scores_tag_id.eb610dc620
[0m22:51:56.781881 [debug] [Thread-1 (]: Writing injected SQL for node "test.netflix_analysis.not_null_fct_genome_scores_tag_id.eb610dc620"
[0m22:51:56.783104 [debug] [Thread-1 (]: Began executing node test.netflix_analysis.not_null_fct_genome_scores_tag_id.eb610dc620
[0m22:51:56.790424 [debug] [Thread-1 (]: Writing runtime sql for node "test.netflix_analysis.not_null_fct_genome_scores_tag_id.eb610dc620"
[0m22:51:56.791695 [debug] [Thread-1 (]: Using snowflake connection "test.netflix_analysis.not_null_fct_genome_scores_tag_id.eb610dc620"
[0m22:51:56.792103 [debug] [Thread-1 (]: On test.netflix_analysis.not_null_fct_genome_scores_tag_id.eb610dc620: /* {"app": "dbt", "dbt_version": "1.9.0", "profile_name": "netflix_analysis", "target_name": "dev", "node_id": "test.netflix_analysis.not_null_fct_genome_scores_tag_id.eb610dc620"} */
select
      count(*) as failures,
      count(*) != 0 as should_warn,
      count(*) != 0 as should_error
    from (
      
    
  
    
    



select tag_id
from MOVIELENS.DEV.fct_genome_scores
where tag_id is null



  
  
      
    ) dbt_internal_test
[0m22:51:56.988548 [debug] [Thread-1 (]: SQL status: SUCCESS 1 in 0.196 seconds
[0m22:51:56.992189 [info ] [Thread-1 (]: 7 of 12 PASS not_null_fct_genome_scores_tag_id ................................. [[32mPASS[0m in 0.22s]
[0m22:51:56.992922 [debug] [Thread-1 (]: Finished running node test.netflix_analysis.not_null_fct_genome_scores_tag_id.eb610dc620
[0m22:51:56.993365 [debug] [Thread-1 (]: Began running node test.netflix_analysis.not_null_fct_ratings_movie_id.68d088c553
[0m22:51:56.993918 [info ] [Thread-1 (]: 8 of 12 START test not_null_fct_ratings_movie_id ............................... [RUN]
[0m22:51:56.994454 [debug] [Thread-1 (]: Re-using an available connection from the pool (formerly test.netflix_analysis.not_null_fct_genome_scores_tag_id.eb610dc620, now test.netflix_analysis.not_null_fct_ratings_movie_id.68d088c553)
[0m22:51:56.994835 [debug] [Thread-1 (]: Began compiling node test.netflix_analysis.not_null_fct_ratings_movie_id.68d088c553
[0m22:51:57.001354 [debug] [Thread-1 (]: Writing injected SQL for node "test.netflix_analysis.not_null_fct_ratings_movie_id.68d088c553"
[0m22:51:57.002430 [debug] [Thread-1 (]: Began executing node test.netflix_analysis.not_null_fct_ratings_movie_id.68d088c553
[0m22:51:57.006206 [debug] [Thread-1 (]: Writing runtime sql for node "test.netflix_analysis.not_null_fct_ratings_movie_id.68d088c553"
[0m22:51:57.007475 [debug] [Thread-1 (]: Using snowflake connection "test.netflix_analysis.not_null_fct_ratings_movie_id.68d088c553"
[0m22:51:57.007866 [debug] [Thread-1 (]: On test.netflix_analysis.not_null_fct_ratings_movie_id.68d088c553: /* {"app": "dbt", "dbt_version": "1.9.0", "profile_name": "netflix_analysis", "target_name": "dev", "node_id": "test.netflix_analysis.not_null_fct_ratings_movie_id.68d088c553"} */
select
      count(*) as failures,
      count(*) != 0 as should_warn,
      count(*) != 0 as should_error
    from (
      
    
  
    
    



select movie_id
from MOVIELENS.DEV.fct_ratings
where movie_id is null



  
  
      
    ) dbt_internal_test
[0m22:51:57.305933 [debug] [Thread-1 (]: SQL status: SUCCESS 1 in 0.297 seconds
[0m22:51:57.309125 [info ] [Thread-1 (]: 8 of 12 PASS not_null_fct_ratings_movie_id ..................................... [[32mPASS[0m in 0.31s]
[0m22:51:57.309949 [debug] [Thread-1 (]: Finished running node test.netflix_analysis.not_null_fct_ratings_movie_id.68d088c553
[0m22:51:57.310385 [debug] [Thread-1 (]: Began running node test.netflix_analysis.not_null_fct_ratings_rating.25c6481558
[0m22:51:57.310905 [info ] [Thread-1 (]: 9 of 12 START test not_null_fct_ratings_rating ................................. [RUN]
[0m22:51:57.311431 [debug] [Thread-1 (]: Re-using an available connection from the pool (formerly test.netflix_analysis.not_null_fct_ratings_movie_id.68d088c553, now test.netflix_analysis.not_null_fct_ratings_rating.25c6481558)
[0m22:51:57.311771 [debug] [Thread-1 (]: Began compiling node test.netflix_analysis.not_null_fct_ratings_rating.25c6481558
[0m22:51:57.318093 [debug] [Thread-1 (]: Writing injected SQL for node "test.netflix_analysis.not_null_fct_ratings_rating.25c6481558"
[0m22:51:57.319459 [debug] [Thread-1 (]: Began executing node test.netflix_analysis.not_null_fct_ratings_rating.25c6481558
[0m22:51:57.323605 [debug] [Thread-1 (]: Writing runtime sql for node "test.netflix_analysis.not_null_fct_ratings_rating.25c6481558"
[0m22:51:57.325602 [debug] [Thread-1 (]: Using snowflake connection "test.netflix_analysis.not_null_fct_ratings_rating.25c6481558"
[0m22:51:57.326085 [debug] [Thread-1 (]: On test.netflix_analysis.not_null_fct_ratings_rating.25c6481558: /* {"app": "dbt", "dbt_version": "1.9.0", "profile_name": "netflix_analysis", "target_name": "dev", "node_id": "test.netflix_analysis.not_null_fct_ratings_rating.25c6481558"} */
select
      count(*) as failures,
      count(*) != 0 as should_warn,
      count(*) != 0 as should_error
    from (
      
    
  
    
    



select rating
from MOVIELENS.DEV.fct_ratings
where rating is null



  
  
      
    ) dbt_internal_test
[0m22:51:57.502991 [debug] [Thread-1 (]: SQL status: SUCCESS 1 in 0.176 seconds
[0m22:51:57.505628 [info ] [Thread-1 (]: 9 of 12 PASS not_null_fct_ratings_rating ....................................... [[32mPASS[0m in 0.19s]
[0m22:51:57.506238 [debug] [Thread-1 (]: Finished running node test.netflix_analysis.not_null_fct_ratings_rating.25c6481558
[0m22:51:57.506616 [debug] [Thread-1 (]: Began running node test.netflix_analysis.not_null_fct_ratings_user_id.652655a4cf
[0m22:51:57.507025 [info ] [Thread-1 (]: 10 of 12 START test not_null_fct_ratings_user_id ............................... [RUN]
[0m22:51:57.507461 [debug] [Thread-1 (]: Re-using an available connection from the pool (formerly test.netflix_analysis.not_null_fct_ratings_rating.25c6481558, now test.netflix_analysis.not_null_fct_ratings_user_id.652655a4cf)
[0m22:51:57.507785 [debug] [Thread-1 (]: Began compiling node test.netflix_analysis.not_null_fct_ratings_user_id.652655a4cf
[0m22:51:57.514652 [debug] [Thread-1 (]: Writing injected SQL for node "test.netflix_analysis.not_null_fct_ratings_user_id.652655a4cf"
[0m22:51:57.515972 [debug] [Thread-1 (]: Began executing node test.netflix_analysis.not_null_fct_ratings_user_id.652655a4cf
[0m22:51:57.519976 [debug] [Thread-1 (]: Writing runtime sql for node "test.netflix_analysis.not_null_fct_ratings_user_id.652655a4cf"
[0m22:51:57.521357 [debug] [Thread-1 (]: Using snowflake connection "test.netflix_analysis.not_null_fct_ratings_user_id.652655a4cf"
[0m22:51:57.521769 [debug] [Thread-1 (]: On test.netflix_analysis.not_null_fct_ratings_user_id.652655a4cf: /* {"app": "dbt", "dbt_version": "1.9.0", "profile_name": "netflix_analysis", "target_name": "dev", "node_id": "test.netflix_analysis.not_null_fct_ratings_user_id.652655a4cf"} */
select
      count(*) as failures,
      count(*) != 0 as should_warn,
      count(*) != 0 as should_error
    from (
      
    
  
    
    



select user_id
from MOVIELENS.DEV.fct_ratings
where user_id is null



  
  
      
    ) dbt_internal_test
[0m22:51:57.696804 [debug] [Thread-1 (]: SQL status: SUCCESS 1 in 0.175 seconds
[0m22:51:57.699551 [info ] [Thread-1 (]: 10 of 12 PASS not_null_fct_ratings_user_id ..................................... [[32mPASS[0m in 0.19s]
[0m22:51:57.700189 [debug] [Thread-1 (]: Finished running node test.netflix_analysis.not_null_fct_ratings_user_id.652655a4cf
[0m22:51:57.700582 [debug] [Thread-1 (]: Began running node test.netflix_analysis.not_nulls_dim_movies_movie_id.4e30074a6b
[0m22:51:57.701000 [info ] [Thread-1 (]: 11 of 12 START test not_nulls_dim_movies_movie_id .............................. [RUN]
[0m22:51:57.701462 [debug] [Thread-1 (]: Re-using an available connection from the pool (formerly test.netflix_analysis.not_null_fct_ratings_user_id.652655a4cf, now test.netflix_analysis.not_nulls_dim_movies_movie_id.4e30074a6b)
[0m22:51:57.701774 [debug] [Thread-1 (]: Began compiling node test.netflix_analysis.not_nulls_dim_movies_movie_id.4e30074a6b
[0m22:51:57.713286 [debug] [Thread-1 (]: Compilation Error in test not_nulls_dim_movies_movie_id (models/schema.yml)
  'test_not_nulls' is undefined. This can happen when calling a macro that does not exist. Check for typos and/or install package dependencies with "dbt deps".
[0m22:51:57.714834 [error] [Thread-1 (]: 11 of 12 ERROR not_nulls_dim_movies_movie_id ................................... [[31mERROR[0m in 0.01s]
[0m22:51:57.715373 [debug] [Thread-1 (]: Finished running node test.netflix_analysis.not_nulls_dim_movies_movie_id.4e30074a6b
[0m22:51:57.715746 [debug] [Thread-1 (]: Began running node test.netflix_analysis.relationships_fct_ratings_movie_id__movie_id__ref_dim_movies_.fb3ebb34b0
[0m22:51:57.716141 [debug] [Thread-4 (]: Marking all children of 'test.netflix_analysis.not_nulls_dim_movies_movie_id.4e30074a6b' to be skipped because of status 'error'.  Reason: Compilation Error in test not_nulls_dim_movies_movie_id (models/schema.yml)
  'test_not_nulls' is undefined. This can happen when calling a macro that does not exist. Check for typos and/or install package dependencies with "dbt deps"..
[0m22:51:57.716567 [info ] [Thread-1 (]: 12 of 12 START test relationships_fct_ratings_movie_id__movie_id__ref_dim_movies_  [RUN]
[0m22:51:57.717792 [debug] [Thread-1 (]: Re-using an available connection from the pool (formerly test.netflix_analysis.not_nulls_dim_movies_movie_id.4e30074a6b, now test.netflix_analysis.relationships_fct_ratings_movie_id__movie_id__ref_dim_movies_.fb3ebb34b0)
[0m22:51:57.718179 [debug] [Thread-1 (]: Began compiling node test.netflix_analysis.relationships_fct_ratings_movie_id__movie_id__ref_dim_movies_.fb3ebb34b0
[0m22:51:57.723263 [debug] [Thread-1 (]: Writing injected SQL for node "test.netflix_analysis.relationships_fct_ratings_movie_id__movie_id__ref_dim_movies_.fb3ebb34b0"
[0m22:51:57.723984 [debug] [Thread-1 (]: Began executing node test.netflix_analysis.relationships_fct_ratings_movie_id__movie_id__ref_dim_movies_.fb3ebb34b0
[0m22:51:57.728371 [debug] [Thread-1 (]: Writing runtime sql for node "test.netflix_analysis.relationships_fct_ratings_movie_id__movie_id__ref_dim_movies_.fb3ebb34b0"
[0m22:51:57.729573 [debug] [Thread-1 (]: Using snowflake connection "test.netflix_analysis.relationships_fct_ratings_movie_id__movie_id__ref_dim_movies_.fb3ebb34b0"
[0m22:51:57.729874 [debug] [Thread-1 (]: On test.netflix_analysis.relationships_fct_ratings_movie_id__movie_id__ref_dim_movies_.fb3ebb34b0: /* {"app": "dbt", "dbt_version": "1.9.0", "profile_name": "netflix_analysis", "target_name": "dev", "node_id": "test.netflix_analysis.relationships_fct_ratings_movie_id__movie_id__ref_dim_movies_.fb3ebb34b0"} */
select
      count(*) as failures,
      count(*) != 0 as should_warn,
      count(*) != 0 as should_error
    from (
      
    
  
    
    

with child as (
    select movie_id as from_field
    from MOVIELENS.DEV.fct_ratings
    where movie_id is not null
),

parent as (
    select movie_id as to_field
    from MOVIELENS.DEV.dim_movies
)

select
    from_field

from child
left join parent
    on child.from_field = parent.to_field

where parent.to_field is null



  
  
      
    ) dbt_internal_test
[0m22:51:58.429911 [debug] [Thread-1 (]: SQL status: SUCCESS 1 in 0.700 seconds
[0m22:51:58.431128 [info ] [Thread-1 (]: 12 of 12 PASS relationships_fct_ratings_movie_id__movie_id__ref_dim_movies_ .... [[32mPASS[0m in 0.71s]
[0m22:51:58.431406 [debug] [Thread-1 (]: Finished running node test.netflix_analysis.relationships_fct_ratings_movie_id__movie_id__ref_dim_movies_.fb3ebb34b0
[0m22:51:58.432062 [debug] [MainThread]: Connection 'master' was properly closed.
[0m22:51:58.432220 [debug] [MainThread]: Connection 'test.netflix_analysis.relationships_fct_ratings_movie_id__movie_id__ref_dim_movies_.fb3ebb34b0' was left open.
[0m22:51:58.432354 [debug] [MainThread]: On test.netflix_analysis.relationships_fct_ratings_movie_id__movie_id__ref_dim_movies_.fb3ebb34b0: Close
[0m22:51:58.657572 [info ] [MainThread]: 
[0m22:51:58.658452 [info ] [MainThread]: Finished running 12 data tests in 0 hours 0 minutes and 5.83 seconds (5.83s).
[0m22:51:58.660228 [debug] [MainThread]: Command end result
[0m22:51:58.690446 [debug] [MainThread]: Wrote artifact WritableManifest to /Users/sakshirai/Desktop/netflixanalysis/netflix_analysis/target/manifest.json
[0m22:51:58.692173 [debug] [MainThread]: Wrote artifact SemanticManifest to /Users/sakshirai/Desktop/netflixanalysis/netflix_analysis/target/semantic_manifest.json
[0m22:51:58.696735 [debug] [MainThread]: Wrote artifact RunExecutionResult to /Users/sakshirai/Desktop/netflixanalysis/netflix_analysis/target/run_results.json
[0m22:51:58.696926 [info ] [MainThread]: 
[0m22:51:58.697146 [info ] [MainThread]: [31mCompleted with 1 error, 0 partial successes, and 0 warnings:[0m
[0m22:51:58.697314 [info ] [MainThread]: 
[0m22:51:58.697521 [error] [MainThread]:   Compilation Error in test not_nulls_dim_movies_movie_id (models/schema.yml)
  'test_not_nulls' is undefined. This can happen when calling a macro that does not exist. Check for typos and/or install package dependencies with "dbt deps".
[0m22:51:58.697689 [info ] [MainThread]: 
[0m22:51:58.697866 [info ] [MainThread]: Done. PASS=11 WARN=0 ERROR=1 SKIP=0 TOTAL=12
[0m22:51:58.700645 [debug] [MainThread]: Resource report: {"command_name": "test", "command_success": false, "command_wall_clock_time": 6.9027114, "process_in_blocks": "0", "process_kernel_time": 0.345254, "process_mem_max_rss": "188891136", "process_out_blocks": "0", "process_user_time": 1.894604}
[0m22:51:58.700864 [debug] [MainThread]: Command `dbt test` failed at 22:51:58.700823 after 6.90 seconds
[0m22:51:58.701063 [debug] [MainThread]: Sending event: {'category': 'dbt', 'action': 'invocation', 'label': 'end', 'context': [<snowplow_tracker.self_describing_json.SelfDescribingJson object at 0x1055627d0>, <snowplow_tracker.self_describing_json.SelfDescribingJson object at 0x105563750>, <snowplow_tracker.self_describing_json.SelfDescribingJson object at 0x100fced10>]}
[0m22:51:58.701237 [debug] [MainThread]: Flushing usage events
[0m22:51:59.596884 [debug] [MainThread]: An error was encountered while trying to flush usage events
[0m22:52:42.165316 [debug] [MainThread]: Sending event: {'category': 'dbt', 'action': 'invocation', 'label': 'start', 'context': [<snowplow_tracker.self_describing_json.SelfDescribingJson object at 0x1095e8290>, <snowplow_tracker.self_describing_json.SelfDescribingJson object at 0x10963cd10>, <snowplow_tracker.self_describing_json.SelfDescribingJson object at 0x10965fb10>]}


============================== 22:52:42.167665 | d038a61d-be2a-4aae-922b-bdcb87d43ba5 ==============================
[0m22:52:42.167665 [info ] [MainThread]: Running with dbt=1.9.0
[0m22:52:42.167912 [debug] [MainThread]: running dbt with arguments {'printer_width': '80', 'indirect_selection': 'eager', 'write_json': 'True', 'log_cache_events': 'False', 'partial_parse': 'True', 'cache_selected_only': 'False', 'profiles_dir': '/Users/sakshirai/.dbt', 'debug': 'False', 'fail_fast': 'False', 'log_path': '/Users/sakshirai/Desktop/netflixanalysis/netflix_analysis/logs', 'version_check': 'True', 'warn_error': 'None', 'use_colors': 'True', 'use_experimental_parser': 'False', 'no_print': 'None', 'quiet': 'False', 'empty': 'None', 'warn_error_options': 'WarnErrorOptions(include=[], exclude=[])', 'invocation_command': 'dbt test', 'log_format': 'default', 'static_parser': 'True', 'target_path': 'None', 'introspect': 'True', 'send_anonymous_usage_stats': 'True'}
[0m22:52:42.388153 [debug] [MainThread]: Sending event: {'category': 'dbt', 'action': 'project_id', 'label': 'd038a61d-be2a-4aae-922b-bdcb87d43ba5', 'context': [<snowplow_tracker.self_describing_json.SelfDescribingJson object at 0x10a8dc750>]}
[0m22:52:42.405248 [debug] [MainThread]: Sending event: {'category': 'dbt', 'action': 'adapter_info', 'label': 'd038a61d-be2a-4aae-922b-bdcb87d43ba5', 'context': [<snowplow_tracker.self_describing_json.SelfDescribingJson object at 0x10a7f6fd0>]}
[0m22:52:42.405878 [info ] [MainThread]: Registered adapter: snowflake=1.9.0
[0m22:52:42.454510 [debug] [MainThread]: checksum: c99e828bba267739642b5a3ce85f17518764ea526e0e6c4fdc649171c1a66bff, vars: {}, profile: , target: , version: 1.9.0
[0m22:52:42.519419 [debug] [MainThread]: Partial parsing enabled: 0 files deleted, 0 files added, 0 files changed.
[0m22:52:42.519606 [debug] [MainThread]: Partial parsing enabled, no changes found, skipping parsing
[0m22:52:42.540874 [debug] [MainThread]: Sending event: {'category': 'dbt', 'action': 'load_project', 'label': 'd038a61d-be2a-4aae-922b-bdcb87d43ba5', 'context': [<snowplow_tracker.self_describing_json.SelfDescribingJson object at 0x10ab32190>]}
[0m22:52:42.574713 [debug] [MainThread]: Wrote artifact WritableManifest to /Users/sakshirai/Desktop/netflixanalysis/netflix_analysis/target/manifest.json
[0m22:52:42.580481 [debug] [MainThread]: Wrote artifact SemanticManifest to /Users/sakshirai/Desktop/netflixanalysis/netflix_analysis/target/semantic_manifest.json
[0m22:52:42.593488 [debug] [MainThread]: Sending event: {'category': 'dbt', 'action': 'resource_counts', 'label': 'd038a61d-be2a-4aae-922b-bdcb87d43ba5', 'context': [<snowplow_tracker.self_describing_json.SelfDescribingJson object at 0x10b9308d0>]}
[0m22:52:42.593692 [info ] [MainThread]: Found 14 models, 1 snapshot, 1 seed, 12 data tests, 589 macros
[0m22:52:42.593825 [debug] [MainThread]: Sending event: {'category': 'dbt', 'action': 'runnable_timing', 'label': 'd038a61d-be2a-4aae-922b-bdcb87d43ba5', 'context': [<snowplow_tracker.self_describing_json.SelfDescribingJson object at 0x10ac5ea50>]}
[0m22:52:42.594747 [info ] [MainThread]: 
[0m22:52:42.594879 [info ] [MainThread]: Concurrency: 1 threads (target='dev')
[0m22:52:42.594977 [info ] [MainThread]: 
[0m22:52:42.595172 [debug] [MainThread]: Acquiring new snowflake connection 'master'
[0m22:52:42.597017 [debug] [ThreadPool]: Acquiring new snowflake connection 'list_MOVIELENS_snapshots'
[0m22:52:42.624074 [debug] [ThreadPool]: Using snowflake connection "list_MOVIELENS_snapshots"
[0m22:52:42.624293 [debug] [ThreadPool]: On list_MOVIELENS_snapshots: /* {"app": "dbt", "dbt_version": "1.9.0", "profile_name": "netflix_analysis", "target_name": "dev", "connection_name": "list_MOVIELENS_snapshots"} */
show objects in MOVIELENS.snapshots limit 10000;
[0m22:52:42.624418 [debug] [ThreadPool]: Opening a new connection, currently in state init
[0m22:52:43.494917 [debug] [ThreadPool]: SQL status: SUCCESS 1 in 0.870 seconds
[0m22:52:43.498163 [debug] [ThreadPool]: Re-using an available connection from the pool (formerly list_MOVIELENS_snapshots, now list_MOVIELENS_DEV)
[0m22:52:43.502522 [debug] [ThreadPool]: Using snowflake connection "list_MOVIELENS_DEV"
[0m22:52:43.502819 [debug] [ThreadPool]: On list_MOVIELENS_DEV: /* {"app": "dbt", "dbt_version": "1.9.0", "profile_name": "netflix_analysis", "target_name": "dev", "connection_name": "list_MOVIELENS_DEV"} */
show objects in MOVIELENS.DEV limit 10000;
[0m22:52:43.676013 [debug] [ThreadPool]: SQL status: SUCCESS 14 in 0.173 seconds
[0m22:52:43.681901 [debug] [MainThread]: Sending event: {'category': 'dbt', 'action': 'runnable_timing', 'label': 'd038a61d-be2a-4aae-922b-bdcb87d43ba5', 'context': [<snowplow_tracker.self_describing_json.SelfDescribingJson object at 0x109675b50>]}
[0m22:52:43.684389 [debug] [Thread-1 (]: Began running node test.netflix_analysis.not_null_dim_genome_tags_tag_id.f11f861a5f
[0m22:52:43.684946 [info ] [Thread-1 (]: 1 of 12 START test not_null_dim_genome_tags_tag_id ............................. [RUN]
[0m22:52:43.685508 [debug] [Thread-1 (]: Re-using an available connection from the pool (formerly list_MOVIELENS_DEV, now test.netflix_analysis.not_null_dim_genome_tags_tag_id.f11f861a5f)
[0m22:52:43.685847 [debug] [Thread-1 (]: Began compiling node test.netflix_analysis.not_null_dim_genome_tags_tag_id.f11f861a5f
[0m22:52:43.702286 [debug] [Thread-1 (]: Writing injected SQL for node "test.netflix_analysis.not_null_dim_genome_tags_tag_id.f11f861a5f"
[0m22:52:43.703269 [debug] [Thread-1 (]: Began executing node test.netflix_analysis.not_null_dim_genome_tags_tag_id.f11f861a5f
[0m22:52:43.717827 [debug] [Thread-1 (]: Writing runtime sql for node "test.netflix_analysis.not_null_dim_genome_tags_tag_id.f11f861a5f"
[0m22:52:43.718578 [debug] [Thread-1 (]: Using snowflake connection "test.netflix_analysis.not_null_dim_genome_tags_tag_id.f11f861a5f"
[0m22:52:43.718798 [debug] [Thread-1 (]: On test.netflix_analysis.not_null_dim_genome_tags_tag_id.f11f861a5f: /* {"app": "dbt", "dbt_version": "1.9.0", "profile_name": "netflix_analysis", "target_name": "dev", "node_id": "test.netflix_analysis.not_null_dim_genome_tags_tag_id.f11f861a5f"} */
select
      count(*) as failures,
      count(*) != 0 as should_warn,
      count(*) != 0 as should_error
    from (
      
    
  
    
    



select tag_id
from MOVIELENS.DEV.dim_genome_tags
where tag_id is null



  
  
      
    ) dbt_internal_test
[0m22:52:43.848645 [debug] [Thread-1 (]: SQL status: SUCCESS 1 in 0.129 seconds
[0m22:52:43.859643 [info ] [Thread-1 (]: 1 of 12 PASS not_null_dim_genome_tags_tag_id ................................... [[32mPASS[0m in 0.17s]
[0m22:52:43.860243 [debug] [Thread-1 (]: Finished running node test.netflix_analysis.not_null_dim_genome_tags_tag_id.f11f861a5f
[0m22:52:43.860560 [debug] [Thread-1 (]: Began running node test.netflix_analysis.not_null_dim_genome_tags_tag_name.27503c0804
[0m22:52:43.860931 [info ] [Thread-1 (]: 2 of 12 START test not_null_dim_genome_tags_tag_name ........................... [RUN]
[0m22:52:43.861320 [debug] [Thread-1 (]: Re-using an available connection from the pool (formerly test.netflix_analysis.not_null_dim_genome_tags_tag_id.f11f861a5f, now test.netflix_analysis.not_null_dim_genome_tags_tag_name.27503c0804)
[0m22:52:43.861584 [debug] [Thread-1 (]: Began compiling node test.netflix_analysis.not_null_dim_genome_tags_tag_name.27503c0804
[0m22:52:43.907865 [debug] [Thread-1 (]: Writing injected SQL for node "test.netflix_analysis.not_null_dim_genome_tags_tag_name.27503c0804"
[0m22:52:43.908348 [debug] [Thread-1 (]: Began executing node test.netflix_analysis.not_null_dim_genome_tags_tag_name.27503c0804
[0m22:52:43.909567 [debug] [Thread-1 (]: Writing runtime sql for node "test.netflix_analysis.not_null_dim_genome_tags_tag_name.27503c0804"
[0m22:52:43.909996 [debug] [Thread-1 (]: Using snowflake connection "test.netflix_analysis.not_null_dim_genome_tags_tag_name.27503c0804"
[0m22:52:43.910150 [debug] [Thread-1 (]: On test.netflix_analysis.not_null_dim_genome_tags_tag_name.27503c0804: /* {"app": "dbt", "dbt_version": "1.9.0", "profile_name": "netflix_analysis", "target_name": "dev", "node_id": "test.netflix_analysis.not_null_dim_genome_tags_tag_name.27503c0804"} */
select
      count(*) as failures,
      count(*) != 0 as should_warn,
      count(*) != 0 as should_error
    from (
      
    
  
    
    



select tag_name
from MOVIELENS.DEV.dim_genome_tags
where tag_name is null



  
  
      
    ) dbt_internal_test
[0m22:52:44.039470 [debug] [Thread-1 (]: SQL status: SUCCESS 1 in 0.129 seconds
[0m22:52:44.042046 [info ] [Thread-1 (]: 2 of 12 PASS not_null_dim_genome_tags_tag_name ................................. [[32mPASS[0m in 0.18s]
[0m22:52:44.042643 [debug] [Thread-1 (]: Finished running node test.netflix_analysis.not_null_dim_genome_tags_tag_name.27503c0804
[0m22:52:44.042963 [debug] [Thread-1 (]: Began running node test.netflix_analysis.not_null_dim_movies_movie_title.0206534c81
[0m22:52:44.043335 [info ] [Thread-1 (]: 3 of 12 START test not_null_dim_movies_movie_title ............................. [RUN]
[0m22:52:44.043736 [debug] [Thread-1 (]: Re-using an available connection from the pool (formerly test.netflix_analysis.not_null_dim_genome_tags_tag_name.27503c0804, now test.netflix_analysis.not_null_dim_movies_movie_title.0206534c81)
[0m22:52:44.044022 [debug] [Thread-1 (]: Began compiling node test.netflix_analysis.not_null_dim_movies_movie_title.0206534c81
[0m22:52:44.047436 [debug] [Thread-1 (]: Writing injected SQL for node "test.netflix_analysis.not_null_dim_movies_movie_title.0206534c81"
[0m22:52:44.048196 [debug] [Thread-1 (]: Began executing node test.netflix_analysis.not_null_dim_movies_movie_title.0206534c81
[0m22:52:44.050378 [debug] [Thread-1 (]: Writing runtime sql for node "test.netflix_analysis.not_null_dim_movies_movie_title.0206534c81"
[0m22:52:44.051305 [debug] [Thread-1 (]: Using snowflake connection "test.netflix_analysis.not_null_dim_movies_movie_title.0206534c81"
[0m22:52:44.051766 [debug] [Thread-1 (]: On test.netflix_analysis.not_null_dim_movies_movie_title.0206534c81: /* {"app": "dbt", "dbt_version": "1.9.0", "profile_name": "netflix_analysis", "target_name": "dev", "node_id": "test.netflix_analysis.not_null_dim_movies_movie_title.0206534c81"} */
select
      count(*) as failures,
      count(*) != 0 as should_warn,
      count(*) != 0 as should_error
    from (
      
    
  
    
    



select movie_title
from MOVIELENS.DEV.dim_movies
where movie_title is null



  
  
      
    ) dbt_internal_test
[0m22:52:44.182468 [debug] [Thread-1 (]: SQL status: SUCCESS 1 in 0.130 seconds
[0m22:52:44.186100 [info ] [Thread-1 (]: 3 of 12 PASS not_null_dim_movies_movie_title ................................... [[32mPASS[0m in 0.14s]
[0m22:52:44.186785 [debug] [Thread-1 (]: Finished running node test.netflix_analysis.not_null_dim_movies_movie_title.0206534c81
[0m22:52:44.187224 [debug] [Thread-1 (]: Began running node test.netflix_analysis.not_null_dim_users_user_id.e754bb5812
[0m22:52:44.187744 [info ] [Thread-1 (]: 4 of 12 START test not_null_dim_users_user_id .................................. [RUN]
[0m22:52:44.188285 [debug] [Thread-1 (]: Re-using an available connection from the pool (formerly test.netflix_analysis.not_null_dim_movies_movie_title.0206534c81, now test.netflix_analysis.not_null_dim_users_user_id.e754bb5812)
[0m22:52:44.188660 [debug] [Thread-1 (]: Began compiling node test.netflix_analysis.not_null_dim_users_user_id.e754bb5812
[0m22:52:44.195415 [debug] [Thread-1 (]: Writing injected SQL for node "test.netflix_analysis.not_null_dim_users_user_id.e754bb5812"
[0m22:52:44.196741 [debug] [Thread-1 (]: Began executing node test.netflix_analysis.not_null_dim_users_user_id.e754bb5812
[0m22:52:44.200473 [debug] [Thread-1 (]: Writing runtime sql for node "test.netflix_analysis.not_null_dim_users_user_id.e754bb5812"
[0m22:52:44.201809 [debug] [Thread-1 (]: Using snowflake connection "test.netflix_analysis.not_null_dim_users_user_id.e754bb5812"
[0m22:52:44.202173 [debug] [Thread-1 (]: On test.netflix_analysis.not_null_dim_users_user_id.e754bb5812: /* {"app": "dbt", "dbt_version": "1.9.0", "profile_name": "netflix_analysis", "target_name": "dev", "node_id": "test.netflix_analysis.not_null_dim_users_user_id.e754bb5812"} */
select
      count(*) as failures,
      count(*) != 0 as should_warn,
      count(*) != 0 as should_error
    from (
      
    
  
    
    



select user_id
from MOVIELENS.DEV.dim_users
where user_id is null



  
  
      
    ) dbt_internal_test
[0m22:52:44.322502 [debug] [Thread-1 (]: SQL status: SUCCESS 1 in 0.120 seconds
[0m22:52:44.325459 [info ] [Thread-1 (]: 4 of 12 PASS not_null_dim_users_user_id ........................................ [[32mPASS[0m in 0.14s]
[0m22:52:44.326170 [debug] [Thread-1 (]: Finished running node test.netflix_analysis.not_null_dim_users_user_id.e754bb5812
[0m22:52:44.326573 [debug] [Thread-1 (]: Began running node test.netflix_analysis.not_null_fct_genome_scores_movie_id.d1288b589a
[0m22:52:44.327028 [info ] [Thread-1 (]: 5 of 12 START test not_null_fct_genome_scores_movie_id ......................... [RUN]
[0m22:52:44.327483 [debug] [Thread-1 (]: Re-using an available connection from the pool (formerly test.netflix_analysis.not_null_dim_users_user_id.e754bb5812, now test.netflix_analysis.not_null_fct_genome_scores_movie_id.d1288b589a)
[0m22:52:44.327773 [debug] [Thread-1 (]: Began compiling node test.netflix_analysis.not_null_fct_genome_scores_movie_id.d1288b589a
[0m22:52:44.333576 [debug] [Thread-1 (]: Writing injected SQL for node "test.netflix_analysis.not_null_fct_genome_scores_movie_id.d1288b589a"
[0m22:52:44.334845 [debug] [Thread-1 (]: Began executing node test.netflix_analysis.not_null_fct_genome_scores_movie_id.d1288b589a
[0m22:52:44.339296 [debug] [Thread-1 (]: Writing runtime sql for node "test.netflix_analysis.not_null_fct_genome_scores_movie_id.d1288b589a"
[0m22:52:44.340544 [debug] [Thread-1 (]: Using snowflake connection "test.netflix_analysis.not_null_fct_genome_scores_movie_id.d1288b589a"
[0m22:52:44.340837 [debug] [Thread-1 (]: On test.netflix_analysis.not_null_fct_genome_scores_movie_id.d1288b589a: /* {"app": "dbt", "dbt_version": "1.9.0", "profile_name": "netflix_analysis", "target_name": "dev", "node_id": "test.netflix_analysis.not_null_fct_genome_scores_movie_id.d1288b589a"} */
select
      count(*) as failures,
      count(*) != 0 as should_warn,
      count(*) != 0 as should_error
    from (
      
    
  
    
    



select movie_id
from MOVIELENS.DEV.fct_genome_scores
where movie_id is null



  
  
      
    ) dbt_internal_test
[0m22:52:44.480531 [debug] [Thread-1 (]: SQL status: SUCCESS 1 in 0.139 seconds
[0m22:52:44.483981 [info ] [Thread-1 (]: 5 of 12 PASS not_null_fct_genome_scores_movie_id ............................... [[32mPASS[0m in 0.16s]
[0m22:52:44.484711 [debug] [Thread-1 (]: Finished running node test.netflix_analysis.not_null_fct_genome_scores_movie_id.d1288b589a
[0m22:52:44.485136 [debug] [Thread-1 (]: Began running node test.netflix_analysis.not_null_fct_genome_scores_relevance_score.20561448f1
[0m22:52:44.485646 [info ] [Thread-1 (]: 6 of 12 START test not_null_fct_genome_scores_relevance_score .................. [RUN]
[0m22:52:44.486171 [debug] [Thread-1 (]: Re-using an available connection from the pool (formerly test.netflix_analysis.not_null_fct_genome_scores_movie_id.d1288b589a, now test.netflix_analysis.not_null_fct_genome_scores_relevance_score.20561448f1)
[0m22:52:44.486544 [debug] [Thread-1 (]: Began compiling node test.netflix_analysis.not_null_fct_genome_scores_relevance_score.20561448f1
[0m22:52:44.496717 [debug] [Thread-1 (]: Writing injected SQL for node "test.netflix_analysis.not_null_fct_genome_scores_relevance_score.20561448f1"
[0m22:52:44.498037 [debug] [Thread-1 (]: Began executing node test.netflix_analysis.not_null_fct_genome_scores_relevance_score.20561448f1
[0m22:52:44.500987 [debug] [Thread-1 (]: Writing runtime sql for node "test.netflix_analysis.not_null_fct_genome_scores_relevance_score.20561448f1"
[0m22:52:44.501960 [debug] [Thread-1 (]: Using snowflake connection "test.netflix_analysis.not_null_fct_genome_scores_relevance_score.20561448f1"
[0m22:52:44.502289 [debug] [Thread-1 (]: On test.netflix_analysis.not_null_fct_genome_scores_relevance_score.20561448f1: /* {"app": "dbt", "dbt_version": "1.9.0", "profile_name": "netflix_analysis", "target_name": "dev", "node_id": "test.netflix_analysis.not_null_fct_genome_scores_relevance_score.20561448f1"} */
select
      count(*) as failures,
      count(*) != 0 as should_warn,
      count(*) != 0 as should_error
    from (
      
    
  
    
    



select relevance_score
from MOVIELENS.DEV.fct_genome_scores
where relevance_score is null



  
  
      
    ) dbt_internal_test
[0m22:52:44.631708 [debug] [Thread-1 (]: SQL status: SUCCESS 1 in 0.129 seconds
[0m22:52:44.634720 [info ] [Thread-1 (]: 6 of 12 PASS not_null_fct_genome_scores_relevance_score ........................ [[32mPASS[0m in 0.15s]
[0m22:52:44.635531 [debug] [Thread-1 (]: Finished running node test.netflix_analysis.not_null_fct_genome_scores_relevance_score.20561448f1
[0m22:52:44.635972 [debug] [Thread-1 (]: Began running node test.netflix_analysis.not_null_fct_genome_scores_tag_id.eb610dc620
[0m22:52:44.636454 [info ] [Thread-1 (]: 7 of 12 START test not_null_fct_genome_scores_tag_id ........................... [RUN]
[0m22:52:44.636994 [debug] [Thread-1 (]: Re-using an available connection from the pool (formerly test.netflix_analysis.not_null_fct_genome_scores_relevance_score.20561448f1, now test.netflix_analysis.not_null_fct_genome_scores_tag_id.eb610dc620)
[0m22:52:44.637354 [debug] [Thread-1 (]: Began compiling node test.netflix_analysis.not_null_fct_genome_scores_tag_id.eb610dc620
[0m22:52:44.644512 [debug] [Thread-1 (]: Writing injected SQL for node "test.netflix_analysis.not_null_fct_genome_scores_tag_id.eb610dc620"
[0m22:52:44.646007 [debug] [Thread-1 (]: Began executing node test.netflix_analysis.not_null_fct_genome_scores_tag_id.eb610dc620
[0m22:52:44.650598 [debug] [Thread-1 (]: Writing runtime sql for node "test.netflix_analysis.not_null_fct_genome_scores_tag_id.eb610dc620"
[0m22:52:44.651861 [debug] [Thread-1 (]: Using snowflake connection "test.netflix_analysis.not_null_fct_genome_scores_tag_id.eb610dc620"
[0m22:52:44.652167 [debug] [Thread-1 (]: On test.netflix_analysis.not_null_fct_genome_scores_tag_id.eb610dc620: /* {"app": "dbt", "dbt_version": "1.9.0", "profile_name": "netflix_analysis", "target_name": "dev", "node_id": "test.netflix_analysis.not_null_fct_genome_scores_tag_id.eb610dc620"} */
select
      count(*) as failures,
      count(*) != 0 as should_warn,
      count(*) != 0 as should_error
    from (
      
    
  
    
    



select tag_id
from MOVIELENS.DEV.fct_genome_scores
where tag_id is null



  
  
      
    ) dbt_internal_test
[0m22:52:44.782321 [debug] [Thread-1 (]: SQL status: SUCCESS 1 in 0.130 seconds
[0m22:52:44.786340 [info ] [Thread-1 (]: 7 of 12 PASS not_null_fct_genome_scores_tag_id ................................. [[32mPASS[0m in 0.15s]
[0m22:52:44.786987 [debug] [Thread-1 (]: Finished running node test.netflix_analysis.not_null_fct_genome_scores_tag_id.eb610dc620
[0m22:52:44.787373 [debug] [Thread-1 (]: Began running node test.netflix_analysis.not_null_fct_ratings_movie_id.68d088c553
[0m22:52:44.787842 [info ] [Thread-1 (]: 8 of 12 START test not_null_fct_ratings_movie_id ............................... [RUN]
[0m22:52:44.788321 [debug] [Thread-1 (]: Re-using an available connection from the pool (formerly test.netflix_analysis.not_null_fct_genome_scores_tag_id.eb610dc620, now test.netflix_analysis.not_null_fct_ratings_movie_id.68d088c553)
[0m22:52:44.788654 [debug] [Thread-1 (]: Began compiling node test.netflix_analysis.not_null_fct_ratings_movie_id.68d088c553
[0m22:52:44.794859 [debug] [Thread-1 (]: Writing injected SQL for node "test.netflix_analysis.not_null_fct_ratings_movie_id.68d088c553"
[0m22:52:44.795718 [debug] [Thread-1 (]: Began executing node test.netflix_analysis.not_null_fct_ratings_movie_id.68d088c553
[0m22:52:44.798141 [debug] [Thread-1 (]: Writing runtime sql for node "test.netflix_analysis.not_null_fct_ratings_movie_id.68d088c553"
[0m22:52:44.798894 [debug] [Thread-1 (]: Using snowflake connection "test.netflix_analysis.not_null_fct_ratings_movie_id.68d088c553"
[0m22:52:44.799148 [debug] [Thread-1 (]: On test.netflix_analysis.not_null_fct_ratings_movie_id.68d088c553: /* {"app": "dbt", "dbt_version": "1.9.0", "profile_name": "netflix_analysis", "target_name": "dev", "node_id": "test.netflix_analysis.not_null_fct_ratings_movie_id.68d088c553"} */
select
      count(*) as failures,
      count(*) != 0 as should_warn,
      count(*) != 0 as should_error
    from (
      
    
  
    
    



select movie_id
from MOVIELENS.DEV.fct_ratings
where movie_id is null



  
  
      
    ) dbt_internal_test
[0m22:52:44.925884 [debug] [Thread-1 (]: SQL status: SUCCESS 1 in 0.126 seconds
[0m22:52:44.928761 [info ] [Thread-1 (]: 8 of 12 PASS not_null_fct_ratings_movie_id ..................................... [[32mPASS[0m in 0.14s]
[0m22:52:44.929465 [debug] [Thread-1 (]: Finished running node test.netflix_analysis.not_null_fct_ratings_movie_id.68d088c553
[0m22:52:44.929834 [debug] [Thread-1 (]: Began running node test.netflix_analysis.not_null_fct_ratings_rating.25c6481558
[0m22:52:44.930257 [info ] [Thread-1 (]: 9 of 12 START test not_null_fct_ratings_rating ................................. [RUN]
[0m22:52:44.930715 [debug] [Thread-1 (]: Re-using an available connection from the pool (formerly test.netflix_analysis.not_null_fct_ratings_movie_id.68d088c553, now test.netflix_analysis.not_null_fct_ratings_rating.25c6481558)
[0m22:52:44.931011 [debug] [Thread-1 (]: Began compiling node test.netflix_analysis.not_null_fct_ratings_rating.25c6481558
[0m22:52:44.937620 [debug] [Thread-1 (]: Writing injected SQL for node "test.netflix_analysis.not_null_fct_ratings_rating.25c6481558"
[0m22:52:44.939144 [debug] [Thread-1 (]: Began executing node test.netflix_analysis.not_null_fct_ratings_rating.25c6481558
[0m22:52:44.945311 [debug] [Thread-1 (]: Writing runtime sql for node "test.netflix_analysis.not_null_fct_ratings_rating.25c6481558"
[0m22:52:44.946631 [debug] [Thread-1 (]: Using snowflake connection "test.netflix_analysis.not_null_fct_ratings_rating.25c6481558"
[0m22:52:44.946973 [debug] [Thread-1 (]: On test.netflix_analysis.not_null_fct_ratings_rating.25c6481558: /* {"app": "dbt", "dbt_version": "1.9.0", "profile_name": "netflix_analysis", "target_name": "dev", "node_id": "test.netflix_analysis.not_null_fct_ratings_rating.25c6481558"} */
select
      count(*) as failures,
      count(*) != 0 as should_warn,
      count(*) != 0 as should_error
    from (
      
    
  
    
    



select rating
from MOVIELENS.DEV.fct_ratings
where rating is null



  
  
      
    ) dbt_internal_test
[0m22:52:45.078222 [debug] [Thread-1 (]: SQL status: SUCCESS 1 in 0.131 seconds
[0m22:52:45.081388 [info ] [Thread-1 (]: 9 of 12 PASS not_null_fct_ratings_rating ....................................... [[32mPASS[0m in 0.15s]
[0m22:52:45.082513 [debug] [Thread-1 (]: Finished running node test.netflix_analysis.not_null_fct_ratings_rating.25c6481558
[0m22:52:45.082986 [debug] [Thread-1 (]: Began running node test.netflix_analysis.not_null_fct_ratings_user_id.652655a4cf
[0m22:52:45.083556 [info ] [Thread-1 (]: 10 of 12 START test not_null_fct_ratings_user_id ............................... [RUN]
[0m22:52:45.084249 [debug] [Thread-1 (]: Re-using an available connection from the pool (formerly test.netflix_analysis.not_null_fct_ratings_rating.25c6481558, now test.netflix_analysis.not_null_fct_ratings_user_id.652655a4cf)
[0m22:52:45.084648 [debug] [Thread-1 (]: Began compiling node test.netflix_analysis.not_null_fct_ratings_user_id.652655a4cf
[0m22:52:45.090777 [debug] [Thread-1 (]: Writing injected SQL for node "test.netflix_analysis.not_null_fct_ratings_user_id.652655a4cf"
[0m22:52:45.091731 [debug] [Thread-1 (]: Began executing node test.netflix_analysis.not_null_fct_ratings_user_id.652655a4cf
[0m22:52:45.097412 [debug] [Thread-1 (]: Writing runtime sql for node "test.netflix_analysis.not_null_fct_ratings_user_id.652655a4cf"
[0m22:52:45.098404 [debug] [Thread-1 (]: Using snowflake connection "test.netflix_analysis.not_null_fct_ratings_user_id.652655a4cf"
[0m22:52:45.098696 [debug] [Thread-1 (]: On test.netflix_analysis.not_null_fct_ratings_user_id.652655a4cf: /* {"app": "dbt", "dbt_version": "1.9.0", "profile_name": "netflix_analysis", "target_name": "dev", "node_id": "test.netflix_analysis.not_null_fct_ratings_user_id.652655a4cf"} */
select
      count(*) as failures,
      count(*) != 0 as should_warn,
      count(*) != 0 as should_error
    from (
      
    
  
    
    



select user_id
from MOVIELENS.DEV.fct_ratings
where user_id is null



  
  
      
    ) dbt_internal_test
[0m22:52:45.225425 [debug] [Thread-1 (]: SQL status: SUCCESS 1 in 0.126 seconds
[0m22:52:45.228654 [info ] [Thread-1 (]: 10 of 12 PASS not_null_fct_ratings_user_id ..................................... [[32mPASS[0m in 0.14s]
[0m22:52:45.229354 [debug] [Thread-1 (]: Finished running node test.netflix_analysis.not_null_fct_ratings_user_id.652655a4cf
[0m22:52:45.229773 [debug] [Thread-1 (]: Began running node test.netflix_analysis.not_nulls_dim_movies_movie_id.4e30074a6b
[0m22:52:45.230275 [info ] [Thread-1 (]: 11 of 12 START test not_nulls_dim_movies_movie_id .............................. [RUN]
[0m22:52:45.230800 [debug] [Thread-1 (]: Re-using an available connection from the pool (formerly test.netflix_analysis.not_null_fct_ratings_user_id.652655a4cf, now test.netflix_analysis.not_nulls_dim_movies_movie_id.4e30074a6b)
[0m22:52:45.231171 [debug] [Thread-1 (]: Began compiling node test.netflix_analysis.not_nulls_dim_movies_movie_id.4e30074a6b
[0m22:52:45.243344 [debug] [Thread-1 (]: Compilation Error in test not_nulls_dim_movies_movie_id (models/schema.yml)
  'test_not_nulls' is undefined. This can happen when calling a macro that does not exist. Check for typos and/or install package dependencies with "dbt deps".
[0m22:52:45.243984 [error] [Thread-1 (]: 11 of 12 ERROR not_nulls_dim_movies_movie_id ................................... [[31mERROR[0m in 0.01s]
[0m22:52:45.244471 [debug] [Thread-1 (]: Finished running node test.netflix_analysis.not_nulls_dim_movies_movie_id.4e30074a6b
[0m22:52:45.244831 [debug] [Thread-1 (]: Began running node test.netflix_analysis.relationships_fct_ratings_movie_id__movie_id__ref_dim_movies_.fb3ebb34b0
[0m22:52:45.245249 [debug] [Thread-4 (]: Marking all children of 'test.netflix_analysis.not_nulls_dim_movies_movie_id.4e30074a6b' to be skipped because of status 'error'.  Reason: Compilation Error in test not_nulls_dim_movies_movie_id (models/schema.yml)
  'test_not_nulls' is undefined. This can happen when calling a macro that does not exist. Check for typos and/or install package dependencies with "dbt deps"..
[0m22:52:45.245677 [info ] [Thread-1 (]: 12 of 12 START test relationships_fct_ratings_movie_id__movie_id__ref_dim_movies_  [RUN]
[0m22:52:45.246720 [debug] [Thread-1 (]: Re-using an available connection from the pool (formerly test.netflix_analysis.not_nulls_dim_movies_movie_id.4e30074a6b, now test.netflix_analysis.relationships_fct_ratings_movie_id__movie_id__ref_dim_movies_.fb3ebb34b0)
[0m22:52:45.247030 [debug] [Thread-1 (]: Began compiling node test.netflix_analysis.relationships_fct_ratings_movie_id__movie_id__ref_dim_movies_.fb3ebb34b0
[0m22:52:45.253962 [debug] [Thread-1 (]: Writing injected SQL for node "test.netflix_analysis.relationships_fct_ratings_movie_id__movie_id__ref_dim_movies_.fb3ebb34b0"
[0m22:52:45.254807 [debug] [Thread-1 (]: Began executing node test.netflix_analysis.relationships_fct_ratings_movie_id__movie_id__ref_dim_movies_.fb3ebb34b0
[0m22:52:45.256990 [debug] [Thread-1 (]: Writing runtime sql for node "test.netflix_analysis.relationships_fct_ratings_movie_id__movie_id__ref_dim_movies_.fb3ebb34b0"
[0m22:52:45.257975 [debug] [Thread-1 (]: Using snowflake connection "test.netflix_analysis.relationships_fct_ratings_movie_id__movie_id__ref_dim_movies_.fb3ebb34b0"
[0m22:52:45.258221 [debug] [Thread-1 (]: On test.netflix_analysis.relationships_fct_ratings_movie_id__movie_id__ref_dim_movies_.fb3ebb34b0: /* {"app": "dbt", "dbt_version": "1.9.0", "profile_name": "netflix_analysis", "target_name": "dev", "node_id": "test.netflix_analysis.relationships_fct_ratings_movie_id__movie_id__ref_dim_movies_.fb3ebb34b0"} */
select
      count(*) as failures,
      count(*) != 0 as should_warn,
      count(*) != 0 as should_error
    from (
      
    
  
    
    

with child as (
    select movie_id as from_field
    from MOVIELENS.DEV.fct_ratings
    where movie_id is not null
),

parent as (
    select movie_id as to_field
    from MOVIELENS.DEV.dim_movies
)

select
    from_field

from child
left join parent
    on child.from_field = parent.to_field

where parent.to_field is null



  
  
      
    ) dbt_internal_test
[0m22:52:45.389480 [debug] [Thread-1 (]: SQL status: SUCCESS 1 in 0.131 seconds
[0m22:52:45.392860 [info ] [Thread-1 (]: 12 of 12 PASS relationships_fct_ratings_movie_id__movie_id__ref_dim_movies_ .... [[32mPASS[0m in 0.15s]
[0m22:52:45.393527 [debug] [Thread-1 (]: Finished running node test.netflix_analysis.relationships_fct_ratings_movie_id__movie_id__ref_dim_movies_.fb3ebb34b0
[0m22:52:45.394888 [debug] [MainThread]: Connection 'master' was properly closed.
[0m22:52:45.395189 [debug] [MainThread]: Connection 'test.netflix_analysis.relationships_fct_ratings_movie_id__movie_id__ref_dim_movies_.fb3ebb34b0' was left open.
[0m22:52:45.395444 [debug] [MainThread]: On test.netflix_analysis.relationships_fct_ratings_movie_id__movie_id__ref_dim_movies_.fb3ebb34b0: Close
[0m22:52:45.937359 [info ] [MainThread]: 
[0m22:52:45.938218 [info ] [MainThread]: Finished running 12 data tests in 0 hours 0 minutes and 3.34 seconds (3.34s).
[0m22:52:45.940535 [debug] [MainThread]: Command end result
[0m22:52:45.969259 [debug] [MainThread]: Wrote artifact WritableManifest to /Users/sakshirai/Desktop/netflixanalysis/netflix_analysis/target/manifest.json
[0m22:52:45.970362 [debug] [MainThread]: Wrote artifact SemanticManifest to /Users/sakshirai/Desktop/netflixanalysis/netflix_analysis/target/semantic_manifest.json
[0m22:52:45.974361 [debug] [MainThread]: Wrote artifact RunExecutionResult to /Users/sakshirai/Desktop/netflixanalysis/netflix_analysis/target/run_results.json
[0m22:52:45.974546 [info ] [MainThread]: 
[0m22:52:45.974744 [info ] [MainThread]: [31mCompleted with 1 error, 0 partial successes, and 0 warnings:[0m
[0m22:52:45.974909 [info ] [MainThread]: 
[0m22:52:45.975093 [error] [MainThread]:   Compilation Error in test not_nulls_dim_movies_movie_id (models/schema.yml)
  'test_not_nulls' is undefined. This can happen when calling a macro that does not exist. Check for typos and/or install package dependencies with "dbt deps".
[0m22:52:45.975242 [info ] [MainThread]: 
[0m22:52:45.975390 [info ] [MainThread]: Done. PASS=11 WARN=0 ERROR=1 SKIP=0 TOTAL=12
[0m22:52:45.977815 [debug] [MainThread]: Resource report: {"command_name": "test", "command_success": false, "command_wall_clock_time": 3.8374953, "process_in_blocks": "0", "process_kernel_time": 0.234952, "process_mem_max_rss": "175390720", "process_out_blocks": "0", "process_user_time": 1.179817}
[0m22:52:45.978032 [debug] [MainThread]: Command `dbt test` failed at 22:52:45.977990 after 3.84 seconds
[0m22:52:45.978222 [debug] [MainThread]: Sending event: {'category': 'dbt', 'action': 'invocation', 'label': 'end', 'context': [<snowplow_tracker.self_describing_json.SelfDescribingJson object at 0x104352bd0>, <snowplow_tracker.self_describing_json.SelfDescribingJson object at 0x104352b10>, <snowplow_tracker.self_describing_json.SelfDescribingJson object at 0x10bbaf790>]}
[0m22:52:45.978408 [debug] [MainThread]: Flushing usage events
[0m22:52:46.871487 [debug] [MainThread]: An error was encountered while trying to flush usage events
[0m22:53:00.931946 [debug] [MainThread]: Sending event: {'category': 'dbt', 'action': 'invocation', 'label': 'start', 'context': [<snowplow_tracker.self_describing_json.SelfDescribingJson object at 0x105aeac10>, <snowplow_tracker.self_describing_json.SelfDescribingJson object at 0x105b5f850>, <snowplow_tracker.self_describing_json.SelfDescribingJson object at 0x105b5ff10>]}


============================== 22:53:00.933832 | e7d0e0d5-fdd0-4e43-8aa4-e4a4872add1e ==============================
[0m22:53:00.933832 [info ] [MainThread]: Running with dbt=1.9.0
[0m22:53:00.934084 [debug] [MainThread]: running dbt with arguments {'printer_width': '80', 'indirect_selection': 'eager', 'write_json': 'True', 'log_cache_events': 'False', 'partial_parse': 'True', 'cache_selected_only': 'False', 'warn_error': 'None', 'debug': 'False', 'fail_fast': 'False', 'log_path': '/Users/sakshirai/Desktop/netflixanalysis/netflix_analysis/logs', 'profiles_dir': '/Users/sakshirai/.dbt', 'version_check': 'True', 'use_colors': 'True', 'use_experimental_parser': 'False', 'empty': 'None', 'quiet': 'False', 'no_print': 'None', 'log_format': 'default', 'static_parser': 'True', 'warn_error_options': 'WarnErrorOptions(include=[], exclude=[])', 'introspect': 'True', 'target_path': 'None', 'invocation_command': 'dbt test', 'send_anonymous_usage_stats': 'True'}
[0m22:53:01.088564 [debug] [MainThread]: Sending event: {'category': 'dbt', 'action': 'project_id', 'label': 'e7d0e0d5-fdd0-4e43-8aa4-e4a4872add1e', 'context': [<snowplow_tracker.self_describing_json.SelfDescribingJson object at 0x108d38a50>]}
[0m22:53:01.106740 [debug] [MainThread]: Sending event: {'category': 'dbt', 'action': 'adapter_info', 'label': 'e7d0e0d5-fdd0-4e43-8aa4-e4a4872add1e', 'context': [<snowplow_tracker.self_describing_json.SelfDescribingJson object at 0x108bf3950>]}
[0m22:53:01.107269 [info ] [MainThread]: Registered adapter: snowflake=1.9.0
[0m22:53:01.155915 [debug] [MainThread]: checksum: c99e828bba267739642b5a3ce85f17518764ea526e0e6c4fdc649171c1a66bff, vars: {}, profile: , target: , version: 1.9.0
[0m22:53:01.197417 [info ] [MainThread]: Unable to do partial parsing because of a version mismatch
[0m22:53:01.197664 [debug] [MainThread]: Sending event: {'category': 'dbt', 'action': 'partial_parser', 'label': 'e7d0e0d5-fdd0-4e43-8aa4-e4a4872add1e', 'context': [<snowplow_tracker.self_describing_json.SelfDescribingJson object at 0x105447790>]}
[0m22:53:01.791757 [debug] [MainThread]: Sending event: {'category': 'dbt', 'action': 'load_project', 'label': 'e7d0e0d5-fdd0-4e43-8aa4-e4a4872add1e', 'context': [<snowplow_tracker.self_describing_json.SelfDescribingJson object at 0x1058ff090>]}
[0m22:53:01.825806 [debug] [MainThread]: Wrote artifact WritableManifest to /Users/sakshirai/Desktop/netflixanalysis/netflix_analysis/target/manifest.json
[0m22:53:01.831653 [debug] [MainThread]: Wrote artifact SemanticManifest to /Users/sakshirai/Desktop/netflixanalysis/netflix_analysis/target/semantic_manifest.json
[0m22:53:01.846206 [debug] [MainThread]: Sending event: {'category': 'dbt', 'action': 'resource_counts', 'label': 'e7d0e0d5-fdd0-4e43-8aa4-e4a4872add1e', 'context': [<snowplow_tracker.self_describing_json.SelfDescribingJson object at 0x10a93bd10>]}
[0m22:53:01.846398 [info ] [MainThread]: Found 14 models, 1 snapshot, 1 seed, 12 data tests, 589 macros
[0m22:53:01.846528 [debug] [MainThread]: Sending event: {'category': 'dbt', 'action': 'runnable_timing', 'label': 'e7d0e0d5-fdd0-4e43-8aa4-e4a4872add1e', 'context': [<snowplow_tracker.self_describing_json.SelfDescribingJson object at 0x109019a90>]}
[0m22:53:01.847424 [info ] [MainThread]: 
[0m22:53:01.847565 [info ] [MainThread]: Concurrency: 1 threads (target='dev')
[0m22:53:01.847667 [info ] [MainThread]: 
[0m22:53:01.847844 [debug] [MainThread]: Acquiring new snowflake connection 'master'
[0m22:53:01.849781 [debug] [ThreadPool]: Acquiring new snowflake connection 'list_MOVIELENS_snapshots'
[0m22:53:01.875739 [debug] [ThreadPool]: Using snowflake connection "list_MOVIELENS_snapshots"
[0m22:53:01.875917 [debug] [ThreadPool]: On list_MOVIELENS_snapshots: /* {"app": "dbt", "dbt_version": "1.9.0", "profile_name": "netflix_analysis", "target_name": "dev", "connection_name": "list_MOVIELENS_snapshots"} */
show objects in MOVIELENS.snapshots limit 10000;
[0m22:53:01.876024 [debug] [ThreadPool]: Opening a new connection, currently in state init
[0m22:53:02.817741 [debug] [ThreadPool]: SQL status: SUCCESS 1 in 0.941 seconds
[0m22:53:02.821245 [debug] [ThreadPool]: Re-using an available connection from the pool (formerly list_MOVIELENS_snapshots, now list_MOVIELENS_DEV)
[0m22:53:02.826445 [debug] [ThreadPool]: Using snowflake connection "list_MOVIELENS_DEV"
[0m22:53:02.827010 [debug] [ThreadPool]: On list_MOVIELENS_DEV: /* {"app": "dbt", "dbt_version": "1.9.0", "profile_name": "netflix_analysis", "target_name": "dev", "connection_name": "list_MOVIELENS_DEV"} */
show objects in MOVIELENS.DEV limit 10000;
[0m22:53:02.997386 [debug] [ThreadPool]: SQL status: SUCCESS 14 in 0.170 seconds
[0m22:53:03.003247 [debug] [MainThread]: Sending event: {'category': 'dbt', 'action': 'runnable_timing', 'label': 'e7d0e0d5-fdd0-4e43-8aa4-e4a4872add1e', 'context': [<snowplow_tracker.self_describing_json.SelfDescribingJson object at 0x10916c490>]}
[0m22:53:03.005565 [debug] [Thread-1 (]: Began running node test.netflix_analysis.not_null_dim_genome_tags_tag_id.f11f861a5f
[0m22:53:03.006009 [info ] [Thread-1 (]: 1 of 12 START test not_null_dim_genome_tags_tag_id ............................. [RUN]
[0m22:53:03.006476 [debug] [Thread-1 (]: Re-using an available connection from the pool (formerly list_MOVIELENS_DEV, now test.netflix_analysis.not_null_dim_genome_tags_tag_id.f11f861a5f)
[0m22:53:03.006802 [debug] [Thread-1 (]: Began compiling node test.netflix_analysis.not_null_dim_genome_tags_tag_id.f11f861a5f
[0m22:53:03.022437 [debug] [Thread-1 (]: Writing injected SQL for node "test.netflix_analysis.not_null_dim_genome_tags_tag_id.f11f861a5f"
[0m22:53:03.023397 [debug] [Thread-1 (]: Began executing node test.netflix_analysis.not_null_dim_genome_tags_tag_id.f11f861a5f
[0m22:53:03.038227 [debug] [Thread-1 (]: Writing runtime sql for node "test.netflix_analysis.not_null_dim_genome_tags_tag_id.f11f861a5f"
[0m22:53:03.038983 [debug] [Thread-1 (]: Using snowflake connection "test.netflix_analysis.not_null_dim_genome_tags_tag_id.f11f861a5f"
[0m22:53:03.039204 [debug] [Thread-1 (]: On test.netflix_analysis.not_null_dim_genome_tags_tag_id.f11f861a5f: /* {"app": "dbt", "dbt_version": "1.9.0", "profile_name": "netflix_analysis", "target_name": "dev", "node_id": "test.netflix_analysis.not_null_dim_genome_tags_tag_id.f11f861a5f"} */
select
      count(*) as failures,
      count(*) != 0 as should_warn,
      count(*) != 0 as should_error
    from (
      
    
  
    
    



select tag_id
from MOVIELENS.DEV.dim_genome_tags
where tag_id is null



  
  
      
    ) dbt_internal_test
[0m22:53:03.161036 [debug] [Thread-1 (]: SQL status: SUCCESS 1 in 0.121 seconds
[0m22:53:03.172124 [info ] [Thread-1 (]: 1 of 12 PASS not_null_dim_genome_tags_tag_id ................................... [[32mPASS[0m in 0.17s]
[0m22:53:03.173121 [debug] [Thread-1 (]: Finished running node test.netflix_analysis.not_null_dim_genome_tags_tag_id.f11f861a5f
[0m22:53:03.173568 [debug] [Thread-1 (]: Began running node test.netflix_analysis.not_null_dim_genome_tags_tag_name.27503c0804
[0m22:53:03.174084 [info ] [Thread-1 (]: 2 of 12 START test not_null_dim_genome_tags_tag_name ........................... [RUN]
[0m22:53:03.174752 [debug] [Thread-1 (]: Re-using an available connection from the pool (formerly test.netflix_analysis.not_null_dim_genome_tags_tag_id.f11f861a5f, now test.netflix_analysis.not_null_dim_genome_tags_tag_name.27503c0804)
[0m22:53:03.175171 [debug] [Thread-1 (]: Began compiling node test.netflix_analysis.not_null_dim_genome_tags_tag_name.27503c0804
[0m22:53:03.181853 [debug] [Thread-1 (]: Writing injected SQL for node "test.netflix_analysis.not_null_dim_genome_tags_tag_name.27503c0804"
[0m22:53:03.182835 [debug] [Thread-1 (]: Began executing node test.netflix_analysis.not_null_dim_genome_tags_tag_name.27503c0804
[0m22:53:03.185966 [debug] [Thread-1 (]: Writing runtime sql for node "test.netflix_analysis.not_null_dim_genome_tags_tag_name.27503c0804"
[0m22:53:03.187051 [debug] [Thread-1 (]: Using snowflake connection "test.netflix_analysis.not_null_dim_genome_tags_tag_name.27503c0804"
[0m22:53:03.187357 [debug] [Thread-1 (]: On test.netflix_analysis.not_null_dim_genome_tags_tag_name.27503c0804: /* {"app": "dbt", "dbt_version": "1.9.0", "profile_name": "netflix_analysis", "target_name": "dev", "node_id": "test.netflix_analysis.not_null_dim_genome_tags_tag_name.27503c0804"} */
select
      count(*) as failures,
      count(*) != 0 as should_warn,
      count(*) != 0 as should_error
    from (
      
    
  
    
    



select tag_name
from MOVIELENS.DEV.dim_genome_tags
where tag_name is null



  
  
      
    ) dbt_internal_test
[0m22:53:03.313090 [debug] [Thread-1 (]: SQL status: SUCCESS 1 in 0.125 seconds
[0m22:53:03.316810 [info ] [Thread-1 (]: 2 of 12 PASS not_null_dim_genome_tags_tag_name ................................. [[32mPASS[0m in 0.14s]
[0m22:53:03.317522 [debug] [Thread-1 (]: Finished running node test.netflix_analysis.not_null_dim_genome_tags_tag_name.27503c0804
[0m22:53:03.317951 [debug] [Thread-1 (]: Began running node test.netflix_analysis.not_null_dim_movies_movie_id.0f96ca970d
[0m22:53:03.318460 [info ] [Thread-1 (]: 3 of 12 START test not_null_dim_movies_movie_id ................................ [RUN]
[0m22:53:03.318995 [debug] [Thread-1 (]: Re-using an available connection from the pool (formerly test.netflix_analysis.not_null_dim_genome_tags_tag_name.27503c0804, now test.netflix_analysis.not_null_dim_movies_movie_id.0f96ca970d)
[0m22:53:03.319357 [debug] [Thread-1 (]: Began compiling node test.netflix_analysis.not_null_dim_movies_movie_id.0f96ca970d
[0m22:53:03.325903 [debug] [Thread-1 (]: Writing injected SQL for node "test.netflix_analysis.not_null_dim_movies_movie_id.0f96ca970d"
[0m22:53:03.326997 [debug] [Thread-1 (]: Began executing node test.netflix_analysis.not_null_dim_movies_movie_id.0f96ca970d
[0m22:53:03.330695 [debug] [Thread-1 (]: Writing runtime sql for node "test.netflix_analysis.not_null_dim_movies_movie_id.0f96ca970d"
[0m22:53:03.331826 [debug] [Thread-1 (]: Using snowflake connection "test.netflix_analysis.not_null_dim_movies_movie_id.0f96ca970d"
[0m22:53:03.332175 [debug] [Thread-1 (]: On test.netflix_analysis.not_null_dim_movies_movie_id.0f96ca970d: /* {"app": "dbt", "dbt_version": "1.9.0", "profile_name": "netflix_analysis", "target_name": "dev", "node_id": "test.netflix_analysis.not_null_dim_movies_movie_id.0f96ca970d"} */
select
      count(*) as failures,
      count(*) != 0 as should_warn,
      count(*) != 0 as should_error
    from (
      
    
  
    
    



select movie_id
from MOVIELENS.DEV.dim_movies
where movie_id is null



  
  
      
    ) dbt_internal_test
[0m22:53:03.496683 [debug] [Thread-1 (]: SQL status: SUCCESS 1 in 0.164 seconds
[0m22:53:03.500540 [info ] [Thread-1 (]: 3 of 12 PASS not_null_dim_movies_movie_id ...................................... [[32mPASS[0m in 0.18s]
[0m22:53:03.501290 [debug] [Thread-1 (]: Finished running node test.netflix_analysis.not_null_dim_movies_movie_id.0f96ca970d
[0m22:53:03.501718 [debug] [Thread-1 (]: Began running node test.netflix_analysis.not_null_dim_movies_movie_title.0206534c81
[0m22:53:03.502227 [info ] [Thread-1 (]: 4 of 12 START test not_null_dim_movies_movie_title ............................. [RUN]
[0m22:53:03.502777 [debug] [Thread-1 (]: Re-using an available connection from the pool (formerly test.netflix_analysis.not_null_dim_movies_movie_id.0f96ca970d, now test.netflix_analysis.not_null_dim_movies_movie_title.0206534c81)
[0m22:53:03.503136 [debug] [Thread-1 (]: Began compiling node test.netflix_analysis.not_null_dim_movies_movie_title.0206534c81
[0m22:53:03.509687 [debug] [Thread-1 (]: Writing injected SQL for node "test.netflix_analysis.not_null_dim_movies_movie_title.0206534c81"
[0m22:53:03.510908 [debug] [Thread-1 (]: Began executing node test.netflix_analysis.not_null_dim_movies_movie_title.0206534c81
[0m22:53:03.514727 [debug] [Thread-1 (]: Writing runtime sql for node "test.netflix_analysis.not_null_dim_movies_movie_title.0206534c81"
[0m22:53:03.516079 [debug] [Thread-1 (]: Using snowflake connection "test.netflix_analysis.not_null_dim_movies_movie_title.0206534c81"
[0m22:53:03.516509 [debug] [Thread-1 (]: On test.netflix_analysis.not_null_dim_movies_movie_title.0206534c81: /* {"app": "dbt", "dbt_version": "1.9.0", "profile_name": "netflix_analysis", "target_name": "dev", "node_id": "test.netflix_analysis.not_null_dim_movies_movie_title.0206534c81"} */
select
      count(*) as failures,
      count(*) != 0 as should_warn,
      count(*) != 0 as should_error
    from (
      
    
  
    
    



select movie_title
from MOVIELENS.DEV.dim_movies
where movie_title is null



  
  
      
    ) dbt_internal_test
[0m22:53:03.637825 [debug] [Thread-1 (]: SQL status: SUCCESS 1 in 0.121 seconds
[0m22:53:03.638755 [info ] [Thread-1 (]: 4 of 12 PASS not_null_dim_movies_movie_title ................................... [[32mPASS[0m in 0.14s]
[0m22:53:03.638971 [debug] [Thread-1 (]: Finished running node test.netflix_analysis.not_null_dim_movies_movie_title.0206534c81
[0m22:53:03.639111 [debug] [Thread-1 (]: Began running node test.netflix_analysis.not_null_dim_users_user_id.e754bb5812
[0m22:53:03.639295 [info ] [Thread-1 (]: 5 of 12 START test not_null_dim_users_user_id .................................. [RUN]
[0m22:53:03.639502 [debug] [Thread-1 (]: Re-using an available connection from the pool (formerly test.netflix_analysis.not_null_dim_movies_movie_title.0206534c81, now test.netflix_analysis.not_null_dim_users_user_id.e754bb5812)
[0m22:53:03.639641 [debug] [Thread-1 (]: Began compiling node test.netflix_analysis.not_null_dim_users_user_id.e754bb5812
[0m22:53:03.642132 [debug] [Thread-1 (]: Writing injected SQL for node "test.netflix_analysis.not_null_dim_users_user_id.e754bb5812"
[0m22:53:03.642467 [debug] [Thread-1 (]: Began executing node test.netflix_analysis.not_null_dim_users_user_id.e754bb5812
[0m22:53:03.643490 [debug] [Thread-1 (]: Writing runtime sql for node "test.netflix_analysis.not_null_dim_users_user_id.e754bb5812"
[0m22:53:03.643841 [debug] [Thread-1 (]: Using snowflake connection "test.netflix_analysis.not_null_dim_users_user_id.e754bb5812"
[0m22:53:03.643971 [debug] [Thread-1 (]: On test.netflix_analysis.not_null_dim_users_user_id.e754bb5812: /* {"app": "dbt", "dbt_version": "1.9.0", "profile_name": "netflix_analysis", "target_name": "dev", "node_id": "test.netflix_analysis.not_null_dim_users_user_id.e754bb5812"} */
select
      count(*) as failures,
      count(*) != 0 as should_warn,
      count(*) != 0 as should_error
    from (
      
    
  
    
    



select user_id
from MOVIELENS.DEV.dim_users
where user_id is null



  
  
      
    ) dbt_internal_test
[0m22:53:03.769449 [debug] [Thread-1 (]: SQL status: SUCCESS 1 in 0.125 seconds
[0m22:53:03.770327 [info ] [Thread-1 (]: 5 of 12 PASS not_null_dim_users_user_id ........................................ [[32mPASS[0m in 0.13s]
[0m22:53:03.770546 [debug] [Thread-1 (]: Finished running node test.netflix_analysis.not_null_dim_users_user_id.e754bb5812
[0m22:53:03.770691 [debug] [Thread-1 (]: Began running node test.netflix_analysis.not_null_fct_genome_scores_movie_id.d1288b589a
[0m22:53:03.770820 [info ] [Thread-1 (]: 6 of 12 START test not_null_fct_genome_scores_movie_id ......................... [RUN]
[0m22:53:03.771023 [debug] [Thread-1 (]: Re-using an available connection from the pool (formerly test.netflix_analysis.not_null_dim_users_user_id.e754bb5812, now test.netflix_analysis.not_null_fct_genome_scores_movie_id.d1288b589a)
[0m22:53:03.771172 [debug] [Thread-1 (]: Began compiling node test.netflix_analysis.not_null_fct_genome_scores_movie_id.d1288b589a
[0m22:53:03.772860 [debug] [Thread-1 (]: Writing injected SQL for node "test.netflix_analysis.not_null_fct_genome_scores_movie_id.d1288b589a"
[0m22:53:03.773197 [debug] [Thread-1 (]: Began executing node test.netflix_analysis.not_null_fct_genome_scores_movie_id.d1288b589a
[0m22:53:03.774331 [debug] [Thread-1 (]: Writing runtime sql for node "test.netflix_analysis.not_null_fct_genome_scores_movie_id.d1288b589a"
[0m22:53:03.774684 [debug] [Thread-1 (]: Using snowflake connection "test.netflix_analysis.not_null_fct_genome_scores_movie_id.d1288b589a"
[0m22:53:03.774805 [debug] [Thread-1 (]: On test.netflix_analysis.not_null_fct_genome_scores_movie_id.d1288b589a: /* {"app": "dbt", "dbt_version": "1.9.0", "profile_name": "netflix_analysis", "target_name": "dev", "node_id": "test.netflix_analysis.not_null_fct_genome_scores_movie_id.d1288b589a"} */
select
      count(*) as failures,
      count(*) != 0 as should_warn,
      count(*) != 0 as should_error
    from (
      
    
  
    
    



select movie_id
from MOVIELENS.DEV.fct_genome_scores
where movie_id is null



  
  
      
    ) dbt_internal_test
[0m22:53:03.901348 [debug] [Thread-1 (]: SQL status: SUCCESS 1 in 0.126 seconds
[0m22:53:03.902226 [info ] [Thread-1 (]: 6 of 12 PASS not_null_fct_genome_scores_movie_id ............................... [[32mPASS[0m in 0.13s]
[0m22:53:03.902447 [debug] [Thread-1 (]: Finished running node test.netflix_analysis.not_null_fct_genome_scores_movie_id.d1288b589a
[0m22:53:03.902589 [debug] [Thread-1 (]: Began running node test.netflix_analysis.not_null_fct_genome_scores_relevance_score.20561448f1
[0m22:53:03.902764 [info ] [Thread-1 (]: 7 of 12 START test not_null_fct_genome_scores_relevance_score .................. [RUN]
[0m22:53:03.902960 [debug] [Thread-1 (]: Re-using an available connection from the pool (formerly test.netflix_analysis.not_null_fct_genome_scores_movie_id.d1288b589a, now test.netflix_analysis.not_null_fct_genome_scores_relevance_score.20561448f1)
[0m22:53:03.903098 [debug] [Thread-1 (]: Began compiling node test.netflix_analysis.not_null_fct_genome_scores_relevance_score.20561448f1
[0m22:53:03.904785 [debug] [Thread-1 (]: Writing injected SQL for node "test.netflix_analysis.not_null_fct_genome_scores_relevance_score.20561448f1"
[0m22:53:03.905110 [debug] [Thread-1 (]: Began executing node test.netflix_analysis.not_null_fct_genome_scores_relevance_score.20561448f1
[0m22:53:03.906124 [debug] [Thread-1 (]: Writing runtime sql for node "test.netflix_analysis.not_null_fct_genome_scores_relevance_score.20561448f1"
[0m22:53:03.906483 [debug] [Thread-1 (]: Using snowflake connection "test.netflix_analysis.not_null_fct_genome_scores_relevance_score.20561448f1"
[0m22:53:03.906612 [debug] [Thread-1 (]: On test.netflix_analysis.not_null_fct_genome_scores_relevance_score.20561448f1: /* {"app": "dbt", "dbt_version": "1.9.0", "profile_name": "netflix_analysis", "target_name": "dev", "node_id": "test.netflix_analysis.not_null_fct_genome_scores_relevance_score.20561448f1"} */
select
      count(*) as failures,
      count(*) != 0 as should_warn,
      count(*) != 0 as should_error
    from (
      
    
  
    
    



select relevance_score
from MOVIELENS.DEV.fct_genome_scores
where relevance_score is null



  
  
      
    ) dbt_internal_test
[0m22:53:04.033482 [debug] [Thread-1 (]: SQL status: SUCCESS 1 in 0.127 seconds
[0m22:53:04.034299 [info ] [Thread-1 (]: 7 of 12 PASS not_null_fct_genome_scores_relevance_score ........................ [[32mPASS[0m in 0.13s]
[0m22:53:04.034549 [debug] [Thread-1 (]: Finished running node test.netflix_analysis.not_null_fct_genome_scores_relevance_score.20561448f1
[0m22:53:04.034688 [debug] [Thread-1 (]: Began running node test.netflix_analysis.not_null_fct_genome_scores_tag_id.eb610dc620
[0m22:53:04.034856 [info ] [Thread-1 (]: 8 of 12 START test not_null_fct_genome_scores_tag_id ........................... [RUN]
[0m22:53:04.035065 [debug] [Thread-1 (]: Re-using an available connection from the pool (formerly test.netflix_analysis.not_null_fct_genome_scores_relevance_score.20561448f1, now test.netflix_analysis.not_null_fct_genome_scores_tag_id.eb610dc620)
[0m22:53:04.035196 [debug] [Thread-1 (]: Began compiling node test.netflix_analysis.not_null_fct_genome_scores_tag_id.eb610dc620
[0m22:53:04.036743 [debug] [Thread-1 (]: Writing injected SQL for node "test.netflix_analysis.not_null_fct_genome_scores_tag_id.eb610dc620"
[0m22:53:04.037046 [debug] [Thread-1 (]: Began executing node test.netflix_analysis.not_null_fct_genome_scores_tag_id.eb610dc620
[0m22:53:04.037981 [debug] [Thread-1 (]: Writing runtime sql for node "test.netflix_analysis.not_null_fct_genome_scores_tag_id.eb610dc620"
[0m22:53:04.038314 [debug] [Thread-1 (]: Using snowflake connection "test.netflix_analysis.not_null_fct_genome_scores_tag_id.eb610dc620"
[0m22:53:04.038433 [debug] [Thread-1 (]: On test.netflix_analysis.not_null_fct_genome_scores_tag_id.eb610dc620: /* {"app": "dbt", "dbt_version": "1.9.0", "profile_name": "netflix_analysis", "target_name": "dev", "node_id": "test.netflix_analysis.not_null_fct_genome_scores_tag_id.eb610dc620"} */
select
      count(*) as failures,
      count(*) != 0 as should_warn,
      count(*) != 0 as should_error
    from (
      
    
  
    
    



select tag_id
from MOVIELENS.DEV.fct_genome_scores
where tag_id is null



  
  
      
    ) dbt_internal_test
[0m22:53:04.162119 [debug] [Thread-1 (]: SQL status: SUCCESS 1 in 0.123 seconds
[0m22:53:04.163487 [info ] [Thread-1 (]: 8 of 12 PASS not_null_fct_genome_scores_tag_id ................................. [[32mPASS[0m in 0.13s]
[0m22:53:04.163821 [debug] [Thread-1 (]: Finished running node test.netflix_analysis.not_null_fct_genome_scores_tag_id.eb610dc620
[0m22:53:04.164027 [debug] [Thread-1 (]: Began running node test.netflix_analysis.not_null_fct_ratings_movie_id.68d088c553
[0m22:53:04.164291 [info ] [Thread-1 (]: 9 of 12 START test not_null_fct_ratings_movie_id ............................... [RUN]
[0m22:53:04.164577 [debug] [Thread-1 (]: Re-using an available connection from the pool (formerly test.netflix_analysis.not_null_fct_genome_scores_tag_id.eb610dc620, now test.netflix_analysis.not_null_fct_ratings_movie_id.68d088c553)
[0m22:53:04.164762 [debug] [Thread-1 (]: Began compiling node test.netflix_analysis.not_null_fct_ratings_movie_id.68d088c553
[0m22:53:04.167140 [debug] [Thread-1 (]: Writing injected SQL for node "test.netflix_analysis.not_null_fct_ratings_movie_id.68d088c553"
[0m22:53:04.167573 [debug] [Thread-1 (]: Began executing node test.netflix_analysis.not_null_fct_ratings_movie_id.68d088c553
[0m22:53:04.170460 [debug] [Thread-1 (]: Writing runtime sql for node "test.netflix_analysis.not_null_fct_ratings_movie_id.68d088c553"
[0m22:53:04.171006 [debug] [Thread-1 (]: Using snowflake connection "test.netflix_analysis.not_null_fct_ratings_movie_id.68d088c553"
[0m22:53:04.171174 [debug] [Thread-1 (]: On test.netflix_analysis.not_null_fct_ratings_movie_id.68d088c553: /* {"app": "dbt", "dbt_version": "1.9.0", "profile_name": "netflix_analysis", "target_name": "dev", "node_id": "test.netflix_analysis.not_null_fct_ratings_movie_id.68d088c553"} */
select
      count(*) as failures,
      count(*) != 0 as should_warn,
      count(*) != 0 as should_error
    from (
      
    
  
    
    



select movie_id
from MOVIELENS.DEV.fct_ratings
where movie_id is null



  
  
      
    ) dbt_internal_test
[0m22:53:04.290683 [debug] [Thread-1 (]: SQL status: SUCCESS 1 in 0.119 seconds
[0m22:53:04.293543 [info ] [Thread-1 (]: 9 of 12 PASS not_null_fct_ratings_movie_id ..................................... [[32mPASS[0m in 0.13s]
[0m22:53:04.294179 [debug] [Thread-1 (]: Finished running node test.netflix_analysis.not_null_fct_ratings_movie_id.68d088c553
[0m22:53:04.294527 [debug] [Thread-1 (]: Began running node test.netflix_analysis.not_null_fct_ratings_rating.25c6481558
[0m22:53:04.294923 [info ] [Thread-1 (]: 10 of 12 START test not_null_fct_ratings_rating ................................ [RUN]
[0m22:53:04.295361 [debug] [Thread-1 (]: Re-using an available connection from the pool (formerly test.netflix_analysis.not_null_fct_ratings_movie_id.68d088c553, now test.netflix_analysis.not_null_fct_ratings_rating.25c6481558)
[0m22:53:04.295677 [debug] [Thread-1 (]: Began compiling node test.netflix_analysis.not_null_fct_ratings_rating.25c6481558
[0m22:53:04.300449 [debug] [Thread-1 (]: Writing injected SQL for node "test.netflix_analysis.not_null_fct_ratings_rating.25c6481558"
[0m22:53:04.301150 [debug] [Thread-1 (]: Began executing node test.netflix_analysis.not_null_fct_ratings_rating.25c6481558
[0m22:53:04.303841 [debug] [Thread-1 (]: Writing runtime sql for node "test.netflix_analysis.not_null_fct_ratings_rating.25c6481558"
[0m22:53:04.304742 [debug] [Thread-1 (]: Using snowflake connection "test.netflix_analysis.not_null_fct_ratings_rating.25c6481558"
[0m22:53:04.305041 [debug] [Thread-1 (]: On test.netflix_analysis.not_null_fct_ratings_rating.25c6481558: /* {"app": "dbt", "dbt_version": "1.9.0", "profile_name": "netflix_analysis", "target_name": "dev", "node_id": "test.netflix_analysis.not_null_fct_ratings_rating.25c6481558"} */
select
      count(*) as failures,
      count(*) != 0 as should_warn,
      count(*) != 0 as should_error
    from (
      
    
  
    
    



select rating
from MOVIELENS.DEV.fct_ratings
where rating is null



  
  
      
    ) dbt_internal_test
[0m22:53:04.433142 [debug] [Thread-1 (]: SQL status: SUCCESS 1 in 0.128 seconds
[0m22:53:04.436257 [info ] [Thread-1 (]: 10 of 12 PASS not_null_fct_ratings_rating ...................................... [[32mPASS[0m in 0.14s]
[0m22:53:04.436863 [debug] [Thread-1 (]: Finished running node test.netflix_analysis.not_null_fct_ratings_rating.25c6481558
[0m22:53:04.437241 [debug] [Thread-1 (]: Began running node test.netflix_analysis.not_null_fct_ratings_user_id.652655a4cf
[0m22:53:04.437701 [info ] [Thread-1 (]: 11 of 12 START test not_null_fct_ratings_user_id ............................... [RUN]
[0m22:53:04.438158 [debug] [Thread-1 (]: Re-using an available connection from the pool (formerly test.netflix_analysis.not_null_fct_ratings_rating.25c6481558, now test.netflix_analysis.not_null_fct_ratings_user_id.652655a4cf)
[0m22:53:04.438460 [debug] [Thread-1 (]: Began compiling node test.netflix_analysis.not_null_fct_ratings_user_id.652655a4cf
[0m22:53:04.442287 [debug] [Thread-1 (]: Writing injected SQL for node "test.netflix_analysis.not_null_fct_ratings_user_id.652655a4cf"
[0m22:53:04.443187 [debug] [Thread-1 (]: Began executing node test.netflix_analysis.not_null_fct_ratings_user_id.652655a4cf
[0m22:53:04.445563 [debug] [Thread-1 (]: Writing runtime sql for node "test.netflix_analysis.not_null_fct_ratings_user_id.652655a4cf"
[0m22:53:04.446511 [debug] [Thread-1 (]: Using snowflake connection "test.netflix_analysis.not_null_fct_ratings_user_id.652655a4cf"
[0m22:53:04.446782 [debug] [Thread-1 (]: On test.netflix_analysis.not_null_fct_ratings_user_id.652655a4cf: /* {"app": "dbt", "dbt_version": "1.9.0", "profile_name": "netflix_analysis", "target_name": "dev", "node_id": "test.netflix_analysis.not_null_fct_ratings_user_id.652655a4cf"} */
select
      count(*) as failures,
      count(*) != 0 as should_warn,
      count(*) != 0 as should_error
    from (
      
    
  
    
    



select user_id
from MOVIELENS.DEV.fct_ratings
where user_id is null



  
  
      
    ) dbt_internal_test
[0m22:53:04.572853 [debug] [Thread-1 (]: SQL status: SUCCESS 1 in 0.126 seconds
[0m22:53:04.576640 [info ] [Thread-1 (]: 11 of 12 PASS not_null_fct_ratings_user_id ..................................... [[32mPASS[0m in 0.14s]
[0m22:53:04.577440 [debug] [Thread-1 (]: Finished running node test.netflix_analysis.not_null_fct_ratings_user_id.652655a4cf
[0m22:53:04.577863 [debug] [Thread-1 (]: Began running node test.netflix_analysis.relationships_fct_ratings_movie_id__movie_id__ref_dim_movies_.fb3ebb34b0
[0m22:53:04.578342 [info ] [Thread-1 (]: 12 of 12 START test relationships_fct_ratings_movie_id__movie_id__ref_dim_movies_  [RUN]
[0m22:53:04.578866 [debug] [Thread-1 (]: Re-using an available connection from the pool (formerly test.netflix_analysis.not_null_fct_ratings_user_id.652655a4cf, now test.netflix_analysis.relationships_fct_ratings_movie_id__movie_id__ref_dim_movies_.fb3ebb34b0)
[0m22:53:04.579241 [debug] [Thread-1 (]: Began compiling node test.netflix_analysis.relationships_fct_ratings_movie_id__movie_id__ref_dim_movies_.fb3ebb34b0
[0m22:53:04.586812 [debug] [Thread-1 (]: Writing injected SQL for node "test.netflix_analysis.relationships_fct_ratings_movie_id__movie_id__ref_dim_movies_.fb3ebb34b0"
[0m22:53:04.588095 [debug] [Thread-1 (]: Began executing node test.netflix_analysis.relationships_fct_ratings_movie_id__movie_id__ref_dim_movies_.fb3ebb34b0
[0m22:53:04.592017 [debug] [Thread-1 (]: Writing runtime sql for node "test.netflix_analysis.relationships_fct_ratings_movie_id__movie_id__ref_dim_movies_.fb3ebb34b0"
[0m22:53:04.593399 [debug] [Thread-1 (]: Using snowflake connection "test.netflix_analysis.relationships_fct_ratings_movie_id__movie_id__ref_dim_movies_.fb3ebb34b0"
[0m22:53:04.593752 [debug] [Thread-1 (]: On test.netflix_analysis.relationships_fct_ratings_movie_id__movie_id__ref_dim_movies_.fb3ebb34b0: /* {"app": "dbt", "dbt_version": "1.9.0", "profile_name": "netflix_analysis", "target_name": "dev", "node_id": "test.netflix_analysis.relationships_fct_ratings_movie_id__movie_id__ref_dim_movies_.fb3ebb34b0"} */
select
      count(*) as failures,
      count(*) != 0 as should_warn,
      count(*) != 0 as should_error
    from (
      
    
  
    
    

with child as (
    select movie_id as from_field
    from MOVIELENS.DEV.fct_ratings
    where movie_id is not null
),

parent as (
    select movie_id as to_field
    from MOVIELENS.DEV.dim_movies
)

select
    from_field

from child
left join parent
    on child.from_field = parent.to_field

where parent.to_field is null



  
  
      
    ) dbt_internal_test
[0m22:53:04.724825 [debug] [Thread-1 (]: SQL status: SUCCESS 1 in 0.130 seconds
[0m22:53:04.728366 [info ] [Thread-1 (]: 12 of 12 PASS relationships_fct_ratings_movie_id__movie_id__ref_dim_movies_ .... [[32mPASS[0m in 0.15s]
[0m22:53:04.729052 [debug] [Thread-1 (]: Finished running node test.netflix_analysis.relationships_fct_ratings_movie_id__movie_id__ref_dim_movies_.fb3ebb34b0
[0m22:53:04.730691 [debug] [MainThread]: Connection 'master' was properly closed.
[0m22:53:04.731059 [debug] [MainThread]: Connection 'test.netflix_analysis.relationships_fct_ratings_movie_id__movie_id__ref_dim_movies_.fb3ebb34b0' was left open.
[0m22:53:04.731375 [debug] [MainThread]: On test.netflix_analysis.relationships_fct_ratings_movie_id__movie_id__ref_dim_movies_.fb3ebb34b0: Close
[0m22:53:04.954291 [info ] [MainThread]: 
[0m22:53:04.955152 [info ] [MainThread]: Finished running 12 data tests in 0 hours 0 minutes and 3.11 seconds (3.11s).
[0m22:53:04.957049 [debug] [MainThread]: Command end result
[0m22:53:04.981426 [debug] [MainThread]: Wrote artifact WritableManifest to /Users/sakshirai/Desktop/netflixanalysis/netflix_analysis/target/manifest.json
[0m22:53:04.982597 [debug] [MainThread]: Wrote artifact SemanticManifest to /Users/sakshirai/Desktop/netflixanalysis/netflix_analysis/target/semantic_manifest.json
[0m22:53:04.986356 [debug] [MainThread]: Wrote artifact RunExecutionResult to /Users/sakshirai/Desktop/netflixanalysis/netflix_analysis/target/run_results.json
[0m22:53:04.986542 [info ] [MainThread]: 
[0m22:53:04.986739 [info ] [MainThread]: [32mCompleted successfully[0m
[0m22:53:04.986895 [info ] [MainThread]: 
[0m22:53:04.987059 [info ] [MainThread]: Done. PASS=12 WARN=0 ERROR=0 SKIP=0 TOTAL=12
[0m22:53:04.989464 [debug] [MainThread]: Resource report: {"command_name": "test", "command_success": true, "command_wall_clock_time": 4.0808053, "process_in_blocks": "0", "process_kernel_time": 0.216469, "process_mem_max_rss": "182796288", "process_out_blocks": "0", "process_user_time": 1.677301}
[0m22:53:04.989693 [debug] [MainThread]: Command `dbt test` succeeded at 22:53:04.989652 after 4.08 seconds
[0m22:53:04.989888 [debug] [MainThread]: Sending event: {'category': 'dbt', 'action': 'invocation', 'label': 'end', 'context': [<snowplow_tracker.self_describing_json.SelfDescribingJson object at 0x105afca50>, <snowplow_tracker.self_describing_json.SelfDescribingJson object at 0x105aeae90>, <snowplow_tracker.self_describing_json.SelfDescribingJson object at 0x105ae8790>]}
[0m22:53:04.990071 [debug] [MainThread]: Flushing usage events
[0m22:53:05.966792 [debug] [MainThread]: An error was encountered while trying to flush usage events
[0m00:03:02.807729 [debug] [MainThread]: Sending event: {'category': 'dbt', 'action': 'invocation', 'label': 'start', 'context': [<snowplow_tracker.self_describing_json.SelfDescribingJson object at 0x104bf3a50>, <snowplow_tracker.self_describing_json.SelfDescribingJson object at 0x104c53f10>, <snowplow_tracker.self_describing_json.SelfDescribingJson object at 0x104c53fd0>]}


============================== 00:03:02.811909 | 79e408ee-682a-4b45-ab53-45a4b67a66ec ==============================
[0m00:03:02.811909 [info ] [MainThread]: Running with dbt=1.9.0
[0m00:03:02.812161 [debug] [MainThread]: running dbt with arguments {'printer_width': '80', 'indirect_selection': 'eager', 'write_json': 'True', 'log_cache_events': 'False', 'partial_parse': 'True', 'cache_selected_only': 'False', 'profiles_dir': '/Users/sakshirai/.dbt', 'debug': 'False', 'fail_fast': 'False', 'log_path': '/Users/sakshirai/Desktop/netflixanalysis/netflix_analysis/logs', 'warn_error': 'None', 'version_check': 'True', 'use_colors': 'True', 'use_experimental_parser': 'False', 'no_print': 'None', 'quiet': 'False', 'empty': 'None', 'warn_error_options': 'WarnErrorOptions(include=[], exclude=[])', 'static_parser': 'True', 'invocation_command': 'dbt test', 'introspect': 'True', 'target_path': 'None', 'log_format': 'default', 'send_anonymous_usage_stats': 'True'}
[0m00:03:03.055007 [debug] [MainThread]: Sending event: {'category': 'dbt', 'action': 'project_id', 'label': '79e408ee-682a-4b45-ab53-45a4b67a66ec', 'context': [<snowplow_tracker.self_describing_json.SelfDescribingJson object at 0x105bb4a90>]}
[0m00:03:03.072355 [debug] [MainThread]: Sending event: {'category': 'dbt', 'action': 'adapter_info', 'label': '79e408ee-682a-4b45-ab53-45a4b67a66ec', 'context': [<snowplow_tracker.self_describing_json.SelfDescribingJson object at 0x105967f10>]}
[0m00:03:03.072842 [info ] [MainThread]: Registered adapter: snowflake=1.9.0
[0m00:03:03.121997 [debug] [MainThread]: checksum: c99e828bba267739642b5a3ce85f17518764ea526e0e6c4fdc649171c1a66bff, vars: {}, profile: , target: , version: 1.9.0
[0m00:03:03.163325 [info ] [MainThread]: Unable to do partial parsing because of a version mismatch
[0m00:03:03.163574 [debug] [MainThread]: Sending event: {'category': 'dbt', 'action': 'partial_parser', 'label': '79e408ee-682a-4b45-ab53-45a4b67a66ec', 'context': [<snowplow_tracker.self_describing_json.SelfDescribingJson object at 0x10474f6d0>]}
[0m00:03:03.782872 [debug] [MainThread]: Sending event: {'category': 'dbt', 'action': 'load_project', 'label': '79e408ee-682a-4b45-ab53-45a4b67a66ec', 'context': [<snowplow_tracker.self_describing_json.SelfDescribingJson object at 0x105eb5e90>]}
[0m00:03:03.819907 [debug] [MainThread]: Wrote artifact WritableManifest to /Users/sakshirai/Desktop/netflixanalysis/netflix_analysis/target/manifest.json
[0m00:03:03.826022 [debug] [MainThread]: Wrote artifact SemanticManifest to /Users/sakshirai/Desktop/netflixanalysis/netflix_analysis/target/semantic_manifest.json
[0m00:03:03.840409 [debug] [MainThread]: Sending event: {'category': 'dbt', 'action': 'resource_counts', 'label': '79e408ee-682a-4b45-ab53-45a4b67a66ec', 'context': [<snowplow_tracker.self_describing_json.SelfDescribingJson object at 0x106d877d0>]}
[0m00:03:03.840607 [info ] [MainThread]: Found 14 models, 1 snapshot, 13 data tests, 1 seed, 589 macros
[0m00:03:03.840741 [debug] [MainThread]: Sending event: {'category': 'dbt', 'action': 'runnable_timing', 'label': '79e408ee-682a-4b45-ab53-45a4b67a66ec', 'context': [<snowplow_tracker.self_describing_json.SelfDescribingJson object at 0x106c6bf50>]}
[0m00:03:03.841658 [info ] [MainThread]: 
[0m00:03:03.841787 [info ] [MainThread]: Concurrency: 1 threads (target='dev')
[0m00:03:03.841886 [info ] [MainThread]: 
[0m00:03:03.842064 [debug] [MainThread]: Acquiring new snowflake connection 'master'
[0m00:03:03.843989 [debug] [ThreadPool]: Acquiring new snowflake connection 'list_MOVIELENS_DEV'
[0m00:03:03.881350 [debug] [ThreadPool]: Using snowflake connection "list_MOVIELENS_DEV"
[0m00:03:03.881526 [debug] [ThreadPool]: On list_MOVIELENS_DEV: /* {"app": "dbt", "dbt_version": "1.9.0", "profile_name": "netflix_analysis", "target_name": "dev", "connection_name": "list_MOVIELENS_DEV"} */
show objects in MOVIELENS.DEV limit 10000;
[0m00:03:03.881624 [debug] [ThreadPool]: Opening a new connection, currently in state init
[0m00:03:04.878087 [debug] [ThreadPool]: SQL status: SUCCESS 14 in 0.996 seconds
[0m00:03:04.882158 [debug] [ThreadPool]: Re-using an available connection from the pool (formerly list_MOVIELENS_DEV, now list_MOVIELENS_snapshots)
[0m00:03:04.888612 [debug] [ThreadPool]: Using snowflake connection "list_MOVIELENS_snapshots"
[0m00:03:04.889302 [debug] [ThreadPool]: On list_MOVIELENS_snapshots: /* {"app": "dbt", "dbt_version": "1.9.0", "profile_name": "netflix_analysis", "target_name": "dev", "connection_name": "list_MOVIELENS_snapshots"} */
show objects in MOVIELENS.snapshots limit 10000;
[0m00:03:05.027723 [debug] [ThreadPool]: SQL status: SUCCESS 1 in 0.138 seconds
[0m00:03:05.031225 [debug] [MainThread]: Sending event: {'category': 'dbt', 'action': 'runnable_timing', 'label': '79e408ee-682a-4b45-ab53-45a4b67a66ec', 'context': [<snowplow_tracker.self_describing_json.SelfDescribingJson object at 0x105afda50>]}
[0m00:03:05.033533 [debug] [Thread-1 (]: Began running node test.netflix_analysis.not_null_dim_genome_tags_tag_id.f11f861a5f
[0m00:03:05.033999 [info ] [Thread-1 (]: 1 of 13 START test not_null_dim_genome_tags_tag_id ............................. [RUN]
[0m00:03:05.034486 [debug] [Thread-1 (]: Re-using an available connection from the pool (formerly list_MOVIELENS_snapshots, now test.netflix_analysis.not_null_dim_genome_tags_tag_id.f11f861a5f)
[0m00:03:05.034861 [debug] [Thread-1 (]: Began compiling node test.netflix_analysis.not_null_dim_genome_tags_tag_id.f11f861a5f
[0m00:03:05.049944 [debug] [Thread-1 (]: Writing injected SQL for node "test.netflix_analysis.not_null_dim_genome_tags_tag_id.f11f861a5f"
[0m00:03:05.050835 [debug] [Thread-1 (]: Began executing node test.netflix_analysis.not_null_dim_genome_tags_tag_id.f11f861a5f
[0m00:03:05.065054 [debug] [Thread-1 (]: Writing runtime sql for node "test.netflix_analysis.not_null_dim_genome_tags_tag_id.f11f861a5f"
[0m00:03:05.065746 [debug] [Thread-1 (]: Using snowflake connection "test.netflix_analysis.not_null_dim_genome_tags_tag_id.f11f861a5f"
[0m00:03:05.065968 [debug] [Thread-1 (]: On test.netflix_analysis.not_null_dim_genome_tags_tag_id.f11f861a5f: /* {"app": "dbt", "dbt_version": "1.9.0", "profile_name": "netflix_analysis", "target_name": "dev", "node_id": "test.netflix_analysis.not_null_dim_genome_tags_tag_id.f11f861a5f"} */
select
      count(*) as failures,
      count(*) != 0 as should_warn,
      count(*) != 0 as should_error
    from (
      
    
  
    
    



select tag_id
from MOVIELENS.DEV.dim_genome_tags
where tag_id is null



  
  
      
    ) dbt_internal_test
[0m00:03:05.199480 [debug] [Thread-1 (]: SQL status: SUCCESS 1 in 0.133 seconds
[0m00:03:05.210958 [info ] [Thread-1 (]: 1 of 13 PASS not_null_dim_genome_tags_tag_id ................................... [[32mPASS[0m in 0.18s]
[0m00:03:05.211572 [debug] [Thread-1 (]: Finished running node test.netflix_analysis.not_null_dim_genome_tags_tag_id.f11f861a5f
[0m00:03:05.211912 [debug] [Thread-1 (]: Began running node test.netflix_analysis.not_null_dim_genome_tags_tag_name.27503c0804
[0m00:03:05.212301 [info ] [Thread-1 (]: 2 of 13 START test not_null_dim_genome_tags_tag_name ........................... [RUN]
[0m00:03:05.212695 [debug] [Thread-1 (]: Re-using an available connection from the pool (formerly test.netflix_analysis.not_null_dim_genome_tags_tag_id.f11f861a5f, now test.netflix_analysis.not_null_dim_genome_tags_tag_name.27503c0804)
[0m00:03:05.212980 [debug] [Thread-1 (]: Began compiling node test.netflix_analysis.not_null_dim_genome_tags_tag_name.27503c0804
[0m00:03:05.218308 [debug] [Thread-1 (]: Writing injected SQL for node "test.netflix_analysis.not_null_dim_genome_tags_tag_name.27503c0804"
[0m00:03:05.218988 [debug] [Thread-1 (]: Began executing node test.netflix_analysis.not_null_dim_genome_tags_tag_name.27503c0804
[0m00:03:05.221227 [debug] [Thread-1 (]: Writing runtime sql for node "test.netflix_analysis.not_null_dim_genome_tags_tag_name.27503c0804"
[0m00:03:05.222161 [debug] [Thread-1 (]: Using snowflake connection "test.netflix_analysis.not_null_dim_genome_tags_tag_name.27503c0804"
[0m00:03:05.222448 [debug] [Thread-1 (]: On test.netflix_analysis.not_null_dim_genome_tags_tag_name.27503c0804: /* {"app": "dbt", "dbt_version": "1.9.0", "profile_name": "netflix_analysis", "target_name": "dev", "node_id": "test.netflix_analysis.not_null_dim_genome_tags_tag_name.27503c0804"} */
select
      count(*) as failures,
      count(*) != 0 as should_warn,
      count(*) != 0 as should_error
    from (
      
    
  
    
    



select tag_name
from MOVIELENS.DEV.dim_genome_tags
where tag_name is null



  
  
      
    ) dbt_internal_test
[0m00:03:05.384049 [debug] [Thread-1 (]: SQL status: SUCCESS 1 in 0.161 seconds
[0m00:03:05.387790 [info ] [Thread-1 (]: 2 of 13 PASS not_null_dim_genome_tags_tag_name ................................. [[32mPASS[0m in 0.17s]
[0m00:03:05.388774 [debug] [Thread-1 (]: Finished running node test.netflix_analysis.not_null_dim_genome_tags_tag_name.27503c0804
[0m00:03:05.389259 [debug] [Thread-1 (]: Began running node test.netflix_analysis.not_null_dim_movies_movie_id.0f96ca970d
[0m00:03:05.389792 [info ] [Thread-1 (]: 3 of 13 START test not_null_dim_movies_movie_id ................................ [RUN]
[0m00:03:05.390289 [debug] [Thread-1 (]: Re-using an available connection from the pool (formerly test.netflix_analysis.not_null_dim_genome_tags_tag_name.27503c0804, now test.netflix_analysis.not_null_dim_movies_movie_id.0f96ca970d)
[0m00:03:05.390697 [debug] [Thread-1 (]: Began compiling node test.netflix_analysis.not_null_dim_movies_movie_id.0f96ca970d
[0m00:03:05.397122 [debug] [Thread-1 (]: Writing injected SQL for node "test.netflix_analysis.not_null_dim_movies_movie_id.0f96ca970d"
[0m00:03:05.398473 [debug] [Thread-1 (]: Began executing node test.netflix_analysis.not_null_dim_movies_movie_id.0f96ca970d
[0m00:03:05.402349 [debug] [Thread-1 (]: Writing runtime sql for node "test.netflix_analysis.not_null_dim_movies_movie_id.0f96ca970d"
[0m00:03:05.406379 [debug] [Thread-1 (]: Using snowflake connection "test.netflix_analysis.not_null_dim_movies_movie_id.0f96ca970d"
[0m00:03:05.408532 [debug] [Thread-1 (]: On test.netflix_analysis.not_null_dim_movies_movie_id.0f96ca970d: /* {"app": "dbt", "dbt_version": "1.9.0", "profile_name": "netflix_analysis", "target_name": "dev", "node_id": "test.netflix_analysis.not_null_dim_movies_movie_id.0f96ca970d"} */
select
      count(*) as failures,
      count(*) != 0 as should_warn,
      count(*) != 0 as should_error
    from (
      
    
  
    
    



select movie_id
from MOVIELENS.DEV.dim_movies
where movie_id is null



  
  
      
    ) dbt_internal_test
[0m00:03:05.555784 [debug] [Thread-1 (]: SQL status: SUCCESS 1 in 0.147 seconds
[0m00:03:05.559311 [info ] [Thread-1 (]: 3 of 13 PASS not_null_dim_movies_movie_id ...................................... [[32mPASS[0m in 0.17s]
[0m00:03:05.560073 [debug] [Thread-1 (]: Finished running node test.netflix_analysis.not_null_dim_movies_movie_id.0f96ca970d
[0m00:03:05.560497 [debug] [Thread-1 (]: Began running node test.netflix_analysis.not_null_dim_movies_movie_title.0206534c81
[0m00:03:05.560992 [info ] [Thread-1 (]: 4 of 13 START test not_null_dim_movies_movie_title ............................. [RUN]
[0m00:03:05.561523 [debug] [Thread-1 (]: Re-using an available connection from the pool (formerly test.netflix_analysis.not_null_dim_movies_movie_id.0f96ca970d, now test.netflix_analysis.not_null_dim_movies_movie_title.0206534c81)
[0m00:03:05.561899 [debug] [Thread-1 (]: Began compiling node test.netflix_analysis.not_null_dim_movies_movie_title.0206534c81
[0m00:03:05.568058 [debug] [Thread-1 (]: Writing injected SQL for node "test.netflix_analysis.not_null_dim_movies_movie_title.0206534c81"
[0m00:03:05.569567 [debug] [Thread-1 (]: Began executing node test.netflix_analysis.not_null_dim_movies_movie_title.0206534c81
[0m00:03:05.573431 [debug] [Thread-1 (]: Writing runtime sql for node "test.netflix_analysis.not_null_dim_movies_movie_title.0206534c81"
[0m00:03:05.575080 [debug] [Thread-1 (]: Using snowflake connection "test.netflix_analysis.not_null_dim_movies_movie_title.0206534c81"
[0m00:03:05.575477 [debug] [Thread-1 (]: On test.netflix_analysis.not_null_dim_movies_movie_title.0206534c81: /* {"app": "dbt", "dbt_version": "1.9.0", "profile_name": "netflix_analysis", "target_name": "dev", "node_id": "test.netflix_analysis.not_null_dim_movies_movie_title.0206534c81"} */
select
      count(*) as failures,
      count(*) != 0 as should_warn,
      count(*) != 0 as should_error
    from (
      
    
  
    
    



select movie_title
from MOVIELENS.DEV.dim_movies
where movie_title is null



  
  
      
    ) dbt_internal_test
[0m00:03:05.707953 [debug] [Thread-1 (]: SQL status: SUCCESS 1 in 0.132 seconds
[0m00:03:05.711312 [info ] [Thread-1 (]: 4 of 13 PASS not_null_dim_movies_movie_title ................................... [[32mPASS[0m in 0.15s]
[0m00:03:05.712335 [debug] [Thread-1 (]: Finished running node test.netflix_analysis.not_null_dim_movies_movie_title.0206534c81
[0m00:03:05.712841 [debug] [Thread-1 (]: Began running node test.netflix_analysis.not_null_dim_users_user_id.e754bb5812
[0m00:03:05.713382 [info ] [Thread-1 (]: 5 of 13 START test not_null_dim_users_user_id .................................. [RUN]
[0m00:03:05.713951 [debug] [Thread-1 (]: Re-using an available connection from the pool (formerly test.netflix_analysis.not_null_dim_movies_movie_title.0206534c81, now test.netflix_analysis.not_null_dim_users_user_id.e754bb5812)
[0m00:03:05.714356 [debug] [Thread-1 (]: Began compiling node test.netflix_analysis.not_null_dim_users_user_id.e754bb5812
[0m00:03:05.723798 [debug] [Thread-1 (]: Writing injected SQL for node "test.netflix_analysis.not_null_dim_users_user_id.e754bb5812"
[0m00:03:05.725810 [debug] [Thread-1 (]: Began executing node test.netflix_analysis.not_null_dim_users_user_id.e754bb5812
[0m00:03:05.728996 [debug] [Thread-1 (]: Writing runtime sql for node "test.netflix_analysis.not_null_dim_users_user_id.e754bb5812"
[0m00:03:05.730151 [debug] [Thread-1 (]: Using snowflake connection "test.netflix_analysis.not_null_dim_users_user_id.e754bb5812"
[0m00:03:05.730456 [debug] [Thread-1 (]: On test.netflix_analysis.not_null_dim_users_user_id.e754bb5812: /* {"app": "dbt", "dbt_version": "1.9.0", "profile_name": "netflix_analysis", "target_name": "dev", "node_id": "test.netflix_analysis.not_null_dim_users_user_id.e754bb5812"} */
select
      count(*) as failures,
      count(*) != 0 as should_warn,
      count(*) != 0 as should_error
    from (
      
    
  
    
    



select user_id
from MOVIELENS.DEV.dim_users
where user_id is null



  
  
      
    ) dbt_internal_test
[0m00:03:05.868438 [debug] [Thread-1 (]: SQL status: SUCCESS 1 in 0.138 seconds
[0m00:03:05.871353 [info ] [Thread-1 (]: 5 of 13 PASS not_null_dim_users_user_id ........................................ [[32mPASS[0m in 0.16s]
[0m00:03:05.872072 [debug] [Thread-1 (]: Finished running node test.netflix_analysis.not_null_dim_users_user_id.e754bb5812
[0m00:03:05.872470 [debug] [Thread-1 (]: Began running node test.netflix_analysis.not_null_fct_genome_scores_movie_id.d1288b589a
[0m00:03:05.872913 [info ] [Thread-1 (]: 6 of 13 START test not_null_fct_genome_scores_movie_id ......................... [RUN]
[0m00:03:05.873435 [debug] [Thread-1 (]: Re-using an available connection from the pool (formerly test.netflix_analysis.not_null_dim_users_user_id.e754bb5812, now test.netflix_analysis.not_null_fct_genome_scores_movie_id.d1288b589a)
[0m00:03:05.873843 [debug] [Thread-1 (]: Began compiling node test.netflix_analysis.not_null_fct_genome_scores_movie_id.d1288b589a
[0m00:03:05.881214 [debug] [Thread-1 (]: Writing injected SQL for node "test.netflix_analysis.not_null_fct_genome_scores_movie_id.d1288b589a"
[0m00:03:05.883119 [debug] [Thread-1 (]: Began executing node test.netflix_analysis.not_null_fct_genome_scores_movie_id.d1288b589a
[0m00:03:05.890241 [debug] [Thread-1 (]: Writing runtime sql for node "test.netflix_analysis.not_null_fct_genome_scores_movie_id.d1288b589a"
[0m00:03:05.891472 [debug] [Thread-1 (]: Using snowflake connection "test.netflix_analysis.not_null_fct_genome_scores_movie_id.d1288b589a"
[0m00:03:05.892009 [debug] [Thread-1 (]: On test.netflix_analysis.not_null_fct_genome_scores_movie_id.d1288b589a: /* {"app": "dbt", "dbt_version": "1.9.0", "profile_name": "netflix_analysis", "target_name": "dev", "node_id": "test.netflix_analysis.not_null_fct_genome_scores_movie_id.d1288b589a"} */
select
      count(*) as failures,
      count(*) != 0 as should_warn,
      count(*) != 0 as should_error
    from (
      
    
  
    
    



select movie_id
from MOVIELENS.DEV.fct_genome_scores
where movie_id is null



  
  
      
    ) dbt_internal_test
[0m00:03:06.074273 [debug] [Thread-1 (]: SQL status: SUCCESS 1 in 0.182 seconds
[0m00:03:06.078299 [info ] [Thread-1 (]: 6 of 13 PASS not_null_fct_genome_scores_movie_id ............................... [[32mPASS[0m in 0.20s]
[0m00:03:06.079345 [debug] [Thread-1 (]: Finished running node test.netflix_analysis.not_null_fct_genome_scores_movie_id.d1288b589a
[0m00:03:06.079829 [debug] [Thread-1 (]: Began running node test.netflix_analysis.not_null_fct_genome_scores_relevance_score.20561448f1
[0m00:03:06.080366 [info ] [Thread-1 (]: 7 of 13 START test not_null_fct_genome_scores_relevance_score .................. [RUN]
[0m00:03:06.080918 [debug] [Thread-1 (]: Re-using an available connection from the pool (formerly test.netflix_analysis.not_null_fct_genome_scores_movie_id.d1288b589a, now test.netflix_analysis.not_null_fct_genome_scores_relevance_score.20561448f1)
[0m00:03:06.081297 [debug] [Thread-1 (]: Began compiling node test.netflix_analysis.not_null_fct_genome_scores_relevance_score.20561448f1
[0m00:03:06.088479 [debug] [Thread-1 (]: Writing injected SQL for node "test.netflix_analysis.not_null_fct_genome_scores_relevance_score.20561448f1"
[0m00:03:06.090315 [debug] [Thread-1 (]: Began executing node test.netflix_analysis.not_null_fct_genome_scores_relevance_score.20561448f1
[0m00:03:06.094342 [debug] [Thread-1 (]: Writing runtime sql for node "test.netflix_analysis.not_null_fct_genome_scores_relevance_score.20561448f1"
[0m00:03:06.095386 [debug] [Thread-1 (]: Using snowflake connection "test.netflix_analysis.not_null_fct_genome_scores_relevance_score.20561448f1"
[0m00:03:06.095716 [debug] [Thread-1 (]: On test.netflix_analysis.not_null_fct_genome_scores_relevance_score.20561448f1: /* {"app": "dbt", "dbt_version": "1.9.0", "profile_name": "netflix_analysis", "target_name": "dev", "node_id": "test.netflix_analysis.not_null_fct_genome_scores_relevance_score.20561448f1"} */
select
      count(*) as failures,
      count(*) != 0 as should_warn,
      count(*) != 0 as should_error
    from (
      
    
  
    
    



select relevance_score
from MOVIELENS.DEV.fct_genome_scores
where relevance_score is null



  
  
      
    ) dbt_internal_test
[0m00:03:06.227815 [debug] [Thread-1 (]: SQL status: SUCCESS 1 in 0.132 seconds
[0m00:03:06.229118 [info ] [Thread-1 (]: 7 of 13 PASS not_null_fct_genome_scores_relevance_score ........................ [[32mPASS[0m in 0.15s]
[0m00:03:06.229446 [debug] [Thread-1 (]: Finished running node test.netflix_analysis.not_null_fct_genome_scores_relevance_score.20561448f1
[0m00:03:06.229660 [debug] [Thread-1 (]: Began running node test.netflix_analysis.not_null_fct_genome_scores_tag_id.eb610dc620
[0m00:03:06.229924 [info ] [Thread-1 (]: 8 of 13 START test not_null_fct_genome_scores_tag_id ........................... [RUN]
[0m00:03:06.230194 [debug] [Thread-1 (]: Re-using an available connection from the pool (formerly test.netflix_analysis.not_null_fct_genome_scores_relevance_score.20561448f1, now test.netflix_analysis.not_null_fct_genome_scores_tag_id.eb610dc620)
[0m00:03:06.230389 [debug] [Thread-1 (]: Began compiling node test.netflix_analysis.not_null_fct_genome_scores_tag_id.eb610dc620
[0m00:03:06.232912 [debug] [Thread-1 (]: Writing injected SQL for node "test.netflix_analysis.not_null_fct_genome_scores_tag_id.eb610dc620"
[0m00:03:06.233408 [debug] [Thread-1 (]: Began executing node test.netflix_analysis.not_null_fct_genome_scores_tag_id.eb610dc620
[0m00:03:06.234923 [debug] [Thread-1 (]: Writing runtime sql for node "test.netflix_analysis.not_null_fct_genome_scores_tag_id.eb610dc620"
[0m00:03:06.235413 [debug] [Thread-1 (]: Using snowflake connection "test.netflix_analysis.not_null_fct_genome_scores_tag_id.eb610dc620"
[0m00:03:06.235590 [debug] [Thread-1 (]: On test.netflix_analysis.not_null_fct_genome_scores_tag_id.eb610dc620: /* {"app": "dbt", "dbt_version": "1.9.0", "profile_name": "netflix_analysis", "target_name": "dev", "node_id": "test.netflix_analysis.not_null_fct_genome_scores_tag_id.eb610dc620"} */
select
      count(*) as failures,
      count(*) != 0 as should_warn,
      count(*) != 0 as should_error
    from (
      
    
  
    
    



select tag_id
from MOVIELENS.DEV.fct_genome_scores
where tag_id is null



  
  
      
    ) dbt_internal_test
[0m00:03:06.363280 [debug] [Thread-1 (]: SQL status: SUCCESS 1 in 0.127 seconds
[0m00:03:06.366391 [info ] [Thread-1 (]: 8 of 13 PASS not_null_fct_genome_scores_tag_id ................................. [[32mPASS[0m in 0.14s]
[0m00:03:06.367300 [debug] [Thread-1 (]: Finished running node test.netflix_analysis.not_null_fct_genome_scores_tag_id.eb610dc620
[0m00:03:06.367867 [debug] [Thread-1 (]: Began running node test.netflix_analysis.not_null_fct_ratings_movie_id.68d088c553
[0m00:03:06.368413 [info ] [Thread-1 (]: 9 of 13 START test not_null_fct_ratings_movie_id ............................... [RUN]
[0m00:03:06.369007 [debug] [Thread-1 (]: Re-using an available connection from the pool (formerly test.netflix_analysis.not_null_fct_genome_scores_tag_id.eb610dc620, now test.netflix_analysis.not_null_fct_ratings_movie_id.68d088c553)
[0m00:03:06.369375 [debug] [Thread-1 (]: Began compiling node test.netflix_analysis.not_null_fct_ratings_movie_id.68d088c553
[0m00:03:06.377645 [debug] [Thread-1 (]: Writing injected SQL for node "test.netflix_analysis.not_null_fct_ratings_movie_id.68d088c553"
[0m00:03:06.379555 [debug] [Thread-1 (]: Began executing node test.netflix_analysis.not_null_fct_ratings_movie_id.68d088c553
[0m00:03:06.382967 [debug] [Thread-1 (]: Writing runtime sql for node "test.netflix_analysis.not_null_fct_ratings_movie_id.68d088c553"
[0m00:03:06.384346 [debug] [Thread-1 (]: Using snowflake connection "test.netflix_analysis.not_null_fct_ratings_movie_id.68d088c553"
[0m00:03:06.384665 [debug] [Thread-1 (]: On test.netflix_analysis.not_null_fct_ratings_movie_id.68d088c553: /* {"app": "dbt", "dbt_version": "1.9.0", "profile_name": "netflix_analysis", "target_name": "dev", "node_id": "test.netflix_analysis.not_null_fct_ratings_movie_id.68d088c553"} */
select
      count(*) as failures,
      count(*) != 0 as should_warn,
      count(*) != 0 as should_error
    from (
      
    
  
    
    



select movie_id
from MOVIELENS.DEV.fct_ratings
where movie_id is null



  
  
      
    ) dbt_internal_test
[0m00:03:06.513239 [debug] [Thread-1 (]: SQL status: SUCCESS 1 in 0.128 seconds
[0m00:03:06.515931 [info ] [Thread-1 (]: 9 of 13 PASS not_null_fct_ratings_movie_id ..................................... [[32mPASS[0m in 0.15s]
[0m00:03:06.516665 [debug] [Thread-1 (]: Finished running node test.netflix_analysis.not_null_fct_ratings_movie_id.68d088c553
[0m00:03:06.517040 [debug] [Thread-1 (]: Began running node test.netflix_analysis.not_null_fct_ratings_rating.25c6481558
[0m00:03:06.517444 [info ] [Thread-1 (]: 10 of 13 START test not_null_fct_ratings_rating ................................ [RUN]
[0m00:03:06.517938 [debug] [Thread-1 (]: Re-using an available connection from the pool (formerly test.netflix_analysis.not_null_fct_ratings_movie_id.68d088c553, now test.netflix_analysis.not_null_fct_ratings_rating.25c6481558)
[0m00:03:06.518267 [debug] [Thread-1 (]: Began compiling node test.netflix_analysis.not_null_fct_ratings_rating.25c6481558
[0m00:03:06.524600 [debug] [Thread-1 (]: Writing injected SQL for node "test.netflix_analysis.not_null_fct_ratings_rating.25c6481558"
[0m00:03:06.526241 [debug] [Thread-1 (]: Began executing node test.netflix_analysis.not_null_fct_ratings_rating.25c6481558
[0m00:03:06.533137 [debug] [Thread-1 (]: Writing runtime sql for node "test.netflix_analysis.not_null_fct_ratings_rating.25c6481558"
[0m00:03:06.534304 [debug] [Thread-1 (]: Using snowflake connection "test.netflix_analysis.not_null_fct_ratings_rating.25c6481558"
[0m00:03:06.534629 [debug] [Thread-1 (]: On test.netflix_analysis.not_null_fct_ratings_rating.25c6481558: /* {"app": "dbt", "dbt_version": "1.9.0", "profile_name": "netflix_analysis", "target_name": "dev", "node_id": "test.netflix_analysis.not_null_fct_ratings_rating.25c6481558"} */
select
      count(*) as failures,
      count(*) != 0 as should_warn,
      count(*) != 0 as should_error
    from (
      
    
  
    
    



select rating
from MOVIELENS.DEV.fct_ratings
where rating is null



  
  
      
    ) dbt_internal_test
[0m00:03:06.660520 [debug] [Thread-1 (]: SQL status: SUCCESS 1 in 0.125 seconds
[0m00:03:06.664301 [info ] [Thread-1 (]: 10 of 13 PASS not_null_fct_ratings_rating ...................................... [[32mPASS[0m in 0.15s]
[0m00:03:06.665374 [debug] [Thread-1 (]: Finished running node test.netflix_analysis.not_null_fct_ratings_rating.25c6481558
[0m00:03:06.665913 [debug] [Thread-1 (]: Began running node test.netflix_analysis.not_null_fct_ratings_user_id.652655a4cf
[0m00:03:06.666427 [info ] [Thread-1 (]: 11 of 13 START test not_null_fct_ratings_user_id ............................... [RUN]
[0m00:03:06.667030 [debug] [Thread-1 (]: Re-using an available connection from the pool (formerly test.netflix_analysis.not_null_fct_ratings_rating.25c6481558, now test.netflix_analysis.not_null_fct_ratings_user_id.652655a4cf)
[0m00:03:06.667402 [debug] [Thread-1 (]: Began compiling node test.netflix_analysis.not_null_fct_ratings_user_id.652655a4cf
[0m00:03:06.676252 [debug] [Thread-1 (]: Writing injected SQL for node "test.netflix_analysis.not_null_fct_ratings_user_id.652655a4cf"
[0m00:03:06.678092 [debug] [Thread-1 (]: Began executing node test.netflix_analysis.not_null_fct_ratings_user_id.652655a4cf
[0m00:03:06.681917 [debug] [Thread-1 (]: Writing runtime sql for node "test.netflix_analysis.not_null_fct_ratings_user_id.652655a4cf"
[0m00:03:06.682988 [debug] [Thread-1 (]: Using snowflake connection "test.netflix_analysis.not_null_fct_ratings_user_id.652655a4cf"
[0m00:03:06.683300 [debug] [Thread-1 (]: On test.netflix_analysis.not_null_fct_ratings_user_id.652655a4cf: /* {"app": "dbt", "dbt_version": "1.9.0", "profile_name": "netflix_analysis", "target_name": "dev", "node_id": "test.netflix_analysis.not_null_fct_ratings_user_id.652655a4cf"} */
select
      count(*) as failures,
      count(*) != 0 as should_warn,
      count(*) != 0 as should_error
    from (
      
    
  
    
    



select user_id
from MOVIELENS.DEV.fct_ratings
where user_id is null



  
  
      
    ) dbt_internal_test
[0m00:03:06.817242 [debug] [Thread-1 (]: SQL status: SUCCESS 1 in 0.133 seconds
[0m00:03:06.820581 [info ] [Thread-1 (]: 11 of 13 PASS not_null_fct_ratings_user_id ..................................... [[32mPASS[0m in 0.15s]
[0m00:03:06.821306 [debug] [Thread-1 (]: Finished running node test.netflix_analysis.not_null_fct_ratings_user_id.652655a4cf
[0m00:03:06.821738 [debug] [Thread-1 (]: Began running node test.netflix_analysis.relationships_fct_ratings_movie_id__movie_id__ref_dim_movies_.fb3ebb34b0
[0m00:03:06.822245 [info ] [Thread-1 (]: 12 of 13 START test relationships_fct_ratings_movie_id__movie_id__ref_dim_movies_  [RUN]
[0m00:03:06.822787 [debug] [Thread-1 (]: Re-using an available connection from the pool (formerly test.netflix_analysis.not_null_fct_ratings_user_id.652655a4cf, now test.netflix_analysis.relationships_fct_ratings_movie_id__movie_id__ref_dim_movies_.fb3ebb34b0)
[0m00:03:06.823183 [debug] [Thread-1 (]: Began compiling node test.netflix_analysis.relationships_fct_ratings_movie_id__movie_id__ref_dim_movies_.fb3ebb34b0
[0m00:03:06.831405 [debug] [Thread-1 (]: Writing injected SQL for node "test.netflix_analysis.relationships_fct_ratings_movie_id__movie_id__ref_dim_movies_.fb3ebb34b0"
[0m00:03:06.832959 [debug] [Thread-1 (]: Began executing node test.netflix_analysis.relationships_fct_ratings_movie_id__movie_id__ref_dim_movies_.fb3ebb34b0
[0m00:03:06.836387 [debug] [Thread-1 (]: Writing runtime sql for node "test.netflix_analysis.relationships_fct_ratings_movie_id__movie_id__ref_dim_movies_.fb3ebb34b0"
[0m00:03:06.837983 [debug] [Thread-1 (]: Using snowflake connection "test.netflix_analysis.relationships_fct_ratings_movie_id__movie_id__ref_dim_movies_.fb3ebb34b0"
[0m00:03:06.838327 [debug] [Thread-1 (]: On test.netflix_analysis.relationships_fct_ratings_movie_id__movie_id__ref_dim_movies_.fb3ebb34b0: /* {"app": "dbt", "dbt_version": "1.9.0", "profile_name": "netflix_analysis", "target_name": "dev", "node_id": "test.netflix_analysis.relationships_fct_ratings_movie_id__movie_id__ref_dim_movies_.fb3ebb34b0"} */
select
      count(*) as failures,
      count(*) != 0 as should_warn,
      count(*) != 0 as should_error
    from (
      
    
  
    
    

with child as (
    select movie_id as from_field
    from MOVIELENS.DEV.fct_ratings
    where movie_id is not null
),

parent as (
    select movie_id as to_field
    from MOVIELENS.DEV.dim_movies
)

select
    from_field

from child
left join parent
    on child.from_field = parent.to_field

where parent.to_field is null



  
  
      
    ) dbt_internal_test
[0m00:03:06.970760 [debug] [Thread-1 (]: SQL status: SUCCESS 1 in 0.132 seconds
[0m00:03:06.973922 [info ] [Thread-1 (]: 12 of 13 PASS relationships_fct_ratings_movie_id__movie_id__ref_dim_movies_ .... [[32mPASS[0m in 0.15s]
[0m00:03:06.974758 [debug] [Thread-1 (]: Finished running node test.netflix_analysis.relationships_fct_ratings_movie_id__movie_id__ref_dim_movies_.fb3ebb34b0
[0m00:03:06.975212 [debug] [Thread-1 (]: Began running node test.netflix_analysis.relevance_score_test
[0m00:03:06.975666 [info ] [Thread-1 (]: 13 of 13 START test relevance_score_test ....................................... [RUN]
[0m00:03:06.976165 [debug] [Thread-1 (]: Re-using an available connection from the pool (formerly test.netflix_analysis.relationships_fct_ratings_movie_id__movie_id__ref_dim_movies_.fb3ebb34b0, now test.netflix_analysis.relevance_score_test)
[0m00:03:06.976515 [debug] [Thread-1 (]: Began compiling node test.netflix_analysis.relevance_score_test
[0m00:03:06.981063 [debug] [Thread-1 (]: Writing injected SQL for node "test.netflix_analysis.relevance_score_test"
[0m00:03:06.983155 [debug] [Thread-1 (]: Began executing node test.netflix_analysis.relevance_score_test
[0m00:03:06.988093 [debug] [Thread-1 (]: Writing runtime sql for node "test.netflix_analysis.relevance_score_test"
[0m00:03:06.989500 [debug] [Thread-1 (]: Using snowflake connection "test.netflix_analysis.relevance_score_test"
[0m00:03:06.989876 [debug] [Thread-1 (]: On test.netflix_analysis.relevance_score_test: /* {"app": "dbt", "dbt_version": "1.9.0", "profile_name": "netflix_analysis", "target_name": "dev", "node_id": "test.netflix_analysis.relevance_score_test"} */
select
      count(*) as failures,
      count(*) != 0 as should_warn,
      count(*) != 0 as should_error
    from (
      
    
  SELECT
  movie_id,
  relevance_score,
  tag
FROM MOVIELENS.DEV.fct_genome_scores
WHERE relevance_score<=3
  
  
      
    ) dbt_internal_test
[0m00:03:07.116016 [debug] [Thread-1 (]: Snowflake adapter: Snowflake query id: 01c3f8f9-000d-b0b4-0000-00000c31cf5d
[0m00:03:07.116640 [debug] [Thread-1 (]: Snowflake adapter: Snowflake error: 000904 (42000): SQL compilation error: error line 11 at position 2
invalid identifier 'TAG'
[0m00:03:07.121345 [debug] [Thread-1 (]: Database Error in test relevance_score_test (tests/relevance_score_test.sql)
  000904 (42000): SQL compilation error: error line 11 at position 2
  invalid identifier 'TAG'
  compiled code at target/run/netflix_analysis/tests/relevance_score_test.sql
[0m00:03:07.122033 [error] [Thread-1 (]: 13 of 13 ERROR relevance_score_test ............................................ [[31mERROR[0m in 0.15s]
[0m00:03:07.122605 [debug] [Thread-1 (]: Finished running node test.netflix_analysis.relevance_score_test
[0m00:03:07.123153 [debug] [Thread-4 (]: Marking all children of 'test.netflix_analysis.relevance_score_test' to be skipped because of status 'error'.  Reason: Database Error in test relevance_score_test (tests/relevance_score_test.sql)
  000904 (42000): SQL compilation error: error line 11 at position 2
  invalid identifier 'TAG'
  compiled code at target/run/netflix_analysis/tests/relevance_score_test.sql.
[0m00:03:07.125321 [debug] [MainThread]: Connection 'master' was properly closed.
[0m00:03:07.125654 [debug] [MainThread]: Connection 'test.netflix_analysis.relevance_score_test' was left open.
[0m00:03:07.125927 [debug] [MainThread]: On test.netflix_analysis.relevance_score_test: Close
[0m00:03:07.338206 [info ] [MainThread]: 
[0m00:03:07.339189 [info ] [MainThread]: Finished running 13 data tests in 0 hours 0 minutes and 3.50 seconds (3.50s).
[0m00:03:07.341678 [debug] [MainThread]: Command end result
[0m00:03:07.373144 [debug] [MainThread]: Wrote artifact WritableManifest to /Users/sakshirai/Desktop/netflixanalysis/netflix_analysis/target/manifest.json
[0m00:03:07.374775 [debug] [MainThread]: Wrote artifact SemanticManifest to /Users/sakshirai/Desktop/netflixanalysis/netflix_analysis/target/semantic_manifest.json
[0m00:03:07.379213 [debug] [MainThread]: Wrote artifact RunExecutionResult to /Users/sakshirai/Desktop/netflixanalysis/netflix_analysis/target/run_results.json
[0m00:03:07.379403 [info ] [MainThread]: 
[0m00:03:07.379605 [info ] [MainThread]: [31mCompleted with 1 error, 0 partial successes, and 0 warnings:[0m
[0m00:03:07.379770 [info ] [MainThread]: 
[0m00:03:07.379958 [error] [MainThread]:   Database Error in test relevance_score_test (tests/relevance_score_test.sql)
  000904 (42000): SQL compilation error: error line 11 at position 2
  invalid identifier 'TAG'
  compiled code at target/run/netflix_analysis/tests/relevance_score_test.sql
[0m00:03:07.380110 [info ] [MainThread]: 
[0m00:03:07.380264 [info ] [MainThread]: Done. PASS=12 WARN=0 ERROR=1 SKIP=0 TOTAL=13
[0m00:03:07.382791 [debug] [MainThread]: Resource report: {"command_name": "test", "command_success": false, "command_wall_clock_time": 4.6003137, "process_in_blocks": "0", "process_kernel_time": 0.267305, "process_mem_max_rss": "184975360", "process_out_blocks": "0", "process_user_time": 1.808801}
[0m00:03:07.383034 [debug] [MainThread]: Command `dbt test` failed at 00:03:07.382988 after 4.60 seconds
[0m00:03:07.383233 [debug] [MainThread]: Sending event: {'category': 'dbt', 'action': 'invocation', 'label': 'end', 'context': [<snowplow_tracker.self_describing_json.SelfDescribingJson object at 0x107be50d0>, <snowplow_tracker.self_describing_json.SelfDescribingJson object at 0x10071d510>, <snowplow_tracker.self_describing_json.SelfDescribingJson object at 0x104c74290>]}
[0m00:03:07.383410 [debug] [MainThread]: Flushing usage events
[0m00:03:08.426490 [debug] [MainThread]: An error was encountered while trying to flush usage events
[0m00:03:19.298932 [debug] [MainThread]: Sending event: {'category': 'dbt', 'action': 'invocation', 'label': 'start', 'context': [<snowplow_tracker.self_describing_json.SelfDescribingJson object at 0x10a0e3ed0>, <snowplow_tracker.self_describing_json.SelfDescribingJson object at 0x10a13cd10>, <snowplow_tracker.self_describing_json.SelfDescribingJson object at 0x10a15fcd0>]}


============================== 00:03:19.300862 | ff16151b-c34b-4c2d-aa95-8979d02eb9c4 ==============================
[0m00:03:19.300862 [info ] [MainThread]: Running with dbt=1.9.0
[0m00:03:19.301116 [debug] [MainThread]: running dbt with arguments {'printer_width': '80', 'indirect_selection': 'eager', 'log_cache_events': 'False', 'write_json': 'True', 'partial_parse': 'True', 'cache_selected_only': 'False', 'warn_error': 'None', 'fail_fast': 'False', 'version_check': 'True', 'log_path': '/Users/sakshirai/Desktop/netflixanalysis/netflix_analysis/logs', 'profiles_dir': '/Users/sakshirai/.dbt', 'debug': 'False', 'use_colors': 'True', 'use_experimental_parser': 'False', 'empty': 'None', 'quiet': 'False', 'no_print': 'None', 'warn_error_options': 'WarnErrorOptions(include=[], exclude=[])', 'invocation_command': 'dbt test', 'introspect': 'True', 'static_parser': 'True', 'target_path': 'None', 'log_format': 'default', 'send_anonymous_usage_stats': 'True'}
[0m00:03:19.456037 [debug] [MainThread]: Sending event: {'category': 'dbt', 'action': 'project_id', 'label': 'ff16151b-c34b-4c2d-aa95-8979d02eb9c4', 'context': [<snowplow_tracker.self_describing_json.SelfDescribingJson object at 0x10a0f8cd0>]}
[0m00:03:19.473803 [debug] [MainThread]: Sending event: {'category': 'dbt', 'action': 'adapter_info', 'label': 'ff16151b-c34b-4c2d-aa95-8979d02eb9c4', 'context': [<snowplow_tracker.self_describing_json.SelfDescribingJson object at 0x10b2f7750>]}
[0m00:03:19.474136 [info ] [MainThread]: Registered adapter: snowflake=1.9.0
[0m00:03:19.520437 [debug] [MainThread]: checksum: c99e828bba267739642b5a3ce85f17518764ea526e0e6c4fdc649171c1a66bff, vars: {}, profile: , target: , version: 1.9.0
[0m00:03:19.576961 [debug] [MainThread]: Partial parsing enabled: 0 files deleted, 0 files added, 1 files changed.
[0m00:03:19.577253 [debug] [MainThread]: Partial parsing: updated file: netflix_analysis://tests/relevance_score_test.sql
[0m00:03:19.640619 [debug] [MainThread]: Sending event: {'category': 'dbt', 'action': 'load_project', 'label': 'ff16151b-c34b-4c2d-aa95-8979d02eb9c4', 'context': [<snowplow_tracker.self_describing_json.SelfDescribingJson object at 0x10b6e9090>]}
[0m00:03:19.678209 [debug] [MainThread]: Wrote artifact WritableManifest to /Users/sakshirai/Desktop/netflixanalysis/netflix_analysis/target/manifest.json
[0m00:03:19.681608 [debug] [MainThread]: Wrote artifact SemanticManifest to /Users/sakshirai/Desktop/netflixanalysis/netflix_analysis/target/semantic_manifest.json
[0m00:03:19.690293 [debug] [MainThread]: Sending event: {'category': 'dbt', 'action': 'resource_counts', 'label': 'ff16151b-c34b-4c2d-aa95-8979d02eb9c4', 'context': [<snowplow_tracker.self_describing_json.SelfDescribingJson object at 0x10cb3fe50>]}
[0m00:03:19.690501 [info ] [MainThread]: Found 14 models, 1 snapshot, 1 seed, 13 data tests, 589 macros
[0m00:03:19.690638 [debug] [MainThread]: Sending event: {'category': 'dbt', 'action': 'runnable_timing', 'label': 'ff16151b-c34b-4c2d-aa95-8979d02eb9c4', 'context': [<snowplow_tracker.self_describing_json.SelfDescribingJson object at 0x10b6d4d90>]}
[0m00:03:19.691595 [info ] [MainThread]: 
[0m00:03:19.691732 [info ] [MainThread]: Concurrency: 1 threads (target='dev')
[0m00:03:19.691829 [info ] [MainThread]: 
[0m00:03:19.692021 [debug] [MainThread]: Acquiring new snowflake connection 'master'
[0m00:03:19.693948 [debug] [ThreadPool]: Acquiring new snowflake connection 'list_MOVIELENS_snapshots'
[0m00:03:19.716792 [debug] [ThreadPool]: Using snowflake connection "list_MOVIELENS_snapshots"
[0m00:03:19.716971 [debug] [ThreadPool]: On list_MOVIELENS_snapshots: /* {"app": "dbt", "dbt_version": "1.9.0", "profile_name": "netflix_analysis", "target_name": "dev", "connection_name": "list_MOVIELENS_snapshots"} */
show objects in MOVIELENS.snapshots limit 10000;
[0m00:03:19.717076 [debug] [ThreadPool]: Opening a new connection, currently in state init
[0m00:03:20.770026 [debug] [ThreadPool]: SQL status: SUCCESS 1 in 1.053 seconds
[0m00:03:20.773832 [debug] [ThreadPool]: Re-using an available connection from the pool (formerly list_MOVIELENS_snapshots, now list_MOVIELENS_DEV)
[0m00:03:20.779068 [debug] [ThreadPool]: Using snowflake connection "list_MOVIELENS_DEV"
[0m00:03:20.779682 [debug] [ThreadPool]: On list_MOVIELENS_DEV: /* {"app": "dbt", "dbt_version": "1.9.0", "profile_name": "netflix_analysis", "target_name": "dev", "connection_name": "list_MOVIELENS_DEV"} */
show objects in MOVIELENS.DEV limit 10000;
[0m00:03:20.919570 [debug] [ThreadPool]: SQL status: SUCCESS 14 in 0.140 seconds
[0m00:03:20.923855 [debug] [MainThread]: Sending event: {'category': 'dbt', 'action': 'runnable_timing', 'label': 'ff16151b-c34b-4c2d-aa95-8979d02eb9c4', 'context': [<snowplow_tracker.self_describing_json.SelfDescribingJson object at 0x10c296050>]}
[0m00:03:20.927048 [debug] [Thread-1 (]: Began running node test.netflix_analysis.not_null_dim_genome_tags_tag_id.f11f861a5f
[0m00:03:20.927501 [info ] [Thread-1 (]: 1 of 13 START test not_null_dim_genome_tags_tag_id ............................. [RUN]
[0m00:03:20.927924 [debug] [Thread-1 (]: Re-using an available connection from the pool (formerly list_MOVIELENS_DEV, now test.netflix_analysis.not_null_dim_genome_tags_tag_id.f11f861a5f)
[0m00:03:20.928217 [debug] [Thread-1 (]: Began compiling node test.netflix_analysis.not_null_dim_genome_tags_tag_id.f11f861a5f
[0m00:03:20.942443 [debug] [Thread-1 (]: Writing injected SQL for node "test.netflix_analysis.not_null_dim_genome_tags_tag_id.f11f861a5f"
[0m00:03:20.943224 [debug] [Thread-1 (]: Began executing node test.netflix_analysis.not_null_dim_genome_tags_tag_id.f11f861a5f
[0m00:03:20.955003 [debug] [Thread-1 (]: Writing runtime sql for node "test.netflix_analysis.not_null_dim_genome_tags_tag_id.f11f861a5f"
[0m00:03:20.955595 [debug] [Thread-1 (]: Using snowflake connection "test.netflix_analysis.not_null_dim_genome_tags_tag_id.f11f861a5f"
[0m00:03:20.955802 [debug] [Thread-1 (]: On test.netflix_analysis.not_null_dim_genome_tags_tag_id.f11f861a5f: /* {"app": "dbt", "dbt_version": "1.9.0", "profile_name": "netflix_analysis", "target_name": "dev", "node_id": "test.netflix_analysis.not_null_dim_genome_tags_tag_id.f11f861a5f"} */
select
      count(*) as failures,
      count(*) != 0 as should_warn,
      count(*) != 0 as should_error
    from (
      
    
  
    
    



select tag_id
from MOVIELENS.DEV.dim_genome_tags
where tag_id is null



  
  
      
    ) dbt_internal_test
[0m00:03:21.070995 [debug] [Thread-1 (]: SQL status: SUCCESS 1 in 0.115 seconds
[0m00:03:21.080677 [info ] [Thread-1 (]: 1 of 13 PASS not_null_dim_genome_tags_tag_id ................................... [[32mPASS[0m in 0.15s]
[0m00:03:21.081274 [debug] [Thread-1 (]: Finished running node test.netflix_analysis.not_null_dim_genome_tags_tag_id.f11f861a5f
[0m00:03:21.081584 [debug] [Thread-1 (]: Began running node test.netflix_analysis.not_null_dim_genome_tags_tag_name.27503c0804
[0m00:03:21.081966 [info ] [Thread-1 (]: 2 of 13 START test not_null_dim_genome_tags_tag_name ........................... [RUN]
[0m00:03:21.082387 [debug] [Thread-1 (]: Re-using an available connection from the pool (formerly test.netflix_analysis.not_null_dim_genome_tags_tag_id.f11f861a5f, now test.netflix_analysis.not_null_dim_genome_tags_tag_name.27503c0804)
[0m00:03:21.082678 [debug] [Thread-1 (]: Began compiling node test.netflix_analysis.not_null_dim_genome_tags_tag_name.27503c0804
[0m00:03:21.086234 [debug] [Thread-1 (]: Writing injected SQL for node "test.netflix_analysis.not_null_dim_genome_tags_tag_name.27503c0804"
[0m00:03:21.086883 [debug] [Thread-1 (]: Began executing node test.netflix_analysis.not_null_dim_genome_tags_tag_name.27503c0804
[0m00:03:21.089004 [debug] [Thread-1 (]: Writing runtime sql for node "test.netflix_analysis.not_null_dim_genome_tags_tag_name.27503c0804"
[0m00:03:21.089901 [debug] [Thread-1 (]: Using snowflake connection "test.netflix_analysis.not_null_dim_genome_tags_tag_name.27503c0804"
[0m00:03:21.090154 [debug] [Thread-1 (]: On test.netflix_analysis.not_null_dim_genome_tags_tag_name.27503c0804: /* {"app": "dbt", "dbt_version": "1.9.0", "profile_name": "netflix_analysis", "target_name": "dev", "node_id": "test.netflix_analysis.not_null_dim_genome_tags_tag_name.27503c0804"} */
select
      count(*) as failures,
      count(*) != 0 as should_warn,
      count(*) != 0 as should_error
    from (
      
    
  
    
    



select tag_name
from MOVIELENS.DEV.dim_genome_tags
where tag_name is null



  
  
      
    ) dbt_internal_test
[0m00:03:21.210449 [debug] [Thread-1 (]: SQL status: SUCCESS 1 in 0.120 seconds
[0m00:03:21.213578 [info ] [Thread-1 (]: 2 of 13 PASS not_null_dim_genome_tags_tag_name ................................. [[32mPASS[0m in 0.13s]
[0m00:03:21.214531 [debug] [Thread-1 (]: Finished running node test.netflix_analysis.not_null_dim_genome_tags_tag_name.27503c0804
[0m00:03:21.215019 [debug] [Thread-1 (]: Began running node test.netflix_analysis.not_null_dim_movies_movie_id.0f96ca970d
[0m00:03:21.215575 [info ] [Thread-1 (]: 3 of 13 START test not_null_dim_movies_movie_id ................................ [RUN]
[0m00:03:21.216186 [debug] [Thread-1 (]: Re-using an available connection from the pool (formerly test.netflix_analysis.not_null_dim_genome_tags_tag_name.27503c0804, now test.netflix_analysis.not_null_dim_movies_movie_id.0f96ca970d)
[0m00:03:21.216580 [debug] [Thread-1 (]: Began compiling node test.netflix_analysis.not_null_dim_movies_movie_id.0f96ca970d
[0m00:03:21.224247 [debug] [Thread-1 (]: Writing injected SQL for node "test.netflix_analysis.not_null_dim_movies_movie_id.0f96ca970d"
[0m00:03:21.225826 [debug] [Thread-1 (]: Began executing node test.netflix_analysis.not_null_dim_movies_movie_id.0f96ca970d
[0m00:03:21.232405 [debug] [Thread-1 (]: Writing runtime sql for node "test.netflix_analysis.not_null_dim_movies_movie_id.0f96ca970d"
[0m00:03:21.233683 [debug] [Thread-1 (]: Using snowflake connection "test.netflix_analysis.not_null_dim_movies_movie_id.0f96ca970d"
[0m00:03:21.233999 [debug] [Thread-1 (]: On test.netflix_analysis.not_null_dim_movies_movie_id.0f96ca970d: /* {"app": "dbt", "dbt_version": "1.9.0", "profile_name": "netflix_analysis", "target_name": "dev", "node_id": "test.netflix_analysis.not_null_dim_movies_movie_id.0f96ca970d"} */
select
      count(*) as failures,
      count(*) != 0 as should_warn,
      count(*) != 0 as should_error
    from (
      
    
  
    
    



select movie_id
from MOVIELENS.DEV.dim_movies
where movie_id is null



  
  
      
    ) dbt_internal_test
[0m00:03:21.358758 [debug] [Thread-1 (]: SQL status: SUCCESS 1 in 0.124 seconds
[0m00:03:21.362207 [info ] [Thread-1 (]: 3 of 13 PASS not_null_dim_movies_movie_id ...................................... [[32mPASS[0m in 0.15s]
[0m00:03:21.363168 [debug] [Thread-1 (]: Finished running node test.netflix_analysis.not_null_dim_movies_movie_id.0f96ca970d
[0m00:03:21.363690 [debug] [Thread-1 (]: Began running node test.netflix_analysis.not_null_dim_movies_movie_title.0206534c81
[0m00:03:21.364266 [info ] [Thread-1 (]: 4 of 13 START test not_null_dim_movies_movie_title ............................. [RUN]
[0m00:03:21.364875 [debug] [Thread-1 (]: Re-using an available connection from the pool (formerly test.netflix_analysis.not_null_dim_movies_movie_id.0f96ca970d, now test.netflix_analysis.not_null_dim_movies_movie_title.0206534c81)
[0m00:03:21.365272 [debug] [Thread-1 (]: Began compiling node test.netflix_analysis.not_null_dim_movies_movie_title.0206534c81
[0m00:03:21.372147 [debug] [Thread-1 (]: Writing injected SQL for node "test.netflix_analysis.not_null_dim_movies_movie_title.0206534c81"
[0m00:03:21.373644 [debug] [Thread-1 (]: Began executing node test.netflix_analysis.not_null_dim_movies_movie_title.0206534c81
[0m00:03:21.377501 [debug] [Thread-1 (]: Writing runtime sql for node "test.netflix_analysis.not_null_dim_movies_movie_title.0206534c81"
[0m00:03:21.378589 [debug] [Thread-1 (]: Using snowflake connection "test.netflix_analysis.not_null_dim_movies_movie_title.0206534c81"
[0m00:03:21.378875 [debug] [Thread-1 (]: On test.netflix_analysis.not_null_dim_movies_movie_title.0206534c81: /* {"app": "dbt", "dbt_version": "1.9.0", "profile_name": "netflix_analysis", "target_name": "dev", "node_id": "test.netflix_analysis.not_null_dim_movies_movie_title.0206534c81"} */
select
      count(*) as failures,
      count(*) != 0 as should_warn,
      count(*) != 0 as should_error
    from (
      
    
  
    
    



select movie_title
from MOVIELENS.DEV.dim_movies
where movie_title is null



  
  
      
    ) dbt_internal_test
[0m00:03:21.504302 [debug] [Thread-1 (]: SQL status: SUCCESS 1 in 0.125 seconds
[0m00:03:21.508359 [info ] [Thread-1 (]: 4 of 13 PASS not_null_dim_movies_movie_title ................................... [[32mPASS[0m in 0.14s]
[0m00:03:21.509240 [debug] [Thread-1 (]: Finished running node test.netflix_analysis.not_null_dim_movies_movie_title.0206534c81
[0m00:03:21.509786 [debug] [Thread-1 (]: Began running node test.netflix_analysis.not_null_dim_users_user_id.e754bb5812
[0m00:03:21.510294 [info ] [Thread-1 (]: 5 of 13 START test not_null_dim_users_user_id .................................. [RUN]
[0m00:03:21.510908 [debug] [Thread-1 (]: Re-using an available connection from the pool (formerly test.netflix_analysis.not_null_dim_movies_movie_title.0206534c81, now test.netflix_analysis.not_null_dim_users_user_id.e754bb5812)
[0m00:03:21.511272 [debug] [Thread-1 (]: Began compiling node test.netflix_analysis.not_null_dim_users_user_id.e754bb5812
[0m00:03:21.518016 [debug] [Thread-1 (]: Writing injected SQL for node "test.netflix_analysis.not_null_dim_users_user_id.e754bb5812"
[0m00:03:21.519976 [debug] [Thread-1 (]: Began executing node test.netflix_analysis.not_null_dim_users_user_id.e754bb5812
[0m00:03:21.523664 [debug] [Thread-1 (]: Writing runtime sql for node "test.netflix_analysis.not_null_dim_users_user_id.e754bb5812"
[0m00:03:21.524915 [debug] [Thread-1 (]: Using snowflake connection "test.netflix_analysis.not_null_dim_users_user_id.e754bb5812"
[0m00:03:21.525283 [debug] [Thread-1 (]: On test.netflix_analysis.not_null_dim_users_user_id.e754bb5812: /* {"app": "dbt", "dbt_version": "1.9.0", "profile_name": "netflix_analysis", "target_name": "dev", "node_id": "test.netflix_analysis.not_null_dim_users_user_id.e754bb5812"} */
select
      count(*) as failures,
      count(*) != 0 as should_warn,
      count(*) != 0 as should_error
    from (
      
    
  
    
    



select user_id
from MOVIELENS.DEV.dim_users
where user_id is null



  
  
      
    ) dbt_internal_test
[0m00:03:21.648375 [debug] [Thread-1 (]: SQL status: SUCCESS 1 in 0.123 seconds
[0m00:03:21.651390 [info ] [Thread-1 (]: 5 of 13 PASS not_null_dim_users_user_id ........................................ [[32mPASS[0m in 0.14s]
[0m00:03:21.652120 [debug] [Thread-1 (]: Finished running node test.netflix_analysis.not_null_dim_users_user_id.e754bb5812
[0m00:03:21.652603 [debug] [Thread-1 (]: Began running node test.netflix_analysis.not_null_fct_genome_scores_movie_id.d1288b589a
[0m00:03:21.653092 [info ] [Thread-1 (]: 6 of 13 START test not_null_fct_genome_scores_movie_id ......................... [RUN]
[0m00:03:21.653628 [debug] [Thread-1 (]: Re-using an available connection from the pool (formerly test.netflix_analysis.not_null_dim_users_user_id.e754bb5812, now test.netflix_analysis.not_null_fct_genome_scores_movie_id.d1288b589a)
[0m00:03:21.654001 [debug] [Thread-1 (]: Began compiling node test.netflix_analysis.not_null_fct_genome_scores_movie_id.d1288b589a
[0m00:03:21.658387 [debug] [Thread-1 (]: Writing injected SQL for node "test.netflix_analysis.not_null_fct_genome_scores_movie_id.d1288b589a"
[0m00:03:21.659242 [debug] [Thread-1 (]: Began executing node test.netflix_analysis.not_null_fct_genome_scores_movie_id.d1288b589a
[0m00:03:21.661858 [debug] [Thread-1 (]: Writing runtime sql for node "test.netflix_analysis.not_null_fct_genome_scores_movie_id.d1288b589a"
[0m00:03:21.662750 [debug] [Thread-1 (]: Using snowflake connection "test.netflix_analysis.not_null_fct_genome_scores_movie_id.d1288b589a"
[0m00:03:21.663034 [debug] [Thread-1 (]: On test.netflix_analysis.not_null_fct_genome_scores_movie_id.d1288b589a: /* {"app": "dbt", "dbt_version": "1.9.0", "profile_name": "netflix_analysis", "target_name": "dev", "node_id": "test.netflix_analysis.not_null_fct_genome_scores_movie_id.d1288b589a"} */
select
      count(*) as failures,
      count(*) != 0 as should_warn,
      count(*) != 0 as should_error
    from (
      
    
  
    
    



select movie_id
from MOVIELENS.DEV.fct_genome_scores
where movie_id is null



  
  
      
    ) dbt_internal_test
[0m00:03:21.793991 [debug] [Thread-1 (]: SQL status: SUCCESS 1 in 0.131 seconds
[0m00:03:21.797074 [info ] [Thread-1 (]: 6 of 13 PASS not_null_fct_genome_scores_movie_id ............................... [[32mPASS[0m in 0.14s]
[0m00:03:21.797872 [debug] [Thread-1 (]: Finished running node test.netflix_analysis.not_null_fct_genome_scores_movie_id.d1288b589a
[0m00:03:21.798315 [debug] [Thread-1 (]: Began running node test.netflix_analysis.not_null_fct_genome_scores_relevance_score.20561448f1
[0m00:03:21.798774 [info ] [Thread-1 (]: 7 of 13 START test not_null_fct_genome_scores_relevance_score .................. [RUN]
[0m00:03:21.799287 [debug] [Thread-1 (]: Re-using an available connection from the pool (formerly test.netflix_analysis.not_null_fct_genome_scores_movie_id.d1288b589a, now test.netflix_analysis.not_null_fct_genome_scores_relevance_score.20561448f1)
[0m00:03:21.799672 [debug] [Thread-1 (]: Began compiling node test.netflix_analysis.not_null_fct_genome_scores_relevance_score.20561448f1
[0m00:03:21.806952 [debug] [Thread-1 (]: Writing injected SQL for node "test.netflix_analysis.not_null_fct_genome_scores_relevance_score.20561448f1"
[0m00:03:21.811394 [debug] [Thread-1 (]: Began executing node test.netflix_analysis.not_null_fct_genome_scores_relevance_score.20561448f1
[0m00:03:21.814749 [debug] [Thread-1 (]: Writing runtime sql for node "test.netflix_analysis.not_null_fct_genome_scores_relevance_score.20561448f1"
[0m00:03:21.815902 [debug] [Thread-1 (]: Using snowflake connection "test.netflix_analysis.not_null_fct_genome_scores_relevance_score.20561448f1"
[0m00:03:21.816208 [debug] [Thread-1 (]: On test.netflix_analysis.not_null_fct_genome_scores_relevance_score.20561448f1: /* {"app": "dbt", "dbt_version": "1.9.0", "profile_name": "netflix_analysis", "target_name": "dev", "node_id": "test.netflix_analysis.not_null_fct_genome_scores_relevance_score.20561448f1"} */
select
      count(*) as failures,
      count(*) != 0 as should_warn,
      count(*) != 0 as should_error
    from (
      
    
  
    
    



select relevance_score
from MOVIELENS.DEV.fct_genome_scores
where relevance_score is null



  
  
      
    ) dbt_internal_test
[0m00:03:21.935627 [debug] [Thread-1 (]: SQL status: SUCCESS 1 in 0.119 seconds
[0m00:03:21.939599 [info ] [Thread-1 (]: 7 of 13 PASS not_null_fct_genome_scores_relevance_score ........................ [[32mPASS[0m in 0.14s]
[0m00:03:21.940579 [debug] [Thread-1 (]: Finished running node test.netflix_analysis.not_null_fct_genome_scores_relevance_score.20561448f1
[0m00:03:21.941079 [debug] [Thread-1 (]: Began running node test.netflix_analysis.not_null_fct_genome_scores_tag_id.eb610dc620
[0m00:03:21.941637 [info ] [Thread-1 (]: 8 of 13 START test not_null_fct_genome_scores_tag_id ........................... [RUN]
[0m00:03:21.942219 [debug] [Thread-1 (]: Re-using an available connection from the pool (formerly test.netflix_analysis.not_null_fct_genome_scores_relevance_score.20561448f1, now test.netflix_analysis.not_null_fct_genome_scores_tag_id.eb610dc620)
[0m00:03:21.942632 [debug] [Thread-1 (]: Began compiling node test.netflix_analysis.not_null_fct_genome_scores_tag_id.eb610dc620
[0m00:03:21.953035 [debug] [Thread-1 (]: Writing injected SQL for node "test.netflix_analysis.not_null_fct_genome_scores_tag_id.eb610dc620"
[0m00:03:21.953845 [debug] [Thread-1 (]: Began executing node test.netflix_analysis.not_null_fct_genome_scores_tag_id.eb610dc620
[0m00:03:21.956929 [debug] [Thread-1 (]: Writing runtime sql for node "test.netflix_analysis.not_null_fct_genome_scores_tag_id.eb610dc620"
[0m00:03:21.957931 [debug] [Thread-1 (]: Using snowflake connection "test.netflix_analysis.not_null_fct_genome_scores_tag_id.eb610dc620"
[0m00:03:21.958280 [debug] [Thread-1 (]: On test.netflix_analysis.not_null_fct_genome_scores_tag_id.eb610dc620: /* {"app": "dbt", "dbt_version": "1.9.0", "profile_name": "netflix_analysis", "target_name": "dev", "node_id": "test.netflix_analysis.not_null_fct_genome_scores_tag_id.eb610dc620"} */
select
      count(*) as failures,
      count(*) != 0 as should_warn,
      count(*) != 0 as should_error
    from (
      
    
  
    
    



select tag_id
from MOVIELENS.DEV.fct_genome_scores
where tag_id is null



  
  
      
    ) dbt_internal_test
[0m00:03:22.072664 [debug] [Thread-1 (]: SQL status: SUCCESS 1 in 0.114 seconds
[0m00:03:22.076406 [info ] [Thread-1 (]: 8 of 13 PASS not_null_fct_genome_scores_tag_id ................................. [[32mPASS[0m in 0.13s]
[0m00:03:22.077673 [debug] [Thread-1 (]: Finished running node test.netflix_analysis.not_null_fct_genome_scores_tag_id.eb610dc620
[0m00:03:22.078225 [debug] [Thread-1 (]: Began running node test.netflix_analysis.not_null_fct_ratings_movie_id.68d088c553
[0m00:03:22.078779 [info ] [Thread-1 (]: 9 of 13 START test not_null_fct_ratings_movie_id ............................... [RUN]
[0m00:03:22.079439 [debug] [Thread-1 (]: Re-using an available connection from the pool (formerly test.netflix_analysis.not_null_fct_genome_scores_tag_id.eb610dc620, now test.netflix_analysis.not_null_fct_ratings_movie_id.68d088c553)
[0m00:03:22.079803 [debug] [Thread-1 (]: Began compiling node test.netflix_analysis.not_null_fct_ratings_movie_id.68d088c553
[0m00:03:22.088083 [debug] [Thread-1 (]: Writing injected SQL for node "test.netflix_analysis.not_null_fct_ratings_movie_id.68d088c553"
[0m00:03:22.089474 [debug] [Thread-1 (]: Began executing node test.netflix_analysis.not_null_fct_ratings_movie_id.68d088c553
[0m00:03:22.092846 [debug] [Thread-1 (]: Writing runtime sql for node "test.netflix_analysis.not_null_fct_ratings_movie_id.68d088c553"
[0m00:03:22.093833 [debug] [Thread-1 (]: Using snowflake connection "test.netflix_analysis.not_null_fct_ratings_movie_id.68d088c553"
[0m00:03:22.094133 [debug] [Thread-1 (]: On test.netflix_analysis.not_null_fct_ratings_movie_id.68d088c553: /* {"app": "dbt", "dbt_version": "1.9.0", "profile_name": "netflix_analysis", "target_name": "dev", "node_id": "test.netflix_analysis.not_null_fct_ratings_movie_id.68d088c553"} */
select
      count(*) as failures,
      count(*) != 0 as should_warn,
      count(*) != 0 as should_error
    from (
      
    
  
    
    



select movie_id
from MOVIELENS.DEV.fct_ratings
where movie_id is null



  
  
      
    ) dbt_internal_test
[0m00:03:22.213325 [debug] [Thread-1 (]: SQL status: SUCCESS 1 in 0.119 seconds
[0m00:03:22.216116 [info ] [Thread-1 (]: 9 of 13 PASS not_null_fct_ratings_movie_id ..................................... [[32mPASS[0m in 0.14s]
[0m00:03:22.216811 [debug] [Thread-1 (]: Finished running node test.netflix_analysis.not_null_fct_ratings_movie_id.68d088c553
[0m00:03:22.217210 [debug] [Thread-1 (]: Began running node test.netflix_analysis.not_null_fct_ratings_rating.25c6481558
[0m00:03:22.217654 [info ] [Thread-1 (]: 10 of 13 START test not_null_fct_ratings_rating ................................ [RUN]
[0m00:03:22.218679 [debug] [Thread-1 (]: Re-using an available connection from the pool (formerly test.netflix_analysis.not_null_fct_ratings_movie_id.68d088c553, now test.netflix_analysis.not_null_fct_ratings_rating.25c6481558)
[0m00:03:22.219366 [debug] [Thread-1 (]: Began compiling node test.netflix_analysis.not_null_fct_ratings_rating.25c6481558
[0m00:03:22.226075 [debug] [Thread-1 (]: Writing injected SQL for node "test.netflix_analysis.not_null_fct_ratings_rating.25c6481558"
[0m00:03:22.228055 [debug] [Thread-1 (]: Began executing node test.netflix_analysis.not_null_fct_ratings_rating.25c6481558
[0m00:03:22.232575 [debug] [Thread-1 (]: Writing runtime sql for node "test.netflix_analysis.not_null_fct_ratings_rating.25c6481558"
[0m00:03:22.233558 [debug] [Thread-1 (]: Using snowflake connection "test.netflix_analysis.not_null_fct_ratings_rating.25c6481558"
[0m00:03:22.233908 [debug] [Thread-1 (]: On test.netflix_analysis.not_null_fct_ratings_rating.25c6481558: /* {"app": "dbt", "dbt_version": "1.9.0", "profile_name": "netflix_analysis", "target_name": "dev", "node_id": "test.netflix_analysis.not_null_fct_ratings_rating.25c6481558"} */
select
      count(*) as failures,
      count(*) != 0 as should_warn,
      count(*) != 0 as should_error
    from (
      
    
  
    
    



select rating
from MOVIELENS.DEV.fct_ratings
where rating is null



  
  
      
    ) dbt_internal_test
[0m00:03:22.411399 [debug] [Thread-1 (]: SQL status: SUCCESS 1 in 0.177 seconds
[0m00:03:22.414792 [info ] [Thread-1 (]: 10 of 13 PASS not_null_fct_ratings_rating ...................................... [[32mPASS[0m in 0.20s]
[0m00:03:22.415625 [debug] [Thread-1 (]: Finished running node test.netflix_analysis.not_null_fct_ratings_rating.25c6481558
[0m00:03:22.416083 [debug] [Thread-1 (]: Began running node test.netflix_analysis.not_null_fct_ratings_user_id.652655a4cf
[0m00:03:22.416565 [info ] [Thread-1 (]: 11 of 13 START test not_null_fct_ratings_user_id ............................... [RUN]
[0m00:03:22.417097 [debug] [Thread-1 (]: Re-using an available connection from the pool (formerly test.netflix_analysis.not_null_fct_ratings_rating.25c6481558, now test.netflix_analysis.not_null_fct_ratings_user_id.652655a4cf)
[0m00:03:22.417466 [debug] [Thread-1 (]: Began compiling node test.netflix_analysis.not_null_fct_ratings_user_id.652655a4cf
[0m00:03:22.423710 [debug] [Thread-1 (]: Writing injected SQL for node "test.netflix_analysis.not_null_fct_ratings_user_id.652655a4cf"
[0m00:03:22.425116 [debug] [Thread-1 (]: Began executing node test.netflix_analysis.not_null_fct_ratings_user_id.652655a4cf
[0m00:03:22.428990 [debug] [Thread-1 (]: Writing runtime sql for node "test.netflix_analysis.not_null_fct_ratings_user_id.652655a4cf"
[0m00:03:22.430165 [debug] [Thread-1 (]: Using snowflake connection "test.netflix_analysis.not_null_fct_ratings_user_id.652655a4cf"
[0m00:03:22.430504 [debug] [Thread-1 (]: On test.netflix_analysis.not_null_fct_ratings_user_id.652655a4cf: /* {"app": "dbt", "dbt_version": "1.9.0", "profile_name": "netflix_analysis", "target_name": "dev", "node_id": "test.netflix_analysis.not_null_fct_ratings_user_id.652655a4cf"} */
select
      count(*) as failures,
      count(*) != 0 as should_warn,
      count(*) != 0 as should_error
    from (
      
    
  
    
    



select user_id
from MOVIELENS.DEV.fct_ratings
where user_id is null



  
  
      
    ) dbt_internal_test
[0m00:03:22.550438 [debug] [Thread-1 (]: SQL status: SUCCESS 1 in 0.119 seconds
[0m00:03:22.554408 [info ] [Thread-1 (]: 11 of 13 PASS not_null_fct_ratings_user_id ..................................... [[32mPASS[0m in 0.14s]
[0m00:03:22.555343 [debug] [Thread-1 (]: Finished running node test.netflix_analysis.not_null_fct_ratings_user_id.652655a4cf
[0m00:03:22.555846 [debug] [Thread-1 (]: Began running node test.netflix_analysis.relationships_fct_ratings_movie_id__movie_id__ref_dim_movies_.fb3ebb34b0
[0m00:03:22.556391 [info ] [Thread-1 (]: 12 of 13 START test relationships_fct_ratings_movie_id__movie_id__ref_dim_movies_  [RUN]
[0m00:03:22.556979 [debug] [Thread-1 (]: Re-using an available connection from the pool (formerly test.netflix_analysis.not_null_fct_ratings_user_id.652655a4cf, now test.netflix_analysis.relationships_fct_ratings_movie_id__movie_id__ref_dim_movies_.fb3ebb34b0)
[0m00:03:22.557395 [debug] [Thread-1 (]: Began compiling node test.netflix_analysis.relationships_fct_ratings_movie_id__movie_id__ref_dim_movies_.fb3ebb34b0
[0m00:03:22.568323 [debug] [Thread-1 (]: Writing injected SQL for node "test.netflix_analysis.relationships_fct_ratings_movie_id__movie_id__ref_dim_movies_.fb3ebb34b0"
[0m00:03:22.569286 [debug] [Thread-1 (]: Began executing node test.netflix_analysis.relationships_fct_ratings_movie_id__movie_id__ref_dim_movies_.fb3ebb34b0
[0m00:03:22.574577 [debug] [Thread-1 (]: Writing runtime sql for node "test.netflix_analysis.relationships_fct_ratings_movie_id__movie_id__ref_dim_movies_.fb3ebb34b0"
[0m00:03:22.575751 [debug] [Thread-1 (]: Using snowflake connection "test.netflix_analysis.relationships_fct_ratings_movie_id__movie_id__ref_dim_movies_.fb3ebb34b0"
[0m00:03:22.576034 [debug] [Thread-1 (]: On test.netflix_analysis.relationships_fct_ratings_movie_id__movie_id__ref_dim_movies_.fb3ebb34b0: /* {"app": "dbt", "dbt_version": "1.9.0", "profile_name": "netflix_analysis", "target_name": "dev", "node_id": "test.netflix_analysis.relationships_fct_ratings_movie_id__movie_id__ref_dim_movies_.fb3ebb34b0"} */
select
      count(*) as failures,
      count(*) != 0 as should_warn,
      count(*) != 0 as should_error
    from (
      
    
  
    
    

with child as (
    select movie_id as from_field
    from MOVIELENS.DEV.fct_ratings
    where movie_id is not null
),

parent as (
    select movie_id as to_field
    from MOVIELENS.DEV.dim_movies
)

select
    from_field

from child
left join parent
    on child.from_field = parent.to_field

where parent.to_field is null



  
  
      
    ) dbt_internal_test
[0m00:03:22.697247 [debug] [Thread-1 (]: SQL status: SUCCESS 1 in 0.121 seconds
[0m00:03:22.700629 [info ] [Thread-1 (]: 12 of 13 PASS relationships_fct_ratings_movie_id__movie_id__ref_dim_movies_ .... [[32mPASS[0m in 0.14s]
[0m00:03:22.701396 [debug] [Thread-1 (]: Finished running node test.netflix_analysis.relationships_fct_ratings_movie_id__movie_id__ref_dim_movies_.fb3ebb34b0
[0m00:03:22.701862 [debug] [Thread-1 (]: Began running node test.netflix_analysis.relevance_score_test
[0m00:03:22.702450 [info ] [Thread-1 (]: 13 of 13 START test relevance_score_test ....................................... [RUN]
[0m00:03:22.703096 [debug] [Thread-1 (]: Re-using an available connection from the pool (formerly test.netflix_analysis.relationships_fct_ratings_movie_id__movie_id__ref_dim_movies_.fb3ebb34b0, now test.netflix_analysis.relevance_score_test)
[0m00:03:22.703509 [debug] [Thread-1 (]: Began compiling node test.netflix_analysis.relevance_score_test
[0m00:03:22.709001 [debug] [Thread-1 (]: Writing injected SQL for node "test.netflix_analysis.relevance_score_test"
[0m00:03:22.710246 [debug] [Thread-1 (]: Began executing node test.netflix_analysis.relevance_score_test
[0m00:03:22.714143 [debug] [Thread-1 (]: Writing runtime sql for node "test.netflix_analysis.relevance_score_test"
[0m00:03:22.715085 [debug] [Thread-1 (]: Using snowflake connection "test.netflix_analysis.relevance_score_test"
[0m00:03:22.715404 [debug] [Thread-1 (]: On test.netflix_analysis.relevance_score_test: /* {"app": "dbt", "dbt_version": "1.9.0", "profile_name": "netflix_analysis", "target_name": "dev", "node_id": "test.netflix_analysis.relevance_score_test"} */
select
      count(*) as failures,
      count(*) != 0 as should_warn,
      count(*) != 0 as should_error
    from (
      
    
  SELECT
  movie_id,
  relevance_score,
  tag
FROM MOVIELENS.DEV.fct_genome_scores
WHERE relevance_score<=0
  
  
      
    ) dbt_internal_test
[0m00:03:22.834440 [debug] [Thread-1 (]: Snowflake adapter: Snowflake query id: 01c3f8f9-000d-b0b4-0000-00000c31cf99
[0m00:03:22.835038 [debug] [Thread-1 (]: Snowflake adapter: Snowflake error: 000904 (42000): SQL compilation error: error line 11 at position 2
invalid identifier 'TAG'
[0m00:03:22.839566 [debug] [Thread-1 (]: Database Error in test relevance_score_test (tests/relevance_score_test.sql)
  000904 (42000): SQL compilation error: error line 11 at position 2
  invalid identifier 'TAG'
  compiled code at target/run/netflix_analysis/tests/relevance_score_test.sql
[0m00:03:22.840591 [error] [Thread-1 (]: 13 of 13 ERROR relevance_score_test ............................................ [[31mERROR[0m in 0.14s]
[0m00:03:22.841402 [debug] [Thread-1 (]: Finished running node test.netflix_analysis.relevance_score_test
[0m00:03:22.842170 [debug] [Thread-4 (]: Marking all children of 'test.netflix_analysis.relevance_score_test' to be skipped because of status 'error'.  Reason: Database Error in test relevance_score_test (tests/relevance_score_test.sql)
  000904 (42000): SQL compilation error: error line 11 at position 2
  invalid identifier 'TAG'
  compiled code at target/run/netflix_analysis/tests/relevance_score_test.sql.
[0m00:03:22.845028 [debug] [MainThread]: Connection 'master' was properly closed.
[0m00:03:22.845822 [debug] [MainThread]: Connection 'test.netflix_analysis.relevance_score_test' was left open.
[0m00:03:22.846205 [debug] [MainThread]: On test.netflix_analysis.relevance_score_test: Close
[0m00:03:23.055808 [info ] [MainThread]: 
[0m00:03:23.056831 [info ] [MainThread]: Finished running 13 data tests in 0 hours 0 minutes and 3.36 seconds (3.36s).
[0m00:03:23.059159 [debug] [MainThread]: Command end result
[0m00:03:23.088280 [debug] [MainThread]: Wrote artifact WritableManifest to /Users/sakshirai/Desktop/netflixanalysis/netflix_analysis/target/manifest.json
[0m00:03:23.089539 [debug] [MainThread]: Wrote artifact SemanticManifest to /Users/sakshirai/Desktop/netflixanalysis/netflix_analysis/target/semantic_manifest.json
[0m00:03:23.093520 [debug] [MainThread]: Wrote artifact RunExecutionResult to /Users/sakshirai/Desktop/netflixanalysis/netflix_analysis/target/run_results.json
[0m00:03:23.093701 [info ] [MainThread]: 
[0m00:03:23.093898 [info ] [MainThread]: [31mCompleted with 1 error, 0 partial successes, and 0 warnings:[0m
[0m00:03:23.094061 [info ] [MainThread]: 
[0m00:03:23.094252 [error] [MainThread]:   Database Error in test relevance_score_test (tests/relevance_score_test.sql)
  000904 (42000): SQL compilation error: error line 11 at position 2
  invalid identifier 'TAG'
  compiled code at target/run/netflix_analysis/tests/relevance_score_test.sql
[0m00:03:23.094413 [info ] [MainThread]: 
[0m00:03:23.094576 [info ] [MainThread]: Done. PASS=12 WARN=0 ERROR=1 SKIP=0 TOTAL=13
[0m00:03:23.096502 [debug] [MainThread]: Resource report: {"command_name": "test", "command_success": false, "command_wall_clock_time": 3.821077, "process_in_blocks": "0", "process_kernel_time": 0.221953, "process_mem_max_rss": "179896320", "process_out_blocks": "0", "process_user_time": 1.280009}
[0m00:03:23.096729 [debug] [MainThread]: Command `dbt test` failed at 00:03:23.096686 after 3.82 seconds
[0m00:03:23.096922 [debug] [MainThread]: Sending event: {'category': 'dbt', 'action': 'invocation', 'label': 'end', 'context': [<snowplow_tracker.self_describing_json.SelfDescribingJson object at 0x10cb690d0>, <snowplow_tracker.self_describing_json.SelfDescribingJson object at 0x104b19510>, <snowplow_tracker.self_describing_json.SelfDescribingJson object at 0x10a15f850>]}
[0m00:03:23.097123 [debug] [MainThread]: Flushing usage events
[0m00:03:23.999948 [debug] [MainThread]: An error was encountered while trying to flush usage events
[0m00:03:31.321728 [debug] [MainThread]: Sending event: {'category': 'dbt', 'action': 'invocation', 'label': 'start', 'context': [<snowplow_tracker.self_describing_json.SelfDescribingJson object at 0x107ee9b10>, <snowplow_tracker.self_describing_json.SelfDescribingJson object at 0x107f5f590>, <snowplow_tracker.self_describing_json.SelfDescribingJson object at 0x107f5fc50>]}


============================== 00:03:31.323623 | 1b71e2fc-539a-4564-b54a-931a4663ea1a ==============================
[0m00:03:31.323623 [info ] [MainThread]: Running with dbt=1.9.0
[0m00:03:31.323872 [debug] [MainThread]: running dbt with arguments {'printer_width': '80', 'indirect_selection': 'eager', 'log_cache_events': 'False', 'write_json': 'True', 'partial_parse': 'True', 'cache_selected_only': 'False', 'profiles_dir': '/Users/sakshirai/.dbt', 'version_check': 'True', 'fail_fast': 'False', 'log_path': '/Users/sakshirai/Desktop/netflixanalysis/netflix_analysis/logs', 'warn_error': 'None', 'debug': 'False', 'use_colors': 'True', 'use_experimental_parser': 'False', 'no_print': 'None', 'quiet': 'False', 'empty': 'None', 'warn_error_options': 'WarnErrorOptions(include=[], exclude=[])', 'introspect': 'True', 'invocation_command': 'dbt test', 'static_parser': 'True', 'target_path': 'None', 'log_format': 'default', 'send_anonymous_usage_stats': 'True'}
[0m00:03:31.482690 [debug] [MainThread]: Sending event: {'category': 'dbt', 'action': 'project_id', 'label': '1b71e2fc-539a-4564-b54a-931a4663ea1a', 'context': [<snowplow_tracker.self_describing_json.SelfDescribingJson object at 0x10993a990>]}
[0m00:03:31.500548 [debug] [MainThread]: Sending event: {'category': 'dbt', 'action': 'adapter_info', 'label': '1b71e2fc-539a-4564-b54a-931a4663ea1a', 'context': [<snowplow_tracker.self_describing_json.SelfDescribingJson object at 0x1097f3710>]}
[0m00:03:31.500887 [info ] [MainThread]: Registered adapter: snowflake=1.9.0
[0m00:03:31.560878 [debug] [MainThread]: checksum: c99e828bba267739642b5a3ce85f17518764ea526e0e6c4fdc649171c1a66bff, vars: {}, profile: , target: , version: 1.9.0
[0m00:03:31.618296 [debug] [MainThread]: Partial parsing enabled: 0 files deleted, 0 files added, 0 files changed.
[0m00:03:31.618489 [debug] [MainThread]: Partial parsing enabled, no changes found, skipping parsing
[0m00:03:31.641415 [debug] [MainThread]: Sending event: {'category': 'dbt', 'action': 'load_project', 'label': '1b71e2fc-539a-4564-b54a-931a4663ea1a', 'context': [<snowplow_tracker.self_describing_json.SelfDescribingJson object at 0x10ac05b90>]}
[0m00:03:31.680119 [debug] [MainThread]: Wrote artifact WritableManifest to /Users/sakshirai/Desktop/netflixanalysis/netflix_analysis/target/manifest.json
[0m00:03:31.683775 [debug] [MainThread]: Wrote artifact SemanticManifest to /Users/sakshirai/Desktop/netflixanalysis/netflix_analysis/target/semantic_manifest.json
[0m00:03:31.692539 [debug] [MainThread]: Sending event: {'category': 'dbt', 'action': 'resource_counts', 'label': '1b71e2fc-539a-4564-b54a-931a4663ea1a', 'context': [<snowplow_tracker.self_describing_json.SelfDescribingJson object at 0x10b063ed0>]}
[0m00:03:31.692749 [info ] [MainThread]: Found 14 models, 1 snapshot, 1 seed, 13 data tests, 589 macros
[0m00:03:31.692881 [debug] [MainThread]: Sending event: {'category': 'dbt', 'action': 'runnable_timing', 'label': '1b71e2fc-539a-4564-b54a-931a4663ea1a', 'context': [<snowplow_tracker.self_describing_json.SelfDescribingJson object at 0x109984110>]}
[0m00:03:31.693833 [info ] [MainThread]: 
[0m00:03:31.693970 [info ] [MainThread]: Concurrency: 1 threads (target='dev')
[0m00:03:31.694067 [info ] [MainThread]: 
[0m00:03:31.694260 [debug] [MainThread]: Acquiring new snowflake connection 'master'
[0m00:03:31.696175 [debug] [ThreadPool]: Acquiring new snowflake connection 'list_MOVIELENS_snapshots'
[0m00:03:31.719662 [debug] [ThreadPool]: Using snowflake connection "list_MOVIELENS_snapshots"
[0m00:03:31.719848 [debug] [ThreadPool]: On list_MOVIELENS_snapshots: /* {"app": "dbt", "dbt_version": "1.9.0", "profile_name": "netflix_analysis", "target_name": "dev", "connection_name": "list_MOVIELENS_snapshots"} */
show objects in MOVIELENS.snapshots limit 10000;
[0m00:03:31.719959 [debug] [ThreadPool]: Opening a new connection, currently in state init
[0m00:03:32.544786 [debug] [ThreadPool]: SQL status: SUCCESS 1 in 0.825 seconds
[0m00:03:32.549580 [debug] [ThreadPool]: Re-using an available connection from the pool (formerly list_MOVIELENS_snapshots, now list_MOVIELENS_DEV)
[0m00:03:32.554697 [debug] [ThreadPool]: Using snowflake connection "list_MOVIELENS_DEV"
[0m00:03:32.555349 [debug] [ThreadPool]: On list_MOVIELENS_DEV: /* {"app": "dbt", "dbt_version": "1.9.0", "profile_name": "netflix_analysis", "target_name": "dev", "connection_name": "list_MOVIELENS_DEV"} */
show objects in MOVIELENS.DEV limit 10000;
[0m00:03:32.687084 [debug] [ThreadPool]: SQL status: SUCCESS 14 in 0.131 seconds
[0m00:03:32.693778 [debug] [MainThread]: Sending event: {'category': 'dbt', 'action': 'runnable_timing', 'label': '1b71e2fc-539a-4564-b54a-931a4663ea1a', 'context': [<snowplow_tracker.self_describing_json.SelfDescribingJson object at 0x10adeb250>]}
[0m00:03:32.696122 [debug] [Thread-1 (]: Began running node test.netflix_analysis.not_null_dim_genome_tags_tag_id.f11f861a5f
[0m00:03:32.696620 [info ] [Thread-1 (]: 1 of 13 START test not_null_dim_genome_tags_tag_id ............................. [RUN]
[0m00:03:32.697126 [debug] [Thread-1 (]: Re-using an available connection from the pool (formerly list_MOVIELENS_DEV, now test.netflix_analysis.not_null_dim_genome_tags_tag_id.f11f861a5f)
[0m00:03:32.697468 [debug] [Thread-1 (]: Began compiling node test.netflix_analysis.not_null_dim_genome_tags_tag_id.f11f861a5f
[0m00:03:32.714743 [debug] [Thread-1 (]: Writing injected SQL for node "test.netflix_analysis.not_null_dim_genome_tags_tag_id.f11f861a5f"
[0m00:03:32.715564 [debug] [Thread-1 (]: Began executing node test.netflix_analysis.not_null_dim_genome_tags_tag_id.f11f861a5f
[0m00:03:32.771011 [debug] [Thread-1 (]: Writing runtime sql for node "test.netflix_analysis.not_null_dim_genome_tags_tag_id.f11f861a5f"
[0m00:03:32.771610 [debug] [Thread-1 (]: Using snowflake connection "test.netflix_analysis.not_null_dim_genome_tags_tag_id.f11f861a5f"
[0m00:03:32.771769 [debug] [Thread-1 (]: On test.netflix_analysis.not_null_dim_genome_tags_tag_id.f11f861a5f: /* {"app": "dbt", "dbt_version": "1.9.0", "profile_name": "netflix_analysis", "target_name": "dev", "node_id": "test.netflix_analysis.not_null_dim_genome_tags_tag_id.f11f861a5f"} */
select
      count(*) as failures,
      count(*) != 0 as should_warn,
      count(*) != 0 as should_error
    from (
      
    
  
    
    



select tag_id
from MOVIELENS.DEV.dim_genome_tags
where tag_id is null



  
  
      
    ) dbt_internal_test
[0m00:03:32.888855 [debug] [Thread-1 (]: SQL status: SUCCESS 1 in 0.117 seconds
[0m00:03:32.895886 [info ] [Thread-1 (]: 1 of 13 PASS not_null_dim_genome_tags_tag_id ................................... [[32mPASS[0m in 0.20s]
[0m00:03:32.896405 [debug] [Thread-1 (]: Finished running node test.netflix_analysis.not_null_dim_genome_tags_tag_id.f11f861a5f
[0m00:03:32.896665 [debug] [Thread-1 (]: Began running node test.netflix_analysis.not_null_dim_genome_tags_tag_name.27503c0804
[0m00:03:32.896960 [info ] [Thread-1 (]: 2 of 13 START test not_null_dim_genome_tags_tag_name ........................... [RUN]
[0m00:03:32.897309 [debug] [Thread-1 (]: Re-using an available connection from the pool (formerly test.netflix_analysis.not_null_dim_genome_tags_tag_id.f11f861a5f, now test.netflix_analysis.not_null_dim_genome_tags_tag_name.27503c0804)
[0m00:03:32.897529 [debug] [Thread-1 (]: Began compiling node test.netflix_analysis.not_null_dim_genome_tags_tag_name.27503c0804
[0m00:03:32.900286 [debug] [Thread-1 (]: Writing injected SQL for node "test.netflix_analysis.not_null_dim_genome_tags_tag_name.27503c0804"
[0m00:03:32.900874 [debug] [Thread-1 (]: Began executing node test.netflix_analysis.not_null_dim_genome_tags_tag_name.27503c0804
[0m00:03:32.902619 [debug] [Thread-1 (]: Writing runtime sql for node "test.netflix_analysis.not_null_dim_genome_tags_tag_name.27503c0804"
[0m00:03:32.903333 [debug] [Thread-1 (]: Using snowflake connection "test.netflix_analysis.not_null_dim_genome_tags_tag_name.27503c0804"
[0m00:03:32.903574 [debug] [Thread-1 (]: On test.netflix_analysis.not_null_dim_genome_tags_tag_name.27503c0804: /* {"app": "dbt", "dbt_version": "1.9.0", "profile_name": "netflix_analysis", "target_name": "dev", "node_id": "test.netflix_analysis.not_null_dim_genome_tags_tag_name.27503c0804"} */
select
      count(*) as failures,
      count(*) != 0 as should_warn,
      count(*) != 0 as should_error
    from (
      
    
  
    
    



select tag_name
from MOVIELENS.DEV.dim_genome_tags
where tag_name is null



  
  
      
    ) dbt_internal_test
[0m00:03:33.022361 [debug] [Thread-1 (]: SQL status: SUCCESS 1 in 0.118 seconds
[0m00:03:33.026193 [info ] [Thread-1 (]: 2 of 13 PASS not_null_dim_genome_tags_tag_name ................................. [[32mPASS[0m in 0.13s]
[0m00:03:33.026960 [debug] [Thread-1 (]: Finished running node test.netflix_analysis.not_null_dim_genome_tags_tag_name.27503c0804
[0m00:03:33.027409 [debug] [Thread-1 (]: Began running node test.netflix_analysis.not_null_dim_movies_movie_id.0f96ca970d
[0m00:03:33.027896 [info ] [Thread-1 (]: 3 of 13 START test not_null_dim_movies_movie_id ................................ [RUN]
[0m00:03:33.028422 [debug] [Thread-1 (]: Re-using an available connection from the pool (formerly test.netflix_analysis.not_null_dim_genome_tags_tag_name.27503c0804, now test.netflix_analysis.not_null_dim_movies_movie_id.0f96ca970d)
[0m00:03:33.028771 [debug] [Thread-1 (]: Began compiling node test.netflix_analysis.not_null_dim_movies_movie_id.0f96ca970d
[0m00:03:33.037151 [debug] [Thread-1 (]: Writing injected SQL for node "test.netflix_analysis.not_null_dim_movies_movie_id.0f96ca970d"
[0m00:03:33.038637 [debug] [Thread-1 (]: Began executing node test.netflix_analysis.not_null_dim_movies_movie_id.0f96ca970d
[0m00:03:33.042389 [debug] [Thread-1 (]: Writing runtime sql for node "test.netflix_analysis.not_null_dim_movies_movie_id.0f96ca970d"
[0m00:03:33.043571 [debug] [Thread-1 (]: Using snowflake connection "test.netflix_analysis.not_null_dim_movies_movie_id.0f96ca970d"
[0m00:03:33.043880 [debug] [Thread-1 (]: On test.netflix_analysis.not_null_dim_movies_movie_id.0f96ca970d: /* {"app": "dbt", "dbt_version": "1.9.0", "profile_name": "netflix_analysis", "target_name": "dev", "node_id": "test.netflix_analysis.not_null_dim_movies_movie_id.0f96ca970d"} */
select
      count(*) as failures,
      count(*) != 0 as should_warn,
      count(*) != 0 as should_error
    from (
      
    
  
    
    



select movie_id
from MOVIELENS.DEV.dim_movies
where movie_id is null



  
  
      
    ) dbt_internal_test
[0m00:03:33.168913 [debug] [Thread-1 (]: SQL status: SUCCESS 1 in 0.124 seconds
[0m00:03:33.172112 [info ] [Thread-1 (]: 3 of 13 PASS not_null_dim_movies_movie_id ...................................... [[32mPASS[0m in 0.14s]
[0m00:03:33.173194 [debug] [Thread-1 (]: Finished running node test.netflix_analysis.not_null_dim_movies_movie_id.0f96ca970d
[0m00:03:33.174869 [debug] [Thread-1 (]: Began running node test.netflix_analysis.not_null_dim_movies_movie_title.0206534c81
[0m00:03:33.175395 [info ] [Thread-1 (]: 4 of 13 START test not_null_dim_movies_movie_title ............................. [RUN]
[0m00:03:33.176351 [debug] [Thread-1 (]: Re-using an available connection from the pool (formerly test.netflix_analysis.not_null_dim_movies_movie_id.0f96ca970d, now test.netflix_analysis.not_null_dim_movies_movie_title.0206534c81)
[0m00:03:33.176926 [debug] [Thread-1 (]: Began compiling node test.netflix_analysis.not_null_dim_movies_movie_title.0206534c81
[0m00:03:33.183623 [debug] [Thread-1 (]: Writing injected SQL for node "test.netflix_analysis.not_null_dim_movies_movie_title.0206534c81"
[0m00:03:33.186900 [debug] [Thread-1 (]: Began executing node test.netflix_analysis.not_null_dim_movies_movie_title.0206534c81
[0m00:03:33.190987 [debug] [Thread-1 (]: Writing runtime sql for node "test.netflix_analysis.not_null_dim_movies_movie_title.0206534c81"
[0m00:03:33.192306 [debug] [Thread-1 (]: Using snowflake connection "test.netflix_analysis.not_null_dim_movies_movie_title.0206534c81"
[0m00:03:33.192636 [debug] [Thread-1 (]: On test.netflix_analysis.not_null_dim_movies_movie_title.0206534c81: /* {"app": "dbt", "dbt_version": "1.9.0", "profile_name": "netflix_analysis", "target_name": "dev", "node_id": "test.netflix_analysis.not_null_dim_movies_movie_title.0206534c81"} */
select
      count(*) as failures,
      count(*) != 0 as should_warn,
      count(*) != 0 as should_error
    from (
      
    
  
    
    



select movie_title
from MOVIELENS.DEV.dim_movies
where movie_title is null



  
  
      
    ) dbt_internal_test
[0m00:03:33.327061 [debug] [Thread-1 (]: SQL status: SUCCESS 1 in 0.134 seconds
[0m00:03:33.329406 [info ] [Thread-1 (]: 4 of 13 PASS not_null_dim_movies_movie_title ................................... [[32mPASS[0m in 0.15s]
[0m00:03:33.330295 [debug] [Thread-1 (]: Finished running node test.netflix_analysis.not_null_dim_movies_movie_title.0206534c81
[0m00:03:33.332542 [debug] [Thread-1 (]: Began running node test.netflix_analysis.not_null_dim_users_user_id.e754bb5812
[0m00:03:33.332962 [info ] [Thread-1 (]: 5 of 13 START test not_null_dim_users_user_id .................................. [RUN]
[0m00:03:33.333846 [debug] [Thread-1 (]: Re-using an available connection from the pool (formerly test.netflix_analysis.not_null_dim_movies_movie_title.0206534c81, now test.netflix_analysis.not_null_dim_users_user_id.e754bb5812)
[0m00:03:33.334580 [debug] [Thread-1 (]: Began compiling node test.netflix_analysis.not_null_dim_users_user_id.e754bb5812
[0m00:03:33.345731 [debug] [Thread-1 (]: Writing injected SQL for node "test.netflix_analysis.not_null_dim_users_user_id.e754bb5812"
[0m00:03:33.348371 [debug] [Thread-1 (]: Began executing node test.netflix_analysis.not_null_dim_users_user_id.e754bb5812
[0m00:03:33.350017 [debug] [Thread-1 (]: Writing runtime sql for node "test.netflix_analysis.not_null_dim_users_user_id.e754bb5812"
[0m00:03:33.352133 [debug] [Thread-1 (]: Using snowflake connection "test.netflix_analysis.not_null_dim_users_user_id.e754bb5812"
[0m00:03:33.352664 [debug] [Thread-1 (]: On test.netflix_analysis.not_null_dim_users_user_id.e754bb5812: /* {"app": "dbt", "dbt_version": "1.9.0", "profile_name": "netflix_analysis", "target_name": "dev", "node_id": "test.netflix_analysis.not_null_dim_users_user_id.e754bb5812"} */
select
      count(*) as failures,
      count(*) != 0 as should_warn,
      count(*) != 0 as should_error
    from (
      
    
  
    
    



select user_id
from MOVIELENS.DEV.dim_users
where user_id is null



  
  
      
    ) dbt_internal_test
[0m00:03:33.483513 [debug] [Thread-1 (]: SQL status: SUCCESS 1 in 0.130 seconds
[0m00:03:33.487636 [info ] [Thread-1 (]: 5 of 13 PASS not_null_dim_users_user_id ........................................ [[32mPASS[0m in 0.15s]
[0m00:03:33.488850 [debug] [Thread-1 (]: Finished running node test.netflix_analysis.not_null_dim_users_user_id.e754bb5812
[0m00:03:33.489438 [debug] [Thread-1 (]: Began running node test.netflix_analysis.not_null_fct_genome_scores_movie_id.d1288b589a
[0m00:03:33.489867 [info ] [Thread-1 (]: 6 of 13 START test not_null_fct_genome_scores_movie_id ......................... [RUN]
[0m00:03:33.490264 [debug] [Thread-1 (]: Re-using an available connection from the pool (formerly test.netflix_analysis.not_null_dim_users_user_id.e754bb5812, now test.netflix_analysis.not_null_fct_genome_scores_movie_id.d1288b589a)
[0m00:03:33.490530 [debug] [Thread-1 (]: Began compiling node test.netflix_analysis.not_null_fct_genome_scores_movie_id.d1288b589a
[0m00:03:33.495747 [debug] [Thread-1 (]: Writing injected SQL for node "test.netflix_analysis.not_null_fct_genome_scores_movie_id.d1288b589a"
[0m00:03:33.496722 [debug] [Thread-1 (]: Began executing node test.netflix_analysis.not_null_fct_genome_scores_movie_id.d1288b589a
[0m00:03:33.499106 [debug] [Thread-1 (]: Writing runtime sql for node "test.netflix_analysis.not_null_fct_genome_scores_movie_id.d1288b589a"
[0m00:03:33.499842 [debug] [Thread-1 (]: Using snowflake connection "test.netflix_analysis.not_null_fct_genome_scores_movie_id.d1288b589a"
[0m00:03:33.500137 [debug] [Thread-1 (]: On test.netflix_analysis.not_null_fct_genome_scores_movie_id.d1288b589a: /* {"app": "dbt", "dbt_version": "1.9.0", "profile_name": "netflix_analysis", "target_name": "dev", "node_id": "test.netflix_analysis.not_null_fct_genome_scores_movie_id.d1288b589a"} */
select
      count(*) as failures,
      count(*) != 0 as should_warn,
      count(*) != 0 as should_error
    from (
      
    
  
    
    



select movie_id
from MOVIELENS.DEV.fct_genome_scores
where movie_id is null



  
  
      
    ) dbt_internal_test
[0m00:03:34.941638 [debug] [Thread-1 (]: SQL status: SUCCESS 1 in 1.441 seconds
[0m00:03:34.945488 [info ] [Thread-1 (]: 6 of 13 PASS not_null_fct_genome_scores_movie_id ............................... [[32mPASS[0m in 1.46s]
[0m00:03:34.946200 [debug] [Thread-1 (]: Finished running node test.netflix_analysis.not_null_fct_genome_scores_movie_id.d1288b589a
[0m00:03:34.946625 [debug] [Thread-1 (]: Began running node test.netflix_analysis.not_null_fct_genome_scores_relevance_score.20561448f1
[0m00:03:34.947135 [info ] [Thread-1 (]: 7 of 13 START test not_null_fct_genome_scores_relevance_score .................. [RUN]
[0m00:03:34.947660 [debug] [Thread-1 (]: Re-using an available connection from the pool (formerly test.netflix_analysis.not_null_fct_genome_scores_movie_id.d1288b589a, now test.netflix_analysis.not_null_fct_genome_scores_relevance_score.20561448f1)
[0m00:03:34.948013 [debug] [Thread-1 (]: Began compiling node test.netflix_analysis.not_null_fct_genome_scores_relevance_score.20561448f1
[0m00:03:34.954858 [debug] [Thread-1 (]: Writing injected SQL for node "test.netflix_analysis.not_null_fct_genome_scores_relevance_score.20561448f1"
[0m00:03:34.956207 [debug] [Thread-1 (]: Began executing node test.netflix_analysis.not_null_fct_genome_scores_relevance_score.20561448f1
[0m00:03:34.960457 [debug] [Thread-1 (]: Writing runtime sql for node "test.netflix_analysis.not_null_fct_genome_scores_relevance_score.20561448f1"
[0m00:03:34.962314 [debug] [Thread-1 (]: Using snowflake connection "test.netflix_analysis.not_null_fct_genome_scores_relevance_score.20561448f1"
[0m00:03:34.962708 [debug] [Thread-1 (]: On test.netflix_analysis.not_null_fct_genome_scores_relevance_score.20561448f1: /* {"app": "dbt", "dbt_version": "1.9.0", "profile_name": "netflix_analysis", "target_name": "dev", "node_id": "test.netflix_analysis.not_null_fct_genome_scores_relevance_score.20561448f1"} */
select
      count(*) as failures,
      count(*) != 0 as should_warn,
      count(*) != 0 as should_error
    from (
      
    
  
    
    



select relevance_score
from MOVIELENS.DEV.fct_genome_scores
where relevance_score is null



  
  
      
    ) dbt_internal_test
[0m00:03:35.081809 [debug] [Thread-1 (]: SQL status: SUCCESS 1 in 0.119 seconds
[0m00:03:35.084605 [info ] [Thread-1 (]: 7 of 13 PASS not_null_fct_genome_scores_relevance_score ........................ [[32mPASS[0m in 0.14s]
[0m00:03:35.085287 [debug] [Thread-1 (]: Finished running node test.netflix_analysis.not_null_fct_genome_scores_relevance_score.20561448f1
[0m00:03:35.085669 [debug] [Thread-1 (]: Began running node test.netflix_analysis.not_null_fct_genome_scores_tag_id.eb610dc620
[0m00:03:35.086114 [info ] [Thread-1 (]: 8 of 13 START test not_null_fct_genome_scores_tag_id ........................... [RUN]
[0m00:03:35.086551 [debug] [Thread-1 (]: Re-using an available connection from the pool (formerly test.netflix_analysis.not_null_fct_genome_scores_relevance_score.20561448f1, now test.netflix_analysis.not_null_fct_genome_scores_tag_id.eb610dc620)
[0m00:03:35.086870 [debug] [Thread-1 (]: Began compiling node test.netflix_analysis.not_null_fct_genome_scores_tag_id.eb610dc620
[0m00:03:35.093516 [debug] [Thread-1 (]: Writing injected SQL for node "test.netflix_analysis.not_null_fct_genome_scores_tag_id.eb610dc620"
[0m00:03:35.095272 [debug] [Thread-1 (]: Began executing node test.netflix_analysis.not_null_fct_genome_scores_tag_id.eb610dc620
[0m00:03:35.100005 [debug] [Thread-1 (]: Writing runtime sql for node "test.netflix_analysis.not_null_fct_genome_scores_tag_id.eb610dc620"
[0m00:03:35.101399 [debug] [Thread-1 (]: Using snowflake connection "test.netflix_analysis.not_null_fct_genome_scores_tag_id.eb610dc620"
[0m00:03:35.101782 [debug] [Thread-1 (]: On test.netflix_analysis.not_null_fct_genome_scores_tag_id.eb610dc620: /* {"app": "dbt", "dbt_version": "1.9.0", "profile_name": "netflix_analysis", "target_name": "dev", "node_id": "test.netflix_analysis.not_null_fct_genome_scores_tag_id.eb610dc620"} */
select
      count(*) as failures,
      count(*) != 0 as should_warn,
      count(*) != 0 as should_error
    from (
      
    
  
    
    



select tag_id
from MOVIELENS.DEV.fct_genome_scores
where tag_id is null



  
  
      
    ) dbt_internal_test
[0m00:03:35.229706 [debug] [Thread-1 (]: SQL status: SUCCESS 1 in 0.128 seconds
[0m00:03:35.231655 [info ] [Thread-1 (]: 8 of 13 PASS not_null_fct_genome_scores_tag_id ................................. [[32mPASS[0m in 0.15s]
[0m00:03:35.232181 [debug] [Thread-1 (]: Finished running node test.netflix_analysis.not_null_fct_genome_scores_tag_id.eb610dc620
[0m00:03:35.232521 [debug] [Thread-1 (]: Began running node test.netflix_analysis.not_null_fct_ratings_movie_id.68d088c553
[0m00:03:35.232953 [info ] [Thread-1 (]: 9 of 13 START test not_null_fct_ratings_movie_id ............................... [RUN]
[0m00:03:35.233443 [debug] [Thread-1 (]: Re-using an available connection from the pool (formerly test.netflix_analysis.not_null_fct_genome_scores_tag_id.eb610dc620, now test.netflix_analysis.not_null_fct_ratings_movie_id.68d088c553)
[0m00:03:35.233788 [debug] [Thread-1 (]: Began compiling node test.netflix_analysis.not_null_fct_ratings_movie_id.68d088c553
[0m00:03:35.237422 [debug] [Thread-1 (]: Writing injected SQL for node "test.netflix_analysis.not_null_fct_ratings_movie_id.68d088c553"
[0m00:03:35.238124 [debug] [Thread-1 (]: Began executing node test.netflix_analysis.not_null_fct_ratings_movie_id.68d088c553
[0m00:03:35.240741 [debug] [Thread-1 (]: Writing runtime sql for node "test.netflix_analysis.not_null_fct_ratings_movie_id.68d088c553"
[0m00:03:35.241499 [debug] [Thread-1 (]: Using snowflake connection "test.netflix_analysis.not_null_fct_ratings_movie_id.68d088c553"
[0m00:03:35.241746 [debug] [Thread-1 (]: On test.netflix_analysis.not_null_fct_ratings_movie_id.68d088c553: /* {"app": "dbt", "dbt_version": "1.9.0", "profile_name": "netflix_analysis", "target_name": "dev", "node_id": "test.netflix_analysis.not_null_fct_ratings_movie_id.68d088c553"} */
select
      count(*) as failures,
      count(*) != 0 as should_warn,
      count(*) != 0 as should_error
    from (
      
    
  
    
    



select movie_id
from MOVIELENS.DEV.fct_ratings
where movie_id is null



  
  
      
    ) dbt_internal_test
[0m00:03:35.374804 [debug] [Thread-1 (]: SQL status: SUCCESS 1 in 0.133 seconds
[0m00:03:35.377933 [info ] [Thread-1 (]: 9 of 13 PASS not_null_fct_ratings_movie_id ..................................... [[32mPASS[0m in 0.14s]
[0m00:03:35.378631 [debug] [Thread-1 (]: Finished running node test.netflix_analysis.not_null_fct_ratings_movie_id.68d088c553
[0m00:03:35.379043 [debug] [Thread-1 (]: Began running node test.netflix_analysis.not_null_fct_ratings_rating.25c6481558
[0m00:03:35.379529 [info ] [Thread-1 (]: 10 of 13 START test not_null_fct_ratings_rating ................................ [RUN]
[0m00:03:35.380067 [debug] [Thread-1 (]: Re-using an available connection from the pool (formerly test.netflix_analysis.not_null_fct_ratings_movie_id.68d088c553, now test.netflix_analysis.not_null_fct_ratings_rating.25c6481558)
[0m00:03:35.380436 [debug] [Thread-1 (]: Began compiling node test.netflix_analysis.not_null_fct_ratings_rating.25c6481558
[0m00:03:35.391082 [debug] [Thread-1 (]: Writing injected SQL for node "test.netflix_analysis.not_null_fct_ratings_rating.25c6481558"
[0m00:03:35.392084 [debug] [Thread-1 (]: Began executing node test.netflix_analysis.not_null_fct_ratings_rating.25c6481558
[0m00:03:35.394952 [debug] [Thread-1 (]: Writing runtime sql for node "test.netflix_analysis.not_null_fct_ratings_rating.25c6481558"
[0m00:03:35.395802 [debug] [Thread-1 (]: Using snowflake connection "test.netflix_analysis.not_null_fct_ratings_rating.25c6481558"
[0m00:03:35.396112 [debug] [Thread-1 (]: On test.netflix_analysis.not_null_fct_ratings_rating.25c6481558: /* {"app": "dbt", "dbt_version": "1.9.0", "profile_name": "netflix_analysis", "target_name": "dev", "node_id": "test.netflix_analysis.not_null_fct_ratings_rating.25c6481558"} */
select
      count(*) as failures,
      count(*) != 0 as should_warn,
      count(*) != 0 as should_error
    from (
      
    
  
    
    



select rating
from MOVIELENS.DEV.fct_ratings
where rating is null



  
  
      
    ) dbt_internal_test
[0m00:03:35.514656 [debug] [Thread-1 (]: SQL status: SUCCESS 1 in 0.118 seconds
[0m00:03:35.518015 [info ] [Thread-1 (]: 10 of 13 PASS not_null_fct_ratings_rating ...................................... [[32mPASS[0m in 0.14s]
[0m00:03:35.518713 [debug] [Thread-1 (]: Finished running node test.netflix_analysis.not_null_fct_ratings_rating.25c6481558
[0m00:03:35.519133 [debug] [Thread-1 (]: Began running node test.netflix_analysis.not_null_fct_ratings_user_id.652655a4cf
[0m00:03:35.519596 [info ] [Thread-1 (]: 11 of 13 START test not_null_fct_ratings_user_id ............................... [RUN]
[0m00:03:35.520128 [debug] [Thread-1 (]: Re-using an available connection from the pool (formerly test.netflix_analysis.not_null_fct_ratings_rating.25c6481558, now test.netflix_analysis.not_null_fct_ratings_user_id.652655a4cf)
[0m00:03:35.520506 [debug] [Thread-1 (]: Began compiling node test.netflix_analysis.not_null_fct_ratings_user_id.652655a4cf
[0m00:03:35.527105 [debug] [Thread-1 (]: Writing injected SQL for node "test.netflix_analysis.not_null_fct_ratings_user_id.652655a4cf"
[0m00:03:35.528368 [debug] [Thread-1 (]: Began executing node test.netflix_analysis.not_null_fct_ratings_user_id.652655a4cf
[0m00:03:35.532730 [debug] [Thread-1 (]: Writing runtime sql for node "test.netflix_analysis.not_null_fct_ratings_user_id.652655a4cf"
[0m00:03:35.533847 [debug] [Thread-1 (]: Using snowflake connection "test.netflix_analysis.not_null_fct_ratings_user_id.652655a4cf"
[0m00:03:35.534217 [debug] [Thread-1 (]: On test.netflix_analysis.not_null_fct_ratings_user_id.652655a4cf: /* {"app": "dbt", "dbt_version": "1.9.0", "profile_name": "netflix_analysis", "target_name": "dev", "node_id": "test.netflix_analysis.not_null_fct_ratings_user_id.652655a4cf"} */
select
      count(*) as failures,
      count(*) != 0 as should_warn,
      count(*) != 0 as should_error
    from (
      
    
  
    
    



select user_id
from MOVIELENS.DEV.fct_ratings
where user_id is null



  
  
      
    ) dbt_internal_test
[0m00:03:35.658867 [debug] [Thread-1 (]: SQL status: SUCCESS 1 in 0.124 seconds
[0m00:03:35.662648 [info ] [Thread-1 (]: 11 of 13 PASS not_null_fct_ratings_user_id ..................................... [[32mPASS[0m in 0.14s]
[0m00:03:35.663662 [debug] [Thread-1 (]: Finished running node test.netflix_analysis.not_null_fct_ratings_user_id.652655a4cf
[0m00:03:35.664158 [debug] [Thread-1 (]: Began running node test.netflix_analysis.relationships_fct_ratings_movie_id__movie_id__ref_dim_movies_.fb3ebb34b0
[0m00:03:35.664740 [info ] [Thread-1 (]: 12 of 13 START test relationships_fct_ratings_movie_id__movie_id__ref_dim_movies_  [RUN]
[0m00:03:35.665335 [debug] [Thread-1 (]: Re-using an available connection from the pool (formerly test.netflix_analysis.not_null_fct_ratings_user_id.652655a4cf, now test.netflix_analysis.relationships_fct_ratings_movie_id__movie_id__ref_dim_movies_.fb3ebb34b0)
[0m00:03:35.665742 [debug] [Thread-1 (]: Began compiling node test.netflix_analysis.relationships_fct_ratings_movie_id__movie_id__ref_dim_movies_.fb3ebb34b0
[0m00:03:35.678629 [debug] [Thread-1 (]: Writing injected SQL for node "test.netflix_analysis.relationships_fct_ratings_movie_id__movie_id__ref_dim_movies_.fb3ebb34b0"
[0m00:03:35.679768 [debug] [Thread-1 (]: Began executing node test.netflix_analysis.relationships_fct_ratings_movie_id__movie_id__ref_dim_movies_.fb3ebb34b0
[0m00:03:35.682589 [debug] [Thread-1 (]: Writing runtime sql for node "test.netflix_analysis.relationships_fct_ratings_movie_id__movie_id__ref_dim_movies_.fb3ebb34b0"
[0m00:03:35.683645 [debug] [Thread-1 (]: Using snowflake connection "test.netflix_analysis.relationships_fct_ratings_movie_id__movie_id__ref_dim_movies_.fb3ebb34b0"
[0m00:03:35.683950 [debug] [Thread-1 (]: On test.netflix_analysis.relationships_fct_ratings_movie_id__movie_id__ref_dim_movies_.fb3ebb34b0: /* {"app": "dbt", "dbt_version": "1.9.0", "profile_name": "netflix_analysis", "target_name": "dev", "node_id": "test.netflix_analysis.relationships_fct_ratings_movie_id__movie_id__ref_dim_movies_.fb3ebb34b0"} */
select
      count(*) as failures,
      count(*) != 0 as should_warn,
      count(*) != 0 as should_error
    from (
      
    
  
    
    

with child as (
    select movie_id as from_field
    from MOVIELENS.DEV.fct_ratings
    where movie_id is not null
),

parent as (
    select movie_id as to_field
    from MOVIELENS.DEV.dim_movies
)

select
    from_field

from child
left join parent
    on child.from_field = parent.to_field

where parent.to_field is null



  
  
      
    ) dbt_internal_test
[0m00:03:35.807368 [debug] [Thread-1 (]: SQL status: SUCCESS 1 in 0.123 seconds
[0m00:03:35.811163 [info ] [Thread-1 (]: 12 of 13 PASS relationships_fct_ratings_movie_id__movie_id__ref_dim_movies_ .... [[32mPASS[0m in 0.15s]
[0m00:03:35.812227 [debug] [Thread-1 (]: Finished running node test.netflix_analysis.relationships_fct_ratings_movie_id__movie_id__ref_dim_movies_.fb3ebb34b0
[0m00:03:35.812751 [debug] [Thread-1 (]: Began running node test.netflix_analysis.relevance_score_test
[0m00:03:35.813264 [info ] [Thread-1 (]: 13 of 13 START test relevance_score_test ....................................... [RUN]
[0m00:03:35.813850 [debug] [Thread-1 (]: Re-using an available connection from the pool (formerly test.netflix_analysis.relationships_fct_ratings_movie_id__movie_id__ref_dim_movies_.fb3ebb34b0, now test.netflix_analysis.relevance_score_test)
[0m00:03:35.814257 [debug] [Thread-1 (]: Began compiling node test.netflix_analysis.relevance_score_test
[0m00:03:35.819292 [debug] [Thread-1 (]: Writing injected SQL for node "test.netflix_analysis.relevance_score_test"
[0m00:03:35.820855 [debug] [Thread-1 (]: Began executing node test.netflix_analysis.relevance_score_test
[0m00:03:35.825048 [debug] [Thread-1 (]: Writing runtime sql for node "test.netflix_analysis.relevance_score_test"
[0m00:03:35.826106 [debug] [Thread-1 (]: Using snowflake connection "test.netflix_analysis.relevance_score_test"
[0m00:03:35.826442 [debug] [Thread-1 (]: On test.netflix_analysis.relevance_score_test: /* {"app": "dbt", "dbt_version": "1.9.0", "profile_name": "netflix_analysis", "target_name": "dev", "node_id": "test.netflix_analysis.relevance_score_test"} */
select
      count(*) as failures,
      count(*) != 0 as should_warn,
      count(*) != 0 as should_error
    from (
      
    
  SELECT
  movie_id,
  relevance_score,
  tag
FROM MOVIELENS.DEV.fct_genome_scores
WHERE relevance_score<=0
  
  
      
    ) dbt_internal_test
[0m00:03:35.946297 [debug] [Thread-1 (]: Snowflake adapter: Snowflake query id: 01c3f8f9-000d-b0b4-0000-00000c31cfd5
[0m00:03:35.947241 [debug] [Thread-1 (]: Snowflake adapter: Snowflake error: 000904 (42000): SQL compilation error: error line 11 at position 2
invalid identifier 'TAG'
[0m00:03:35.952457 [debug] [Thread-1 (]: Database Error in test relevance_score_test (tests/relevance_score_test.sql)
  000904 (42000): SQL compilation error: error line 11 at position 2
  invalid identifier 'TAG'
  compiled code at target/run/netflix_analysis/tests/relevance_score_test.sql
[0m00:03:35.953345 [error] [Thread-1 (]: 13 of 13 ERROR relevance_score_test ............................................ [[31mERROR[0m in 0.14s]
[0m00:03:35.954001 [debug] [Thread-1 (]: Finished running node test.netflix_analysis.relevance_score_test
[0m00:03:35.954575 [debug] [Thread-4 (]: Marking all children of 'test.netflix_analysis.relevance_score_test' to be skipped because of status 'error'.  Reason: Database Error in test relevance_score_test (tests/relevance_score_test.sql)
  000904 (42000): SQL compilation error: error line 11 at position 2
  invalid identifier 'TAG'
  compiled code at target/run/netflix_analysis/tests/relevance_score_test.sql.
[0m00:03:35.956850 [debug] [MainThread]: Connection 'master' was properly closed.
[0m00:03:35.957226 [debug] [MainThread]: Connection 'test.netflix_analysis.relevance_score_test' was left open.
[0m00:03:35.957537 [debug] [MainThread]: On test.netflix_analysis.relevance_score_test: Close
[0m00:03:36.184689 [info ] [MainThread]: 
[0m00:03:36.185897 [info ] [MainThread]: Finished running 13 data tests in 0 hours 0 minutes and 4.49 seconds (4.49s).
[0m00:03:36.188409 [debug] [MainThread]: Command end result
[0m00:03:36.220738 [debug] [MainThread]: Wrote artifact WritableManifest to /Users/sakshirai/Desktop/netflixanalysis/netflix_analysis/target/manifest.json
[0m00:03:36.221954 [debug] [MainThread]: Wrote artifact SemanticManifest to /Users/sakshirai/Desktop/netflixanalysis/netflix_analysis/target/semantic_manifest.json
[0m00:03:36.226135 [debug] [MainThread]: Wrote artifact RunExecutionResult to /Users/sakshirai/Desktop/netflixanalysis/netflix_analysis/target/run_results.json
[0m00:03:36.226335 [info ] [MainThread]: 
[0m00:03:36.226543 [info ] [MainThread]: [31mCompleted with 1 error, 0 partial successes, and 0 warnings:[0m
[0m00:03:36.226702 [info ] [MainThread]: 
[0m00:03:36.226897 [error] [MainThread]:   Database Error in test relevance_score_test (tests/relevance_score_test.sql)
  000904 (42000): SQL compilation error: error line 11 at position 2
  invalid identifier 'TAG'
  compiled code at target/run/netflix_analysis/tests/relevance_score_test.sql
[0m00:03:36.227056 [info ] [MainThread]: 
[0m00:03:36.227208 [info ] [MainThread]: Done. PASS=12 WARN=0 ERROR=1 SKIP=0 TOTAL=13
[0m00:03:36.228983 [debug] [MainThread]: Resource report: {"command_name": "test", "command_success": false, "command_wall_clock_time": 4.9318957, "process_in_blocks": "0", "process_kernel_time": 0.227879, "process_mem_max_rss": "178274304", "process_out_blocks": "0", "process_user_time": 1.251461}
[0m00:03:36.229204 [debug] [MainThread]: Command `dbt test` failed at 00:03:36.229163 after 4.93 seconds
[0m00:03:36.229396 [debug] [MainThread]: Sending event: {'category': 'dbt', 'action': 'invocation', 'label': 'end', 'context': [<snowplow_tracker.self_describing_json.SelfDescribingJson object at 0x107f3d150>, <snowplow_tracker.self_describing_json.SelfDescribingJson object at 0x10bfa7a10>, <snowplow_tracker.self_describing_json.SelfDescribingJson object at 0x10437e7d0>]}
[0m00:03:36.229585 [debug] [MainThread]: Flushing usage events
[0m00:03:37.126442 [debug] [MainThread]: An error was encountered while trying to flush usage events
[0m00:03:54.154471 [debug] [MainThread]: Sending event: {'category': 'dbt', 'action': 'invocation', 'label': 'start', 'context': [<snowplow_tracker.self_describing_json.SelfDescribingJson object at 0x10578bdd0>, <snowplow_tracker.self_describing_json.SelfDescribingJson object at 0x1057e4d10>, <snowplow_tracker.self_describing_json.SelfDescribingJson object at 0x1057ff5d0>]}


============================== 00:03:54.156363 | 93d07220-ee55-47f6-a654-2d05d7991343 ==============================
[0m00:03:54.156363 [info ] [MainThread]: Running with dbt=1.9.0
[0m00:03:54.156606 [debug] [MainThread]: running dbt with arguments {'printer_width': '80', 'indirect_selection': 'eager', 'log_cache_events': 'False', 'write_json': 'True', 'partial_parse': 'True', 'cache_selected_only': 'False', 'profiles_dir': '/Users/sakshirai/.dbt', 'fail_fast': 'False', 'warn_error': 'None', 'log_path': '/Users/sakshirai/Desktop/netflixanalysis/netflix_analysis/logs', 'debug': 'False', 'version_check': 'True', 'use_colors': 'True', 'use_experimental_parser': 'False', 'empty': 'None', 'quiet': 'False', 'no_print': 'None', 'log_format': 'default', 'static_parser': 'True', 'introspect': 'True', 'warn_error_options': 'WarnErrorOptions(include=[], exclude=[])', 'target_path': 'None', 'invocation_command': 'dbt test', 'send_anonymous_usage_stats': 'True'}
[0m00:03:54.305191 [debug] [MainThread]: Sending event: {'category': 'dbt', 'action': 'project_id', 'label': '93d07220-ee55-47f6-a654-2d05d7991343', 'context': [<snowplow_tracker.self_describing_json.SelfDescribingJson object at 0x1066e4bd0>]}
[0m00:03:54.322407 [debug] [MainThread]: Sending event: {'category': 'dbt', 'action': 'adapter_info', 'label': '93d07220-ee55-47f6-a654-2d05d7991343', 'context': [<snowplow_tracker.self_describing_json.SelfDescribingJson object at 0x104b0e950>]}
[0m00:03:54.322742 [info ] [MainThread]: Registered adapter: snowflake=1.9.0
[0m00:03:54.367966 [debug] [MainThread]: checksum: c99e828bba267739642b5a3ce85f17518764ea526e0e6c4fdc649171c1a66bff, vars: {}, profile: , target: , version: 1.9.0
[0m00:03:54.423088 [debug] [MainThread]: Partial parsing enabled: 0 files deleted, 0 files added, 1 files changed.
[0m00:03:54.423373 [debug] [MainThread]: Partial parsing: updated file: netflix_analysis://tests/relevance_score_test.sql
[0m00:03:54.486992 [debug] [MainThread]: Sending event: {'category': 'dbt', 'action': 'load_project', 'label': '93d07220-ee55-47f6-a654-2d05d7991343', 'context': [<snowplow_tracker.self_describing_json.SelfDescribingJson object at 0x106a31c10>]}
[0m00:03:54.525523 [debug] [MainThread]: Wrote artifact WritableManifest to /Users/sakshirai/Desktop/netflixanalysis/netflix_analysis/target/manifest.json
[0m00:03:54.528894 [debug] [MainThread]: Wrote artifact SemanticManifest to /Users/sakshirai/Desktop/netflixanalysis/netflix_analysis/target/semantic_manifest.json
[0m00:03:54.538167 [debug] [MainThread]: Sending event: {'category': 'dbt', 'action': 'resource_counts', 'label': '93d07220-ee55-47f6-a654-2d05d7991343', 'context': [<snowplow_tracker.self_describing_json.SelfDescribingJson object at 0x1078f1d10>]}
[0m00:03:54.538372 [info ] [MainThread]: Found 14 models, 1 snapshot, 1 seed, 13 data tests, 589 macros
[0m00:03:54.538508 [debug] [MainThread]: Sending event: {'category': 'dbt', 'action': 'runnable_timing', 'label': '93d07220-ee55-47f6-a654-2d05d7991343', 'context': [<snowplow_tracker.self_describing_json.SelfDescribingJson object at 0x1068d3290>]}
[0m00:03:54.539480 [info ] [MainThread]: 
[0m00:03:54.539653 [info ] [MainThread]: Concurrency: 1 threads (target='dev')
[0m00:03:54.539760 [info ] [MainThread]: 
[0m00:03:54.539945 [debug] [MainThread]: Acquiring new snowflake connection 'master'
[0m00:03:54.541684 [debug] [ThreadPool]: Acquiring new snowflake connection 'list_MOVIELENS_DEV'
[0m00:03:54.564507 [debug] [ThreadPool]: Using snowflake connection "list_MOVIELENS_DEV"
[0m00:03:54.564666 [debug] [ThreadPool]: On list_MOVIELENS_DEV: /* {"app": "dbt", "dbt_version": "1.9.0", "profile_name": "netflix_analysis", "target_name": "dev", "connection_name": "list_MOVIELENS_DEV"} */
show objects in MOVIELENS.DEV limit 10000;
[0m00:03:54.564762 [debug] [ThreadPool]: Opening a new connection, currently in state init
[0m00:03:57.486919 [debug] [ThreadPool]: SQL status: SUCCESS 14 in 2.922 seconds
[0m00:03:57.492560 [debug] [ThreadPool]: Re-using an available connection from the pool (formerly list_MOVIELENS_DEV, now list_MOVIELENS_snapshots)
[0m00:03:57.498707 [debug] [ThreadPool]: Using snowflake connection "list_MOVIELENS_snapshots"
[0m00:03:57.499061 [debug] [ThreadPool]: On list_MOVIELENS_snapshots: /* {"app": "dbt", "dbt_version": "1.9.0", "profile_name": "netflix_analysis", "target_name": "dev", "connection_name": "list_MOVIELENS_snapshots"} */
show objects in MOVIELENS.snapshots limit 10000;
[0m00:03:57.633171 [debug] [ThreadPool]: SQL status: SUCCESS 1 in 0.134 seconds
[0m00:03:57.636551 [debug] [MainThread]: Sending event: {'category': 'dbt', 'action': 'runnable_timing', 'label': '93d07220-ee55-47f6-a654-2d05d7991343', 'context': [<snowplow_tracker.self_describing_json.SelfDescribingJson object at 0x10664d250>]}
[0m00:03:57.638832 [debug] [Thread-1 (]: Began running node test.netflix_analysis.not_null_dim_genome_tags_tag_id.f11f861a5f
[0m00:03:57.639318 [info ] [Thread-1 (]: 1 of 13 START test not_null_dim_genome_tags_tag_id ............................. [RUN]
[0m00:03:57.639819 [debug] [Thread-1 (]: Re-using an available connection from the pool (formerly list_MOVIELENS_snapshots, now test.netflix_analysis.not_null_dim_genome_tags_tag_id.f11f861a5f)
[0m00:03:57.640181 [debug] [Thread-1 (]: Began compiling node test.netflix_analysis.not_null_dim_genome_tags_tag_id.f11f861a5f
[0m00:03:57.658021 [debug] [Thread-1 (]: Writing injected SQL for node "test.netflix_analysis.not_null_dim_genome_tags_tag_id.f11f861a5f"
[0m00:03:57.659033 [debug] [Thread-1 (]: Began executing node test.netflix_analysis.not_null_dim_genome_tags_tag_id.f11f861a5f
[0m00:03:57.672941 [debug] [Thread-1 (]: Writing runtime sql for node "test.netflix_analysis.not_null_dim_genome_tags_tag_id.f11f861a5f"
[0m00:03:57.673735 [debug] [Thread-1 (]: Using snowflake connection "test.netflix_analysis.not_null_dim_genome_tags_tag_id.f11f861a5f"
[0m00:03:57.673980 [debug] [Thread-1 (]: On test.netflix_analysis.not_null_dim_genome_tags_tag_id.f11f861a5f: /* {"app": "dbt", "dbt_version": "1.9.0", "profile_name": "netflix_analysis", "target_name": "dev", "node_id": "test.netflix_analysis.not_null_dim_genome_tags_tag_id.f11f861a5f"} */
select
      count(*) as failures,
      count(*) != 0 as should_warn,
      count(*) != 0 as should_error
    from (
      
    
  
    
    



select tag_id
from MOVIELENS.DEV.dim_genome_tags
where tag_id is null



  
  
      
    ) dbt_internal_test
[0m00:03:57.816065 [debug] [Thread-1 (]: SQL status: SUCCESS 1 in 0.142 seconds
[0m00:03:57.822774 [info ] [Thread-1 (]: 1 of 13 PASS not_null_dim_genome_tags_tag_id ................................... [[32mPASS[0m in 0.18s]
[0m00:03:57.823266 [debug] [Thread-1 (]: Finished running node test.netflix_analysis.not_null_dim_genome_tags_tag_id.f11f861a5f
[0m00:03:57.823560 [debug] [Thread-1 (]: Began running node test.netflix_analysis.not_null_dim_genome_tags_tag_name.27503c0804
[0m00:03:57.823891 [info ] [Thread-1 (]: 2 of 13 START test not_null_dim_genome_tags_tag_name ........................... [RUN]
[0m00:03:57.824249 [debug] [Thread-1 (]: Re-using an available connection from the pool (formerly test.netflix_analysis.not_null_dim_genome_tags_tag_id.f11f861a5f, now test.netflix_analysis.not_null_dim_genome_tags_tag_name.27503c0804)
[0m00:03:57.824508 [debug] [Thread-1 (]: Began compiling node test.netflix_analysis.not_null_dim_genome_tags_tag_name.27503c0804
[0m00:03:57.827446 [debug] [Thread-1 (]: Writing injected SQL for node "test.netflix_analysis.not_null_dim_genome_tags_tag_name.27503c0804"
[0m00:03:57.827992 [debug] [Thread-1 (]: Began executing node test.netflix_analysis.not_null_dim_genome_tags_tag_name.27503c0804
[0m00:03:57.829842 [debug] [Thread-1 (]: Writing runtime sql for node "test.netflix_analysis.not_null_dim_genome_tags_tag_name.27503c0804"
[0m00:03:57.830575 [debug] [Thread-1 (]: Using snowflake connection "test.netflix_analysis.not_null_dim_genome_tags_tag_name.27503c0804"
[0m00:03:57.830817 [debug] [Thread-1 (]: On test.netflix_analysis.not_null_dim_genome_tags_tag_name.27503c0804: /* {"app": "dbt", "dbt_version": "1.9.0", "profile_name": "netflix_analysis", "target_name": "dev", "node_id": "test.netflix_analysis.not_null_dim_genome_tags_tag_name.27503c0804"} */
select
      count(*) as failures,
      count(*) != 0 as should_warn,
      count(*) != 0 as should_error
    from (
      
    
  
    
    



select tag_name
from MOVIELENS.DEV.dim_genome_tags
where tag_name is null



  
  
      
    ) dbt_internal_test
[0m00:03:57.949357 [debug] [Thread-1 (]: SQL status: SUCCESS 1 in 0.118 seconds
[0m00:03:57.952920 [info ] [Thread-1 (]: 2 of 13 PASS not_null_dim_genome_tags_tag_name ................................. [[32mPASS[0m in 0.13s]
[0m00:03:57.953653 [debug] [Thread-1 (]: Finished running node test.netflix_analysis.not_null_dim_genome_tags_tag_name.27503c0804
[0m00:03:57.954141 [debug] [Thread-1 (]: Began running node test.netflix_analysis.not_null_dim_movies_movie_id.0f96ca970d
[0m00:03:57.954682 [info ] [Thread-1 (]: 3 of 13 START test not_null_dim_movies_movie_id ................................ [RUN]
[0m00:03:57.955236 [debug] [Thread-1 (]: Re-using an available connection from the pool (formerly test.netflix_analysis.not_null_dim_genome_tags_tag_name.27503c0804, now test.netflix_analysis.not_null_dim_movies_movie_id.0f96ca970d)
[0m00:03:57.955618 [debug] [Thread-1 (]: Began compiling node test.netflix_analysis.not_null_dim_movies_movie_id.0f96ca970d
[0m00:03:57.962034 [debug] [Thread-1 (]: Writing injected SQL for node "test.netflix_analysis.not_null_dim_movies_movie_id.0f96ca970d"
[0m00:03:57.963197 [debug] [Thread-1 (]: Began executing node test.netflix_analysis.not_null_dim_movies_movie_id.0f96ca970d
[0m00:03:57.968720 [debug] [Thread-1 (]: Writing runtime sql for node "test.netflix_analysis.not_null_dim_movies_movie_id.0f96ca970d"
[0m00:03:57.969824 [debug] [Thread-1 (]: Using snowflake connection "test.netflix_analysis.not_null_dim_movies_movie_id.0f96ca970d"
[0m00:03:57.970138 [debug] [Thread-1 (]: On test.netflix_analysis.not_null_dim_movies_movie_id.0f96ca970d: /* {"app": "dbt", "dbt_version": "1.9.0", "profile_name": "netflix_analysis", "target_name": "dev", "node_id": "test.netflix_analysis.not_null_dim_movies_movie_id.0f96ca970d"} */
select
      count(*) as failures,
      count(*) != 0 as should_warn,
      count(*) != 0 as should_error
    from (
      
    
  
    
    



select movie_id
from MOVIELENS.DEV.dim_movies
where movie_id is null



  
  
      
    ) dbt_internal_test
[0m00:03:58.090204 [debug] [Thread-1 (]: SQL status: SUCCESS 1 in 0.120 seconds
[0m00:03:58.093546 [info ] [Thread-1 (]: 3 of 13 PASS not_null_dim_movies_movie_id ...................................... [[32mPASS[0m in 0.14s]
[0m00:03:58.094244 [debug] [Thread-1 (]: Finished running node test.netflix_analysis.not_null_dim_movies_movie_id.0f96ca970d
[0m00:03:58.094691 [debug] [Thread-1 (]: Began running node test.netflix_analysis.not_null_dim_movies_movie_title.0206534c81
[0m00:03:58.095227 [info ] [Thread-1 (]: 4 of 13 START test not_null_dim_movies_movie_title ............................. [RUN]
[0m00:03:58.095787 [debug] [Thread-1 (]: Re-using an available connection from the pool (formerly test.netflix_analysis.not_null_dim_movies_movie_id.0f96ca970d, now test.netflix_analysis.not_null_dim_movies_movie_title.0206534c81)
[0m00:03:58.096179 [debug] [Thread-1 (]: Began compiling node test.netflix_analysis.not_null_dim_movies_movie_title.0206534c81
[0m00:03:58.102727 [debug] [Thread-1 (]: Writing injected SQL for node "test.netflix_analysis.not_null_dim_movies_movie_title.0206534c81"
[0m00:03:58.104014 [debug] [Thread-1 (]: Began executing node test.netflix_analysis.not_null_dim_movies_movie_title.0206534c81
[0m00:03:58.108983 [debug] [Thread-1 (]: Writing runtime sql for node "test.netflix_analysis.not_null_dim_movies_movie_title.0206534c81"
[0m00:03:58.110405 [debug] [Thread-1 (]: Using snowflake connection "test.netflix_analysis.not_null_dim_movies_movie_title.0206534c81"
[0m00:03:58.110781 [debug] [Thread-1 (]: On test.netflix_analysis.not_null_dim_movies_movie_title.0206534c81: /* {"app": "dbt", "dbt_version": "1.9.0", "profile_name": "netflix_analysis", "target_name": "dev", "node_id": "test.netflix_analysis.not_null_dim_movies_movie_title.0206534c81"} */
select
      count(*) as failures,
      count(*) != 0 as should_warn,
      count(*) != 0 as should_error
    from (
      
    
  
    
    



select movie_title
from MOVIELENS.DEV.dim_movies
where movie_title is null



  
  
      
    ) dbt_internal_test
[0m00:03:58.231597 [debug] [Thread-1 (]: SQL status: SUCCESS 1 in 0.120 seconds
[0m00:03:58.234330 [info ] [Thread-1 (]: 4 of 13 PASS not_null_dim_movies_movie_title ................................... [[32mPASS[0m in 0.14s]
[0m00:03:58.234970 [debug] [Thread-1 (]: Finished running node test.netflix_analysis.not_null_dim_movies_movie_title.0206534c81
[0m00:03:58.235375 [debug] [Thread-1 (]: Began running node test.netflix_analysis.not_null_dim_users_user_id.e754bb5812
[0m00:03:58.235831 [info ] [Thread-1 (]: 5 of 13 START test not_null_dim_users_user_id .................................. [RUN]
[0m00:03:58.236313 [debug] [Thread-1 (]: Re-using an available connection from the pool (formerly test.netflix_analysis.not_null_dim_movies_movie_title.0206534c81, now test.netflix_analysis.not_null_dim_users_user_id.e754bb5812)
[0m00:03:58.236636 [debug] [Thread-1 (]: Began compiling node test.netflix_analysis.not_null_dim_users_user_id.e754bb5812
[0m00:03:58.242837 [debug] [Thread-1 (]: Writing injected SQL for node "test.netflix_analysis.not_null_dim_users_user_id.e754bb5812"
[0m00:03:58.244108 [debug] [Thread-1 (]: Began executing node test.netflix_analysis.not_null_dim_users_user_id.e754bb5812
[0m00:03:58.249302 [debug] [Thread-1 (]: Writing runtime sql for node "test.netflix_analysis.not_null_dim_users_user_id.e754bb5812"
[0m00:03:58.250695 [debug] [Thread-1 (]: Using snowflake connection "test.netflix_analysis.not_null_dim_users_user_id.e754bb5812"
[0m00:03:58.251153 [debug] [Thread-1 (]: On test.netflix_analysis.not_null_dim_users_user_id.e754bb5812: /* {"app": "dbt", "dbt_version": "1.9.0", "profile_name": "netflix_analysis", "target_name": "dev", "node_id": "test.netflix_analysis.not_null_dim_users_user_id.e754bb5812"} */
select
      count(*) as failures,
      count(*) != 0 as should_warn,
      count(*) != 0 as should_error
    from (
      
    
  
    
    



select user_id
from MOVIELENS.DEV.dim_users
where user_id is null



  
  
      
    ) dbt_internal_test
[0m00:03:58.369590 [debug] [Thread-1 (]: SQL status: SUCCESS 1 in 0.118 seconds
[0m00:03:58.373284 [info ] [Thread-1 (]: 5 of 13 PASS not_null_dim_users_user_id ........................................ [[32mPASS[0m in 0.14s]
[0m00:03:58.374073 [debug] [Thread-1 (]: Finished running node test.netflix_analysis.not_null_dim_users_user_id.e754bb5812
[0m00:03:58.374550 [debug] [Thread-1 (]: Began running node test.netflix_analysis.not_null_fct_genome_scores_movie_id.d1288b589a
[0m00:03:58.375106 [info ] [Thread-1 (]: 6 of 13 START test not_null_fct_genome_scores_movie_id ......................... [RUN]
[0m00:03:58.375709 [debug] [Thread-1 (]: Re-using an available connection from the pool (formerly test.netflix_analysis.not_null_dim_users_user_id.e754bb5812, now test.netflix_analysis.not_null_fct_genome_scores_movie_id.d1288b589a)
[0m00:03:58.376131 [debug] [Thread-1 (]: Began compiling node test.netflix_analysis.not_null_fct_genome_scores_movie_id.d1288b589a
[0m00:03:58.383029 [debug] [Thread-1 (]: Writing injected SQL for node "test.netflix_analysis.not_null_fct_genome_scores_movie_id.d1288b589a"
[0m00:03:58.384490 [debug] [Thread-1 (]: Began executing node test.netflix_analysis.not_null_fct_genome_scores_movie_id.d1288b589a
[0m00:03:58.388399 [debug] [Thread-1 (]: Writing runtime sql for node "test.netflix_analysis.not_null_fct_genome_scores_movie_id.d1288b589a"
[0m00:03:58.389735 [debug] [Thread-1 (]: Using snowflake connection "test.netflix_analysis.not_null_fct_genome_scores_movie_id.d1288b589a"
[0m00:03:58.390174 [debug] [Thread-1 (]: On test.netflix_analysis.not_null_fct_genome_scores_movie_id.d1288b589a: /* {"app": "dbt", "dbt_version": "1.9.0", "profile_name": "netflix_analysis", "target_name": "dev", "node_id": "test.netflix_analysis.not_null_fct_genome_scores_movie_id.d1288b589a"} */
select
      count(*) as failures,
      count(*) != 0 as should_warn,
      count(*) != 0 as should_error
    from (
      
    
  
    
    



select movie_id
from MOVIELENS.DEV.fct_genome_scores
where movie_id is null



  
  
      
    ) dbt_internal_test
[0m00:03:58.509763 [debug] [Thread-1 (]: SQL status: SUCCESS 1 in 0.119 seconds
[0m00:03:58.512608 [info ] [Thread-1 (]: 6 of 13 PASS not_null_fct_genome_scores_movie_id ............................... [[32mPASS[0m in 0.14s]
[0m00:03:58.513235 [debug] [Thread-1 (]: Finished running node test.netflix_analysis.not_null_fct_genome_scores_movie_id.d1288b589a
[0m00:03:58.513594 [debug] [Thread-1 (]: Began running node test.netflix_analysis.not_null_fct_genome_scores_relevance_score.20561448f1
[0m00:03:58.514021 [info ] [Thread-1 (]: 7 of 13 START test not_null_fct_genome_scores_relevance_score .................. [RUN]
[0m00:03:58.514458 [debug] [Thread-1 (]: Re-using an available connection from the pool (formerly test.netflix_analysis.not_null_fct_genome_scores_movie_id.d1288b589a, now test.netflix_analysis.not_null_fct_genome_scores_relevance_score.20561448f1)
[0m00:03:58.514757 [debug] [Thread-1 (]: Began compiling node test.netflix_analysis.not_null_fct_genome_scores_relevance_score.20561448f1
[0m00:03:58.520115 [debug] [Thread-1 (]: Writing injected SQL for node "test.netflix_analysis.not_null_fct_genome_scores_relevance_score.20561448f1"
[0m00:03:58.521292 [debug] [Thread-1 (]: Began executing node test.netflix_analysis.not_null_fct_genome_scores_relevance_score.20561448f1
[0m00:03:58.525215 [debug] [Thread-1 (]: Writing runtime sql for node "test.netflix_analysis.not_null_fct_genome_scores_relevance_score.20561448f1"
[0m00:03:58.526764 [debug] [Thread-1 (]: Using snowflake connection "test.netflix_analysis.not_null_fct_genome_scores_relevance_score.20561448f1"
[0m00:03:58.527161 [debug] [Thread-1 (]: On test.netflix_analysis.not_null_fct_genome_scores_relevance_score.20561448f1: /* {"app": "dbt", "dbt_version": "1.9.0", "profile_name": "netflix_analysis", "target_name": "dev", "node_id": "test.netflix_analysis.not_null_fct_genome_scores_relevance_score.20561448f1"} */
select
      count(*) as failures,
      count(*) != 0 as should_warn,
      count(*) != 0 as should_error
    from (
      
    
  
    
    



select relevance_score
from MOVIELENS.DEV.fct_genome_scores
where relevance_score is null



  
  
      
    ) dbt_internal_test
[0m00:03:58.644586 [debug] [Thread-1 (]: SQL status: SUCCESS 1 in 0.117 seconds
[0m00:03:58.648523 [info ] [Thread-1 (]: 7 of 13 PASS not_null_fct_genome_scores_relevance_score ........................ [[32mPASS[0m in 0.13s]
[0m00:03:58.649239 [debug] [Thread-1 (]: Finished running node test.netflix_analysis.not_null_fct_genome_scores_relevance_score.20561448f1
[0m00:03:58.649679 [debug] [Thread-1 (]: Began running node test.netflix_analysis.not_null_fct_genome_scores_tag_id.eb610dc620
[0m00:03:58.650211 [info ] [Thread-1 (]: 8 of 13 START test not_null_fct_genome_scores_tag_id ........................... [RUN]
[0m00:03:58.650750 [debug] [Thread-1 (]: Re-using an available connection from the pool (formerly test.netflix_analysis.not_null_fct_genome_scores_relevance_score.20561448f1, now test.netflix_analysis.not_null_fct_genome_scores_tag_id.eb610dc620)
[0m00:03:58.651122 [debug] [Thread-1 (]: Began compiling node test.netflix_analysis.not_null_fct_genome_scores_tag_id.eb610dc620
[0m00:03:58.660132 [debug] [Thread-1 (]: Writing injected SQL for node "test.netflix_analysis.not_null_fct_genome_scores_tag_id.eb610dc620"
[0m00:03:58.661019 [debug] [Thread-1 (]: Began executing node test.netflix_analysis.not_null_fct_genome_scores_tag_id.eb610dc620
[0m00:03:58.663565 [debug] [Thread-1 (]: Writing runtime sql for node "test.netflix_analysis.not_null_fct_genome_scores_tag_id.eb610dc620"
[0m00:03:58.664373 [debug] [Thread-1 (]: Using snowflake connection "test.netflix_analysis.not_null_fct_genome_scores_tag_id.eb610dc620"
[0m00:03:58.664651 [debug] [Thread-1 (]: On test.netflix_analysis.not_null_fct_genome_scores_tag_id.eb610dc620: /* {"app": "dbt", "dbt_version": "1.9.0", "profile_name": "netflix_analysis", "target_name": "dev", "node_id": "test.netflix_analysis.not_null_fct_genome_scores_tag_id.eb610dc620"} */
select
      count(*) as failures,
      count(*) != 0 as should_warn,
      count(*) != 0 as should_error
    from (
      
    
  
    
    



select tag_id
from MOVIELENS.DEV.fct_genome_scores
where tag_id is null



  
  
      
    ) dbt_internal_test
[0m00:03:58.795765 [debug] [Thread-1 (]: SQL status: SUCCESS 1 in 0.131 seconds
[0m00:03:58.798972 [info ] [Thread-1 (]: 8 of 13 PASS not_null_fct_genome_scores_tag_id ................................. [[32mPASS[0m in 0.15s]
[0m00:03:58.799970 [debug] [Thread-1 (]: Finished running node test.netflix_analysis.not_null_fct_genome_scores_tag_id.eb610dc620
[0m00:03:58.800449 [debug] [Thread-1 (]: Began running node test.netflix_analysis.not_null_fct_ratings_movie_id.68d088c553
[0m00:03:58.801023 [info ] [Thread-1 (]: 9 of 13 START test not_null_fct_ratings_movie_id ............................... [RUN]
[0m00:03:58.801687 [debug] [Thread-1 (]: Re-using an available connection from the pool (formerly test.netflix_analysis.not_null_fct_genome_scores_tag_id.eb610dc620, now test.netflix_analysis.not_null_fct_ratings_movie_id.68d088c553)
[0m00:03:58.802120 [debug] [Thread-1 (]: Began compiling node test.netflix_analysis.not_null_fct_ratings_movie_id.68d088c553
[0m00:03:58.812130 [debug] [Thread-1 (]: Writing injected SQL for node "test.netflix_analysis.not_null_fct_ratings_movie_id.68d088c553"
[0m00:03:58.814034 [debug] [Thread-1 (]: Began executing node test.netflix_analysis.not_null_fct_ratings_movie_id.68d088c553
[0m00:03:58.828600 [debug] [Thread-1 (]: Writing runtime sql for node "test.netflix_analysis.not_null_fct_ratings_movie_id.68d088c553"
[0m00:03:58.829696 [debug] [Thread-1 (]: Using snowflake connection "test.netflix_analysis.not_null_fct_ratings_movie_id.68d088c553"
[0m00:03:58.830110 [debug] [Thread-1 (]: On test.netflix_analysis.not_null_fct_ratings_movie_id.68d088c553: /* {"app": "dbt", "dbt_version": "1.9.0", "profile_name": "netflix_analysis", "target_name": "dev", "node_id": "test.netflix_analysis.not_null_fct_ratings_movie_id.68d088c553"} */
select
      count(*) as failures,
      count(*) != 0 as should_warn,
      count(*) != 0 as should_error
    from (
      
    
  
    
    



select movie_id
from MOVIELENS.DEV.fct_ratings
where movie_id is null



  
  
      
    ) dbt_internal_test
[0m00:03:58.955954 [debug] [Thread-1 (]: SQL status: SUCCESS 1 in 0.125 seconds
[0m00:03:58.958844 [info ] [Thread-1 (]: 9 of 13 PASS not_null_fct_ratings_movie_id ..................................... [[32mPASS[0m in 0.16s]
[0m00:03:58.959568 [debug] [Thread-1 (]: Finished running node test.netflix_analysis.not_null_fct_ratings_movie_id.68d088c553
[0m00:03:58.959979 [debug] [Thread-1 (]: Began running node test.netflix_analysis.not_null_fct_ratings_rating.25c6481558
[0m00:03:58.960427 [info ] [Thread-1 (]: 10 of 13 START test not_null_fct_ratings_rating ................................ [RUN]
[0m00:03:58.960875 [debug] [Thread-1 (]: Re-using an available connection from the pool (formerly test.netflix_analysis.not_null_fct_ratings_movie_id.68d088c553, now test.netflix_analysis.not_null_fct_ratings_rating.25c6481558)
[0m00:03:58.961216 [debug] [Thread-1 (]: Began compiling node test.netflix_analysis.not_null_fct_ratings_rating.25c6481558
[0m00:03:58.967300 [debug] [Thread-1 (]: Writing injected SQL for node "test.netflix_analysis.not_null_fct_ratings_rating.25c6481558"
[0m00:03:58.968707 [debug] [Thread-1 (]: Began executing node test.netflix_analysis.not_null_fct_ratings_rating.25c6481558
[0m00:03:58.972691 [debug] [Thread-1 (]: Writing runtime sql for node "test.netflix_analysis.not_null_fct_ratings_rating.25c6481558"
[0m00:03:58.973999 [debug] [Thread-1 (]: Using snowflake connection "test.netflix_analysis.not_null_fct_ratings_rating.25c6481558"
[0m00:03:58.974356 [debug] [Thread-1 (]: On test.netflix_analysis.not_null_fct_ratings_rating.25c6481558: /* {"app": "dbt", "dbt_version": "1.9.0", "profile_name": "netflix_analysis", "target_name": "dev", "node_id": "test.netflix_analysis.not_null_fct_ratings_rating.25c6481558"} */
select
      count(*) as failures,
      count(*) != 0 as should_warn,
      count(*) != 0 as should_error
    from (
      
    
  
    
    



select rating
from MOVIELENS.DEV.fct_ratings
where rating is null



  
  
      
    ) dbt_internal_test
[0m00:03:59.112094 [debug] [Thread-1 (]: SQL status: SUCCESS 1 in 0.137 seconds
[0m00:03:59.114651 [info ] [Thread-1 (]: 10 of 13 PASS not_null_fct_ratings_rating ...................................... [[32mPASS[0m in 0.15s]
[0m00:03:59.115296 [debug] [Thread-1 (]: Finished running node test.netflix_analysis.not_null_fct_ratings_rating.25c6481558
[0m00:03:59.115658 [debug] [Thread-1 (]: Began running node test.netflix_analysis.not_null_fct_ratings_user_id.652655a4cf
[0m00:03:59.116042 [info ] [Thread-1 (]: 11 of 13 START test not_null_fct_ratings_user_id ............................... [RUN]
[0m00:03:59.116500 [debug] [Thread-1 (]: Re-using an available connection from the pool (formerly test.netflix_analysis.not_null_fct_ratings_rating.25c6481558, now test.netflix_analysis.not_null_fct_ratings_user_id.652655a4cf)
[0m00:03:59.116811 [debug] [Thread-1 (]: Began compiling node test.netflix_analysis.not_null_fct_ratings_user_id.652655a4cf
[0m00:03:59.122571 [debug] [Thread-1 (]: Writing injected SQL for node "test.netflix_analysis.not_null_fct_ratings_user_id.652655a4cf"
[0m00:03:59.123965 [debug] [Thread-1 (]: Began executing node test.netflix_analysis.not_null_fct_ratings_user_id.652655a4cf
[0m00:03:59.128367 [debug] [Thread-1 (]: Writing runtime sql for node "test.netflix_analysis.not_null_fct_ratings_user_id.652655a4cf"
[0m00:03:59.130050 [debug] [Thread-1 (]: Using snowflake connection "test.netflix_analysis.not_null_fct_ratings_user_id.652655a4cf"
[0m00:03:59.130603 [debug] [Thread-1 (]: On test.netflix_analysis.not_null_fct_ratings_user_id.652655a4cf: /* {"app": "dbt", "dbt_version": "1.9.0", "profile_name": "netflix_analysis", "target_name": "dev", "node_id": "test.netflix_analysis.not_null_fct_ratings_user_id.652655a4cf"} */
select
      count(*) as failures,
      count(*) != 0 as should_warn,
      count(*) != 0 as should_error
    from (
      
    
  
    
    



select user_id
from MOVIELENS.DEV.fct_ratings
where user_id is null



  
  
      
    ) dbt_internal_test
[0m00:03:59.248493 [debug] [Thread-1 (]: SQL status: SUCCESS 1 in 0.117 seconds
[0m00:03:59.253360 [info ] [Thread-1 (]: 11 of 13 PASS not_null_fct_ratings_user_id ..................................... [[32mPASS[0m in 0.14s]
[0m00:03:59.254287 [debug] [Thread-1 (]: Finished running node test.netflix_analysis.not_null_fct_ratings_user_id.652655a4cf
[0m00:03:59.254636 [debug] [Thread-1 (]: Began running node test.netflix_analysis.relationships_fct_ratings_movie_id__movie_id__ref_dim_movies_.fb3ebb34b0
[0m00:03:59.255014 [info ] [Thread-1 (]: 12 of 13 START test relationships_fct_ratings_movie_id__movie_id__ref_dim_movies_  [RUN]
[0m00:03:59.255432 [debug] [Thread-1 (]: Re-using an available connection from the pool (formerly test.netflix_analysis.not_null_fct_ratings_user_id.652655a4cf, now test.netflix_analysis.relationships_fct_ratings_movie_id__movie_id__ref_dim_movies_.fb3ebb34b0)
[0m00:03:59.255729 [debug] [Thread-1 (]: Began compiling node test.netflix_analysis.relationships_fct_ratings_movie_id__movie_id__ref_dim_movies_.fb3ebb34b0
[0m00:03:59.262664 [debug] [Thread-1 (]: Writing injected SQL for node "test.netflix_analysis.relationships_fct_ratings_movie_id__movie_id__ref_dim_movies_.fb3ebb34b0"
[0m00:03:59.263655 [debug] [Thread-1 (]: Began executing node test.netflix_analysis.relationships_fct_ratings_movie_id__movie_id__ref_dim_movies_.fb3ebb34b0
[0m00:03:59.267260 [debug] [Thread-1 (]: Writing runtime sql for node "test.netflix_analysis.relationships_fct_ratings_movie_id__movie_id__ref_dim_movies_.fb3ebb34b0"
[0m00:03:59.268018 [debug] [Thread-1 (]: Using snowflake connection "test.netflix_analysis.relationships_fct_ratings_movie_id__movie_id__ref_dim_movies_.fb3ebb34b0"
[0m00:03:59.268230 [debug] [Thread-1 (]: On test.netflix_analysis.relationships_fct_ratings_movie_id__movie_id__ref_dim_movies_.fb3ebb34b0: /* {"app": "dbt", "dbt_version": "1.9.0", "profile_name": "netflix_analysis", "target_name": "dev", "node_id": "test.netflix_analysis.relationships_fct_ratings_movie_id__movie_id__ref_dim_movies_.fb3ebb34b0"} */
select
      count(*) as failures,
      count(*) != 0 as should_warn,
      count(*) != 0 as should_error
    from (
      
    
  
    
    

with child as (
    select movie_id as from_field
    from MOVIELENS.DEV.fct_ratings
    where movie_id is not null
),

parent as (
    select movie_id as to_field
    from MOVIELENS.DEV.dim_movies
)

select
    from_field

from child
left join parent
    on child.from_field = parent.to_field

where parent.to_field is null



  
  
      
    ) dbt_internal_test
[0m00:03:59.393533 [debug] [Thread-1 (]: SQL status: SUCCESS 1 in 0.125 seconds
[0m00:03:59.394931 [info ] [Thread-1 (]: 12 of 13 PASS relationships_fct_ratings_movie_id__movie_id__ref_dim_movies_ .... [[32mPASS[0m in 0.14s]
[0m00:03:59.395289 [debug] [Thread-1 (]: Finished running node test.netflix_analysis.relationships_fct_ratings_movie_id__movie_id__ref_dim_movies_.fb3ebb34b0
[0m00:03:59.395514 [debug] [Thread-1 (]: Began running node test.netflix_analysis.relevance_score_test
[0m00:03:59.395779 [info ] [Thread-1 (]: 13 of 13 START test relevance_score_test ....................................... [RUN]
[0m00:03:59.396076 [debug] [Thread-1 (]: Re-using an available connection from the pool (formerly test.netflix_analysis.relationships_fct_ratings_movie_id__movie_id__ref_dim_movies_.fb3ebb34b0, now test.netflix_analysis.relevance_score_test)
[0m00:03:59.396285 [debug] [Thread-1 (]: Began compiling node test.netflix_analysis.relevance_score_test
[0m00:03:59.398259 [debug] [Thread-1 (]: Writing injected SQL for node "test.netflix_analysis.relevance_score_test"
[0m00:03:59.398788 [debug] [Thread-1 (]: Began executing node test.netflix_analysis.relevance_score_test
[0m00:03:59.400514 [debug] [Thread-1 (]: Writing runtime sql for node "test.netflix_analysis.relevance_score_test"
[0m00:03:59.401074 [debug] [Thread-1 (]: Using snowflake connection "test.netflix_analysis.relevance_score_test"
[0m00:03:59.401330 [debug] [Thread-1 (]: On test.netflix_analysis.relevance_score_test: /* {"app": "dbt", "dbt_version": "1.9.0", "profile_name": "netflix_analysis", "target_name": "dev", "node_id": "test.netflix_analysis.relevance_score_test"} */
select
      count(*) as failures,
      count(*) != 0 as should_warn,
      count(*) != 0 as should_error
    from (
      
    
  SELECT
  movie_id,
  relevance_score,
  tag_id
FROM MOVIELENS.DEV.fct_genome_scores
WHERE relevance_score<=0
  
  
      
    ) dbt_internal_test
[0m00:03:59.797059 [debug] [Thread-1 (]: SQL status: SUCCESS 1 in 0.395 seconds
[0m00:03:59.802605 [info ] [Thread-1 (]: 13 of 13 PASS relevance_score_test ............................................. [[32mPASS[0m in 0.41s]
[0m00:03:59.803543 [debug] [Thread-1 (]: Finished running node test.netflix_analysis.relevance_score_test
[0m00:03:59.804972 [debug] [MainThread]: Connection 'master' was properly closed.
[0m00:03:59.805365 [debug] [MainThread]: Connection 'test.netflix_analysis.relevance_score_test' was left open.
[0m00:03:59.805674 [debug] [MainThread]: On test.netflix_analysis.relevance_score_test: Close
[0m00:04:00.030424 [info ] [MainThread]: 
[0m00:04:00.031326 [info ] [MainThread]: Finished running 13 data tests in 0 hours 0 minutes and 5.49 seconds (5.49s).
[0m00:04:00.033633 [debug] [MainThread]: Command end result
[0m00:04:00.063105 [debug] [MainThread]: Wrote artifact WritableManifest to /Users/sakshirai/Desktop/netflixanalysis/netflix_analysis/target/manifest.json
[0m00:04:00.064290 [debug] [MainThread]: Wrote artifact SemanticManifest to /Users/sakshirai/Desktop/netflixanalysis/netflix_analysis/target/semantic_manifest.json
[0m00:04:00.069604 [debug] [MainThread]: Wrote artifact RunExecutionResult to /Users/sakshirai/Desktop/netflixanalysis/netflix_analysis/target/run_results.json
[0m00:04:00.069784 [info ] [MainThread]: 
[0m00:04:00.069979 [info ] [MainThread]: [32mCompleted successfully[0m
[0m00:04:00.070136 [info ] [MainThread]: 
[0m00:04:00.070293 [info ] [MainThread]: Done. PASS=13 WARN=0 ERROR=0 SKIP=0 TOTAL=13
[0m00:04:00.072147 [debug] [MainThread]: Resource report: {"command_name": "test", "command_success": true, "command_wall_clock_time": 5.94076, "process_in_blocks": "0", "process_kernel_time": 0.219148, "process_mem_max_rss": "180682752", "process_out_blocks": "0", "process_user_time": 1.282483}
[0m00:04:00.072385 [debug] [MainThread]: Command `dbt test` succeeded at 00:04:00.072340 after 5.94 seconds
[0m00:04:00.072607 [debug] [MainThread]: Sending event: {'category': 'dbt', 'action': 'invocation', 'label': 'end', 'context': [<snowplow_tracker.self_describing_json.SelfDescribingJson object at 0x105817d90>, <snowplow_tracker.self_describing_json.SelfDescribingJson object at 0x1057e4810>, <snowplow_tracker.self_describing_json.SelfDescribingJson object at 0x10111a050>]}
[0m00:04:00.072878 [debug] [MainThread]: Flushing usage events
[0m00:04:00.969016 [debug] [MainThread]: An error was encountered while trying to flush usage events
[0m00:06:23.707561 [debug] [MainThread]: Sending event: {'category': 'dbt', 'action': 'invocation', 'label': 'start', 'context': [<snowplow_tracker.self_describing_json.SelfDescribingJson object at 0x104a0ce50>, <snowplow_tracker.self_describing_json.SelfDescribingJson object at 0x104a77b90>, <snowplow_tracker.self_describing_json.SelfDescribingJson object at 0x104a073d0>]}


============================== 00:06:23.709510 | 5c4ce098-7f3f-4f40-99ea-41ba90c2af5b ==============================
[0m00:06:23.709510 [info ] [MainThread]: Running with dbt=1.9.0
[0m00:06:23.709773 [debug] [MainThread]: running dbt with arguments {'printer_width': '80', 'indirect_selection': 'eager', 'log_cache_events': 'False', 'write_json': 'True', 'partial_parse': 'True', 'cache_selected_only': 'False', 'warn_error': 'None', 'fail_fast': 'False', 'version_check': 'True', 'log_path': '/Users/sakshirai/Desktop/netflixanalysis/netflix_analysis/logs', 'profiles_dir': '/Users/sakshirai/.dbt', 'debug': 'False', 'use_colors': 'True', 'use_experimental_parser': 'False', 'empty': 'None', 'quiet': 'False', 'no_print': 'None', 'warn_error_options': 'WarnErrorOptions(include=[], exclude=[])', 'static_parser': 'True', 'introspect': 'True', 'log_format': 'default', 'target_path': 'None', 'invocation_command': 'dbt docs generate', 'send_anonymous_usage_stats': 'True'}
[0m00:06:23.857327 [debug] [MainThread]: Sending event: {'category': 'dbt', 'action': 'project_id', 'label': '5c4ce098-7f3f-4f40-99ea-41ba90c2af5b', 'context': [<snowplow_tracker.self_describing_json.SelfDescribingJson object at 0x1059f7b10>]}
[0m00:06:23.875120 [debug] [MainThread]: Sending event: {'category': 'dbt', 'action': 'adapter_info', 'label': '5c4ce098-7f3f-4f40-99ea-41ba90c2af5b', 'context': [<snowplow_tracker.self_describing_json.SelfDescribingJson object at 0x10573f890>]}
[0m00:06:23.875473 [info ] [MainThread]: Registered adapter: snowflake=1.9.0
[0m00:06:23.921480 [debug] [MainThread]: checksum: c99e828bba267739642b5a3ce85f17518764ea526e0e6c4fdc649171c1a66bff, vars: {}, profile: , target: , version: 1.9.0
[0m00:06:23.977223 [debug] [MainThread]: Partial parsing enabled: 0 files deleted, 0 files added, 0 files changed.
[0m00:06:23.977392 [debug] [MainThread]: Partial parsing enabled, no changes found, skipping parsing
[0m00:06:24.000143 [debug] [MainThread]: Sending event: {'category': 'dbt', 'action': 'load_project', 'label': '5c4ce098-7f3f-4f40-99ea-41ba90c2af5b', 'context': [<snowplow_tracker.self_describing_json.SelfDescribingJson object at 0x105d624d0>]}
[0m00:06:24.007041 [debug] [MainThread]: Sending event: {'category': 'dbt', 'action': 'resource_counts', 'label': '5c4ce098-7f3f-4f40-99ea-41ba90c2af5b', 'context': [<snowplow_tracker.self_describing_json.SelfDescribingJson object at 0x105979750>]}
[0m00:06:24.007217 [info ] [MainThread]: Found 14 models, 1 snapshot, 1 seed, 13 data tests, 589 macros
[0m00:06:24.007350 [debug] [MainThread]: Sending event: {'category': 'dbt', 'action': 'runnable_timing', 'label': '5c4ce098-7f3f-4f40-99ea-41ba90c2af5b', 'context': [<snowplow_tracker.self_describing_json.SelfDescribingJson object at 0x105cc2110>]}
[0m00:06:24.008275 [info ] [MainThread]: 
[0m00:06:24.008416 [info ] [MainThread]: Concurrency: 1 threads (target='dev')
[0m00:06:24.008517 [info ] [MainThread]: 
[0m00:06:24.008694 [debug] [MainThread]: Acquiring new snowflake connection 'master'
[0m00:06:24.010485 [debug] [ThreadPool]: Acquiring new snowflake connection 'list_MOVIELENS_DEV'
[0m00:06:24.034253 [debug] [ThreadPool]: Using snowflake connection "list_MOVIELENS_DEV"
[0m00:06:24.034432 [debug] [ThreadPool]: On list_MOVIELENS_DEV: /* {"app": "dbt", "dbt_version": "1.9.0", "profile_name": "netflix_analysis", "target_name": "dev", "connection_name": "list_MOVIELENS_DEV"} */
show objects in MOVIELENS.DEV limit 10000;
[0m00:06:24.034533 [debug] [ThreadPool]: Opening a new connection, currently in state init
[0m00:06:24.963610 [debug] [ThreadPool]: SQL status: SUCCESS 14 in 0.929 seconds
[0m00:06:24.965841 [debug] [ThreadPool]: Re-using an available connection from the pool (formerly list_MOVIELENS_DEV, now list_MOVIELENS_snapshots)
[0m00:06:24.969105 [debug] [ThreadPool]: Using snowflake connection "list_MOVIELENS_snapshots"
[0m00:06:24.969339 [debug] [ThreadPool]: On list_MOVIELENS_snapshots: /* {"app": "dbt", "dbt_version": "1.9.0", "profile_name": "netflix_analysis", "target_name": "dev", "connection_name": "list_MOVIELENS_snapshots"} */
show objects in MOVIELENS.snapshots limit 10000;
[0m00:06:25.128509 [debug] [ThreadPool]: SQL status: SUCCESS 1 in 0.159 seconds
[0m00:06:25.132846 [debug] [MainThread]: Sending event: {'category': 'dbt', 'action': 'runnable_timing', 'label': '5c4ce098-7f3f-4f40-99ea-41ba90c2af5b', 'context': [<snowplow_tracker.self_describing_json.SelfDescribingJson object at 0x1058d9410>]}
[0m00:06:25.134185 [debug] [Thread-1 (]: Began running node model.netflix_analysis.src_genome_scores
[0m00:06:25.134603 [debug] [Thread-1 (]: Re-using an available connection from the pool (formerly list_MOVIELENS_snapshots, now model.netflix_analysis.src_genome_scores)
[0m00:06:25.134909 [debug] [Thread-1 (]: Began compiling node model.netflix_analysis.src_genome_scores
[0m00:06:25.140384 [debug] [Thread-1 (]: Writing injected SQL for node "model.netflix_analysis.src_genome_scores"
[0m00:06:25.141961 [debug] [Thread-1 (]: Began executing node model.netflix_analysis.src_genome_scores
[0m00:06:25.142416 [debug] [Thread-1 (]: Finished running node model.netflix_analysis.src_genome_scores
[0m00:06:25.142665 [debug] [Thread-1 (]: Began running node model.netflix_analysis.src_genome_tags
[0m00:06:25.143016 [debug] [Thread-1 (]: Re-using an available connection from the pool (formerly model.netflix_analysis.src_genome_scores, now model.netflix_analysis.src_genome_tags)
[0m00:06:25.143247 [debug] [Thread-1 (]: Began compiling node model.netflix_analysis.src_genome_tags
[0m00:06:25.145746 [debug] [Thread-1 (]: Writing injected SQL for node "model.netflix_analysis.src_genome_tags"
[0m00:06:25.146134 [debug] [Thread-1 (]: Began executing node model.netflix_analysis.src_genome_tags
[0m00:06:25.146465 [debug] [Thread-1 (]: Finished running node model.netflix_analysis.src_genome_tags
[0m00:06:25.146664 [debug] [Thread-1 (]: Began running node model.netflix_analysis.src_links
[0m00:06:25.146917 [debug] [Thread-1 (]: Re-using an available connection from the pool (formerly model.netflix_analysis.src_genome_tags, now model.netflix_analysis.src_links)
[0m00:06:25.147107 [debug] [Thread-1 (]: Began compiling node model.netflix_analysis.src_links
[0m00:06:25.148314 [debug] [Thread-1 (]: Writing injected SQL for node "model.netflix_analysis.src_links"
[0m00:06:25.149033 [debug] [Thread-1 (]: Began executing node model.netflix_analysis.src_links
[0m00:06:25.149344 [debug] [Thread-1 (]: Finished running node model.netflix_analysis.src_links
[0m00:06:25.149540 [debug] [Thread-1 (]: Began running node model.netflix_analysis.src_movies
[0m00:06:25.149762 [debug] [Thread-1 (]: Re-using an available connection from the pool (formerly model.netflix_analysis.src_links, now model.netflix_analysis.src_movies)
[0m00:06:25.149945 [debug] [Thread-1 (]: Began compiling node model.netflix_analysis.src_movies
[0m00:06:25.151020 [debug] [Thread-1 (]: Writing injected SQL for node "model.netflix_analysis.src_movies"
[0m00:06:25.151498 [debug] [Thread-1 (]: Began executing node model.netflix_analysis.src_movies
[0m00:06:25.151775 [debug] [Thread-1 (]: Finished running node model.netflix_analysis.src_movies
[0m00:06:25.151948 [debug] [Thread-1 (]: Began running node model.netflix_analysis.src_ratings
[0m00:06:25.152159 [debug] [Thread-1 (]: Re-using an available connection from the pool (formerly model.netflix_analysis.src_movies, now model.netflix_analysis.src_ratings)
[0m00:06:25.152319 [debug] [Thread-1 (]: Began compiling node model.netflix_analysis.src_ratings
[0m00:06:25.153923 [debug] [Thread-1 (]: Writing injected SQL for node "model.netflix_analysis.src_ratings"
[0m00:06:25.154415 [debug] [Thread-1 (]: Began executing node model.netflix_analysis.src_ratings
[0m00:06:25.154700 [debug] [Thread-1 (]: Finished running node model.netflix_analysis.src_ratings
[0m00:06:25.154882 [debug] [Thread-1 (]: Began running node model.netflix_analysis.src_tags
[0m00:06:25.155125 [debug] [Thread-1 (]: Re-using an available connection from the pool (formerly model.netflix_analysis.src_ratings, now model.netflix_analysis.src_tags)
[0m00:06:25.155957 [debug] [Thread-1 (]: Began compiling node model.netflix_analysis.src_tags
[0m00:06:25.157500 [debug] [Thread-1 (]: Writing injected SQL for node "model.netflix_analysis.src_tags"
[0m00:06:25.158034 [debug] [Thread-1 (]: Began executing node model.netflix_analysis.src_tags
[0m00:06:25.158329 [debug] [Thread-1 (]: Finished running node model.netflix_analysis.src_tags
[0m00:06:25.158513 [debug] [Thread-1 (]: Began running node seed.netflix_analysis.seed_movie_release_dates
[0m00:06:25.158744 [debug] [Thread-1 (]: Re-using an available connection from the pool (formerly model.netflix_analysis.src_tags, now seed.netflix_analysis.seed_movie_release_dates)
[0m00:06:25.158911 [debug] [Thread-1 (]: Began compiling node seed.netflix_analysis.seed_movie_release_dates
[0m00:06:25.159922 [debug] [Thread-1 (]: Began executing node seed.netflix_analysis.seed_movie_release_dates
[0m00:06:25.160183 [debug] [Thread-1 (]: Finished running node seed.netflix_analysis.seed_movie_release_dates
[0m00:06:25.160356 [debug] [Thread-1 (]: Began running node model.netflix_analysis.fct_genome_scores
[0m00:06:25.160542 [debug] [Thread-1 (]: Re-using an available connection from the pool (formerly seed.netflix_analysis.seed_movie_release_dates, now model.netflix_analysis.fct_genome_scores)
[0m00:06:25.160702 [debug] [Thread-1 (]: Began compiling node model.netflix_analysis.fct_genome_scores
[0m00:06:25.162026 [debug] [Thread-1 (]: Writing injected SQL for node "model.netflix_analysis.fct_genome_scores"
[0m00:06:25.162732 [debug] [Thread-1 (]: Began executing node model.netflix_analysis.fct_genome_scores
[0m00:06:25.162986 [debug] [Thread-1 (]: Finished running node model.netflix_analysis.fct_genome_scores
[0m00:06:25.163143 [debug] [Thread-1 (]: Began running node model.netflix_analysis.dim_genome_tags
[0m00:06:25.163374 [debug] [Thread-1 (]: Re-using an available connection from the pool (formerly model.netflix_analysis.fct_genome_scores, now model.netflix_analysis.dim_genome_tags)
[0m00:06:25.163522 [debug] [Thread-1 (]: Began compiling node model.netflix_analysis.dim_genome_tags
[0m00:06:25.164715 [debug] [Thread-1 (]: Writing injected SQL for node "model.netflix_analysis.dim_genome_tags"
[0m00:06:25.164946 [debug] [Thread-1 (]: Began executing node model.netflix_analysis.dim_genome_tags
[0m00:06:25.165172 [debug] [Thread-1 (]: Finished running node model.netflix_analysis.dim_genome_tags
[0m00:06:25.165317 [debug] [Thread-1 (]: Began running node model.netflix_analysis.dim_movies
[0m00:06:25.165496 [debug] [Thread-1 (]: Re-using an available connection from the pool (formerly model.netflix_analysis.dim_genome_tags, now model.netflix_analysis.dim_movies)
[0m00:06:25.165628 [debug] [Thread-1 (]: Began compiling node model.netflix_analysis.dim_movies
[0m00:06:25.166809 [debug] [Thread-1 (]: Writing injected SQL for node "model.netflix_analysis.dim_movies"
[0m00:06:25.167215 [debug] [Thread-1 (]: Began executing node model.netflix_analysis.dim_movies
[0m00:06:25.167443 [debug] [Thread-1 (]: Finished running node model.netflix_analysis.dim_movies
[0m00:06:25.167583 [debug] [Thread-1 (]: Began running node model.netflix_analysis.fct_ratings
[0m00:06:25.167764 [debug] [Thread-1 (]: Re-using an available connection from the pool (formerly model.netflix_analysis.dim_movies, now model.netflix_analysis.fct_ratings)
[0m00:06:25.167896 [debug] [Thread-1 (]: Began compiling node model.netflix_analysis.fct_ratings
[0m00:06:25.171565 [debug] [Thread-1 (]: Writing injected SQL for node "model.netflix_analysis.fct_ratings"
[0m00:06:25.172095 [debug] [Thread-1 (]: Began executing node model.netflix_analysis.fct_ratings
[0m00:06:25.172325 [debug] [Thread-1 (]: Finished running node model.netflix_analysis.fct_ratings
[0m00:06:25.172466 [debug] [Thread-1 (]: Began running node model.netflix_analysis.dim_users
[0m00:06:25.172668 [debug] [Thread-1 (]: Re-using an available connection from the pool (formerly model.netflix_analysis.fct_ratings, now model.netflix_analysis.dim_users)
[0m00:06:25.172798 [debug] [Thread-1 (]: Began compiling node model.netflix_analysis.dim_users
[0m00:06:25.174791 [debug] [Thread-1 (]: Writing injected SQL for node "model.netflix_analysis.dim_users"
[0m00:06:25.175032 [debug] [Thread-1 (]: Began executing node model.netflix_analysis.dim_users
[0m00:06:25.175251 [debug] [Thread-1 (]: Finished running node model.netflix_analysis.dim_users
[0m00:06:25.175391 [debug] [Thread-1 (]: Began running node snapshot.netflix_analysis.snap_tags
[0m00:06:25.175555 [debug] [Thread-1 (]: Re-using an available connection from the pool (formerly model.netflix_analysis.dim_users, now snapshot.netflix_analysis.snap_tags)
[0m00:06:25.175684 [debug] [Thread-1 (]: Began compiling node snapshot.netflix_analysis.snap_tags
[0m00:06:25.181620 [debug] [Thread-1 (]: Began executing node snapshot.netflix_analysis.snap_tags
[0m00:06:25.181857 [debug] [Thread-1 (]: Finished running node snapshot.netflix_analysis.snap_tags
[0m00:06:25.181992 [debug] [Thread-1 (]: Began running node test.netflix_analysis.not_null_fct_genome_scores_movie_id.d1288b589a
[0m00:06:25.182131 [debug] [Thread-1 (]: Re-using an available connection from the pool (formerly snapshot.netflix_analysis.snap_tags, now test.netflix_analysis.not_null_fct_genome_scores_movie_id.d1288b589a)
[0m00:06:25.182250 [debug] [Thread-1 (]: Began compiling node test.netflix_analysis.not_null_fct_genome_scores_movie_id.d1288b589a
[0m00:06:25.186463 [debug] [Thread-1 (]: Writing injected SQL for node "test.netflix_analysis.not_null_fct_genome_scores_movie_id.d1288b589a"
[0m00:06:25.186709 [debug] [Thread-1 (]: Began executing node test.netflix_analysis.not_null_fct_genome_scores_movie_id.d1288b589a
[0m00:06:25.186924 [debug] [Thread-1 (]: Finished running node test.netflix_analysis.not_null_fct_genome_scores_movie_id.d1288b589a
[0m00:06:25.187060 [debug] [Thread-1 (]: Began running node test.netflix_analysis.not_null_fct_genome_scores_relevance_score.20561448f1
[0m00:06:25.187198 [debug] [Thread-1 (]: Re-using an available connection from the pool (formerly test.netflix_analysis.not_null_fct_genome_scores_movie_id.d1288b589a, now test.netflix_analysis.not_null_fct_genome_scores_relevance_score.20561448f1)
[0m00:06:25.187326 [debug] [Thread-1 (]: Began compiling node test.netflix_analysis.not_null_fct_genome_scores_relevance_score.20561448f1
[0m00:06:25.188764 [debug] [Thread-1 (]: Writing injected SQL for node "test.netflix_analysis.not_null_fct_genome_scores_relevance_score.20561448f1"
[0m00:06:25.189002 [debug] [Thread-1 (]: Began executing node test.netflix_analysis.not_null_fct_genome_scores_relevance_score.20561448f1
[0m00:06:25.189201 [debug] [Thread-1 (]: Finished running node test.netflix_analysis.not_null_fct_genome_scores_relevance_score.20561448f1
[0m00:06:25.189330 [debug] [Thread-1 (]: Began running node test.netflix_analysis.not_null_fct_genome_scores_tag_id.eb610dc620
[0m00:06:25.189463 [debug] [Thread-1 (]: Re-using an available connection from the pool (formerly test.netflix_analysis.not_null_fct_genome_scores_relevance_score.20561448f1, now test.netflix_analysis.not_null_fct_genome_scores_tag_id.eb610dc620)
[0m00:06:25.189582 [debug] [Thread-1 (]: Began compiling node test.netflix_analysis.not_null_fct_genome_scores_tag_id.eb610dc620
[0m00:06:25.191008 [debug] [Thread-1 (]: Writing injected SQL for node "test.netflix_analysis.not_null_fct_genome_scores_tag_id.eb610dc620"
[0m00:06:25.191251 [debug] [Thread-1 (]: Began executing node test.netflix_analysis.not_null_fct_genome_scores_tag_id.eb610dc620
[0m00:06:25.191442 [debug] [Thread-1 (]: Finished running node test.netflix_analysis.not_null_fct_genome_scores_tag_id.eb610dc620
[0m00:06:25.191566 [debug] [Thread-1 (]: Began running node test.netflix_analysis.relevance_score_test
[0m00:06:25.191696 [debug] [Thread-1 (]: Re-using an available connection from the pool (formerly test.netflix_analysis.not_null_fct_genome_scores_tag_id.eb610dc620, now test.netflix_analysis.relevance_score_test)
[0m00:06:25.191809 [debug] [Thread-1 (]: Began compiling node test.netflix_analysis.relevance_score_test
[0m00:06:25.192771 [debug] [Thread-1 (]: Writing injected SQL for node "test.netflix_analysis.relevance_score_test"
[0m00:06:25.193407 [debug] [Thread-1 (]: Began executing node test.netflix_analysis.relevance_score_test
[0m00:06:25.193618 [debug] [Thread-1 (]: Finished running node test.netflix_analysis.relevance_score_test
[0m00:06:25.193755 [debug] [Thread-1 (]: Began running node test.netflix_analysis.not_null_dim_genome_tags_tag_id.f11f861a5f
[0m00:06:25.193905 [debug] [Thread-1 (]: Re-using an available connection from the pool (formerly test.netflix_analysis.relevance_score_test, now test.netflix_analysis.not_null_dim_genome_tags_tag_id.f11f861a5f)
[0m00:06:25.194027 [debug] [Thread-1 (]: Began compiling node test.netflix_analysis.not_null_dim_genome_tags_tag_id.f11f861a5f
[0m00:06:25.195385 [debug] [Thread-1 (]: Writing injected SQL for node "test.netflix_analysis.not_null_dim_genome_tags_tag_id.f11f861a5f"
[0m00:06:25.195594 [debug] [Thread-1 (]: Began executing node test.netflix_analysis.not_null_dim_genome_tags_tag_id.f11f861a5f
[0m00:06:25.195779 [debug] [Thread-1 (]: Finished running node test.netflix_analysis.not_null_dim_genome_tags_tag_id.f11f861a5f
[0m00:06:25.195898 [debug] [Thread-1 (]: Began running node test.netflix_analysis.not_null_dim_genome_tags_tag_name.27503c0804
[0m00:06:25.196025 [debug] [Thread-1 (]: Re-using an available connection from the pool (formerly test.netflix_analysis.not_null_dim_genome_tags_tag_id.f11f861a5f, now test.netflix_analysis.not_null_dim_genome_tags_tag_name.27503c0804)
[0m00:06:25.196138 [debug] [Thread-1 (]: Began compiling node test.netflix_analysis.not_null_dim_genome_tags_tag_name.27503c0804
[0m00:06:25.197438 [debug] [Thread-1 (]: Writing injected SQL for node "test.netflix_analysis.not_null_dim_genome_tags_tag_name.27503c0804"
[0m00:06:25.197666 [debug] [Thread-1 (]: Began executing node test.netflix_analysis.not_null_dim_genome_tags_tag_name.27503c0804
[0m00:06:25.197849 [debug] [Thread-1 (]: Finished running node test.netflix_analysis.not_null_dim_genome_tags_tag_name.27503c0804
[0m00:06:25.197966 [debug] [Thread-1 (]: Began running node model.netflix_analysis.dim_movies_with_tags
[0m00:06:25.198091 [debug] [Thread-1 (]: Re-using an available connection from the pool (formerly test.netflix_analysis.not_null_dim_genome_tags_tag_name.27503c0804, now model.netflix_analysis.dim_movies_with_tags)
[0m00:06:25.198208 [debug] [Thread-1 (]: Began compiling node model.netflix_analysis.dim_movies_with_tags
[0m00:06:25.199458 [debug] [Thread-1 (]: Writing injected SQL for node "model.netflix_analysis.dim_movies_with_tags"
[0m00:06:25.199897 [debug] [Thread-1 (]: Finished running node model.netflix_analysis.dim_movies_with_tags
[0m00:06:25.200011 [debug] [Thread-1 (]: Began running node test.netflix_analysis.not_null_dim_movies_movie_id.0f96ca970d
[0m00:06:25.200153 [debug] [Thread-1 (]: Re-using an available connection from the pool (formerly model.netflix_analysis.dim_movies_with_tags, now test.netflix_analysis.not_null_dim_movies_movie_id.0f96ca970d)
[0m00:06:25.200264 [debug] [Thread-1 (]: Began compiling node test.netflix_analysis.not_null_dim_movies_movie_id.0f96ca970d
[0m00:06:25.232108 [debug] [Thread-1 (]: Writing injected SQL for node "test.netflix_analysis.not_null_dim_movies_movie_id.0f96ca970d"
[0m00:06:25.232469 [debug] [Thread-1 (]: Began executing node test.netflix_analysis.not_null_dim_movies_movie_id.0f96ca970d
[0m00:06:25.232680 [debug] [Thread-1 (]: Finished running node test.netflix_analysis.not_null_dim_movies_movie_id.0f96ca970d
[0m00:06:25.232800 [debug] [Thread-1 (]: Began running node test.netflix_analysis.not_null_dim_movies_movie_title.0206534c81
[0m00:06:25.232945 [debug] [Thread-1 (]: Re-using an available connection from the pool (formerly test.netflix_analysis.not_null_dim_movies_movie_id.0f96ca970d, now test.netflix_analysis.not_null_dim_movies_movie_title.0206534c81)
[0m00:06:25.233076 [debug] [Thread-1 (]: Began compiling node test.netflix_analysis.not_null_dim_movies_movie_title.0206534c81
[0m00:06:25.234579 [debug] [Thread-1 (]: Writing injected SQL for node "test.netflix_analysis.not_null_dim_movies_movie_title.0206534c81"
[0m00:06:25.234882 [debug] [Thread-1 (]: Began executing node test.netflix_analysis.not_null_dim_movies_movie_title.0206534c81
[0m00:06:25.235092 [debug] [Thread-1 (]: Finished running node test.netflix_analysis.not_null_dim_movies_movie_title.0206534c81
[0m00:06:25.235234 [debug] [Thread-1 (]: Began running node model.netflix_analysis.mart_movie_releases
[0m00:06:25.235391 [debug] [Thread-1 (]: Re-using an available connection from the pool (formerly test.netflix_analysis.not_null_dim_movies_movie_title.0206534c81, now model.netflix_analysis.mart_movie_releases)
[0m00:06:25.235516 [debug] [Thread-1 (]: Began compiling node model.netflix_analysis.mart_movie_releases
[0m00:06:25.236762 [debug] [Thread-1 (]: Writing injected SQL for node "model.netflix_analysis.mart_movie_releases"
[0m00:06:25.237308 [debug] [Thread-1 (]: Began executing node model.netflix_analysis.mart_movie_releases
[0m00:06:25.237507 [debug] [Thread-1 (]: Finished running node model.netflix_analysis.mart_movie_releases
[0m00:06:25.237635 [debug] [Thread-1 (]: Began running node test.netflix_analysis.not_null_fct_ratings_movie_id.68d088c553
[0m00:06:25.237775 [debug] [Thread-1 (]: Re-using an available connection from the pool (formerly model.netflix_analysis.mart_movie_releases, now test.netflix_analysis.not_null_fct_ratings_movie_id.68d088c553)
[0m00:06:25.237881 [debug] [Thread-1 (]: Began compiling node test.netflix_analysis.not_null_fct_ratings_movie_id.68d088c553
[0m00:06:25.239205 [debug] [Thread-1 (]: Writing injected SQL for node "test.netflix_analysis.not_null_fct_ratings_movie_id.68d088c553"
[0m00:06:25.239400 [debug] [Thread-1 (]: Began executing node test.netflix_analysis.not_null_fct_ratings_movie_id.68d088c553
[0m00:06:25.239565 [debug] [Thread-1 (]: Finished running node test.netflix_analysis.not_null_fct_ratings_movie_id.68d088c553
[0m00:06:25.239679 [debug] [Thread-1 (]: Began running node test.netflix_analysis.not_null_fct_ratings_rating.25c6481558
[0m00:06:25.239796 [debug] [Thread-1 (]: Re-using an available connection from the pool (formerly test.netflix_analysis.not_null_fct_ratings_movie_id.68d088c553, now test.netflix_analysis.not_null_fct_ratings_rating.25c6481558)
[0m00:06:25.239894 [debug] [Thread-1 (]: Began compiling node test.netflix_analysis.not_null_fct_ratings_rating.25c6481558
[0m00:06:25.241072 [debug] [Thread-1 (]: Writing injected SQL for node "test.netflix_analysis.not_null_fct_ratings_rating.25c6481558"
[0m00:06:25.241261 [debug] [Thread-1 (]: Began executing node test.netflix_analysis.not_null_fct_ratings_rating.25c6481558
[0m00:06:25.241433 [debug] [Thread-1 (]: Finished running node test.netflix_analysis.not_null_fct_ratings_rating.25c6481558
[0m00:06:25.241551 [debug] [Thread-1 (]: Began running node test.netflix_analysis.not_null_fct_ratings_user_id.652655a4cf
[0m00:06:25.241664 [debug] [Thread-1 (]: Re-using an available connection from the pool (formerly test.netflix_analysis.not_null_fct_ratings_rating.25c6481558, now test.netflix_analysis.not_null_fct_ratings_user_id.652655a4cf)
[0m00:06:25.241763 [debug] [Thread-1 (]: Began compiling node test.netflix_analysis.not_null_fct_ratings_user_id.652655a4cf
[0m00:06:25.242971 [debug] [Thread-1 (]: Writing injected SQL for node "test.netflix_analysis.not_null_fct_ratings_user_id.652655a4cf"
[0m00:06:25.243150 [debug] [Thread-1 (]: Began executing node test.netflix_analysis.not_null_fct_ratings_user_id.652655a4cf
[0m00:06:25.243314 [debug] [Thread-1 (]: Finished running node test.netflix_analysis.not_null_fct_ratings_user_id.652655a4cf
[0m00:06:25.243430 [debug] [Thread-1 (]: Began running node test.netflix_analysis.relationships_fct_ratings_movie_id__movie_id__ref_dim_movies_.fb3ebb34b0
[0m00:06:25.243545 [debug] [Thread-1 (]: Re-using an available connection from the pool (formerly test.netflix_analysis.not_null_fct_ratings_user_id.652655a4cf, now test.netflix_analysis.relationships_fct_ratings_movie_id__movie_id__ref_dim_movies_.fb3ebb34b0)
[0m00:06:25.243646 [debug] [Thread-1 (]: Began compiling node test.netflix_analysis.relationships_fct_ratings_movie_id__movie_id__ref_dim_movies_.fb3ebb34b0
[0m00:06:25.246071 [debug] [Thread-1 (]: Writing injected SQL for node "test.netflix_analysis.relationships_fct_ratings_movie_id__movie_id__ref_dim_movies_.fb3ebb34b0"
[0m00:06:25.246263 [debug] [Thread-1 (]: Began executing node test.netflix_analysis.relationships_fct_ratings_movie_id__movie_id__ref_dim_movies_.fb3ebb34b0
[0m00:06:25.246455 [debug] [Thread-1 (]: Finished running node test.netflix_analysis.relationships_fct_ratings_movie_id__movie_id__ref_dim_movies_.fb3ebb34b0
[0m00:06:25.246576 [debug] [Thread-1 (]: Began running node test.netflix_analysis.not_null_dim_users_user_id.e754bb5812
[0m00:06:25.246704 [debug] [Thread-1 (]: Re-using an available connection from the pool (formerly test.netflix_analysis.relationships_fct_ratings_movie_id__movie_id__ref_dim_movies_.fb3ebb34b0, now test.netflix_analysis.not_null_dim_users_user_id.e754bb5812)
[0m00:06:25.246808 [debug] [Thread-1 (]: Began compiling node test.netflix_analysis.not_null_dim_users_user_id.e754bb5812
[0m00:06:25.247979 [debug] [Thread-1 (]: Writing injected SQL for node "test.netflix_analysis.not_null_dim_users_user_id.e754bb5812"
[0m00:06:25.248177 [debug] [Thread-1 (]: Began executing node test.netflix_analysis.not_null_dim_users_user_id.e754bb5812
[0m00:06:25.248346 [debug] [Thread-1 (]: Finished running node test.netflix_analysis.not_null_dim_users_user_id.e754bb5812
[0m00:06:25.248461 [debug] [Thread-1 (]: Began running node model.netflix_analysis.ep_movie_with_tags
[0m00:06:25.248573 [debug] [Thread-1 (]: Re-using an available connection from the pool (formerly test.netflix_analysis.not_null_dim_users_user_id.e754bb5812, now model.netflix_analysis.ep_movie_with_tags)
[0m00:06:25.248670 [debug] [Thread-1 (]: Began compiling node model.netflix_analysis.ep_movie_with_tags
[0m00:06:25.249855 [debug] [Thread-1 (]: Writing injected SQL for node "model.netflix_analysis.ep_movie_with_tags"
[0m00:06:25.250172 [debug] [Thread-1 (]: Began executing node model.netflix_analysis.ep_movie_with_tags
[0m00:06:25.250338 [debug] [Thread-1 (]: Finished running node model.netflix_analysis.ep_movie_with_tags
[0m00:06:25.250673 [debug] [MainThread]: Connection 'master' was properly closed.
[0m00:06:25.250791 [debug] [MainThread]: Connection 'model.netflix_analysis.ep_movie_with_tags' was left open.
[0m00:06:25.250894 [debug] [MainThread]: On model.netflix_analysis.ep_movie_with_tags: Close
[0m00:06:25.475147 [debug] [MainThread]: Command end result
[0m00:06:25.539020 [debug] [MainThread]: Wrote artifact WritableManifest to /Users/sakshirai/Desktop/netflixanalysis/netflix_analysis/target/manifest.json
[0m00:06:25.542953 [debug] [MainThread]: Wrote artifact SemanticManifest to /Users/sakshirai/Desktop/netflixanalysis/netflix_analysis/target/semantic_manifest.json
[0m00:06:25.545750 [debug] [MainThread]: Wrote artifact RunExecutionResult to /Users/sakshirai/Desktop/netflixanalysis/netflix_analysis/target/run_results.json
[0m00:06:25.547582 [debug] [MainThread]: Acquiring new snowflake connection 'generate_catalog'
[0m00:06:25.547696 [info ] [MainThread]: Building catalog
[0m00:06:25.551448 [debug] [ThreadPool]: Acquiring new snowflake connection 'MOVIELENS.information_schema'
[0m00:06:25.558803 [debug] [ThreadPool]: Using snowflake connection "MOVIELENS.information_schema"
[0m00:06:25.559183 [debug] [ThreadPool]: On MOVIELENS.information_schema: /* {"app": "dbt", "dbt_version": "1.9.0", "profile_name": "netflix_analysis", "target_name": "dev", "connection_name": "MOVIELENS.information_schema"} */
with tables as (
            select
        table_catalog as "table_database",
        table_schema as "table_schema",
        table_name as "table_name",
        case
            when is_dynamic = 'YES' and table_type = 'BASE TABLE' THEN 'DYNAMIC TABLE'
            else table_type
        end as "table_type",
        comment as "table_comment",

        -- note: this is the _role_ that owns the table
        table_owner as "table_owner",

        'Clustering Key' as "stats:clustering_key:label",
        clustering_key as "stats:clustering_key:value",
        'The key used to cluster this table' as "stats:clustering_key:description",
        (clustering_key is not null) as "stats:clustering_key:include",

        'Row Count' as "stats:row_count:label",
        row_count as "stats:row_count:value",
        'An approximate count of rows in this table' as "stats:row_count:description",
        (row_count is not null) as "stats:row_count:include",

        'Approximate Size' as "stats:bytes:label",
        bytes as "stats:bytes:value",
        'Approximate size of the table as reported by Snowflake' as "stats:bytes:description",
        (bytes is not null) as "stats:bytes:include",

        'Last Modified' as "stats:last_modified:label",
        to_varchar(convert_timezone('UTC', last_altered), 'yyyy-mm-dd HH24:MI'||'UTC') as "stats:last_modified:value",
        'The timestamp for last update/change' as "stats:last_modified:description",
        (last_altered is not null and table_type='BASE TABLE') as "stats:last_modified:include"
    from MOVIELENS.INFORMATION_SCHEMA.tables
            where (
                (
                    
    "table_schema" ilike 'DEV' and upper("table_schema") = upper('DEV')

                    and 
    "table_name" ilike 'fct_ratings' and upper("table_name") = upper('fct_ratings')

                )
             or 
                (
                    
    "table_schema" ilike 'DEV' and upper("table_schema") = upper('DEV')

                    and 
    "table_name" ilike 'src_genome_scores' and upper("table_name") = upper('src_genome_scores')

                )
             or 
                (
                    
    "table_schema" ilike 'DEV' and upper("table_schema") = upper('DEV')

                    and 
    "table_name" ilike 'src_ratings' and upper("table_name") = upper('src_ratings')

                )
             or 
                (
                    
    "table_schema" ilike 'DEV' and upper("table_schema") = upper('DEV')

                    and 
    "table_name" ilike 'seed_movie_release_dates' and upper("table_name") = upper('seed_movie_release_dates')

                )
             or 
                (
                    
    "table_schema" ilike 'DEV' and upper("table_schema") = upper('DEV')

                    and 
    "table_name" ilike 'dim_movies' and upper("table_name") = upper('dim_movies')

                )
             or 
                (
                    
    "table_schema" ilike 'snapshots' and upper("table_schema") = upper('snapshots')

                    and 
    "table_name" ilike 'snap_tags' and upper("table_name") = upper('snap_tags')

                )
             or 
                (
                    
    "table_schema" ilike 'DEV' and upper("table_schema") = upper('DEV')

                    and 
    "table_name" ilike 'ep_movie_with_tags' and upper("table_name") = upper('ep_movie_with_tags')

                )
             or 
                (
                    
    "table_schema" ilike 'DEV' and upper("table_schema") = upper('DEV')

                    and 
    "table_name" ilike 'src_tags' and upper("table_name") = upper('src_tags')

                )
             or 
                (
                    
    "table_schema" ilike 'DEV' and upper("table_schema") = upper('DEV')

                    and 
    "table_name" ilike 'src_genome_tags' and upper("table_name") = upper('src_genome_tags')

                )
             or 
                (
                    
    "table_schema" ilike 'DEV' and upper("table_schema") = upper('DEV')

                    and 
    "table_name" ilike 'dim_genome_tags' and upper("table_name") = upper('dim_genome_tags')

                )
             or 
                (
                    
    "table_schema" ilike 'DEV' and upper("table_schema") = upper('DEV')

                    and 
    "table_name" ilike 'src_links' and upper("table_name") = upper('src_links')

                )
             or 
                (
                    
    "table_schema" ilike 'DEV' and upper("table_schema") = upper('DEV')

                    and 
    "table_name" ilike 'fct_genome_scores' and upper("table_name") = upper('fct_genome_scores')

                )
             or 
                (
                    
    "table_schema" ilike 'DEV' and upper("table_schema") = upper('DEV')

                    and 
    "table_name" ilike 'src_movies' and upper("table_name") = upper('src_movies')

                )
             or 
                (
                    
    "table_schema" ilike 'DEV' and upper("table_schema") = upper('DEV')

                    and 
    "table_name" ilike 'dim_users' and upper("table_name") = upper('dim_users')

                )
             or 
                (
                    
    "table_schema" ilike 'DEV' and upper("table_schema") = upper('DEV')

                    and 
    "table_name" ilike 'mart_movie_releases' and upper("table_name") = upper('mart_movie_releases')

                )
            )
        ),
        columns as (
            select
        table_catalog as "table_database",
        table_schema as "table_schema",
        table_name as "table_name",

        column_name as "column_name",
        ordinal_position as "column_index",
        data_type as "column_type",
        comment as "column_comment"
    from MOVIELENS.INFORMATION_SCHEMA.columns
            where (
                (
                    
    "table_schema" ilike 'DEV' and upper("table_schema") = upper('DEV')

                    and 
    "table_name" ilike 'fct_ratings' and upper("table_name") = upper('fct_ratings')

                )
             or 
                (
                    
    "table_schema" ilike 'DEV' and upper("table_schema") = upper('DEV')

                    and 
    "table_name" ilike 'src_genome_scores' and upper("table_name") = upper('src_genome_scores')

                )
             or 
                (
                    
    "table_schema" ilike 'DEV' and upper("table_schema") = upper('DEV')

                    and 
    "table_name" ilike 'src_ratings' and upper("table_name") = upper('src_ratings')

                )
             or 
                (
                    
    "table_schema" ilike 'DEV' and upper("table_schema") = upper('DEV')

                    and 
    "table_name" ilike 'seed_movie_release_dates' and upper("table_name") = upper('seed_movie_release_dates')

                )
             or 
                (
                    
    "table_schema" ilike 'DEV' and upper("table_schema") = upper('DEV')

                    and 
    "table_name" ilike 'dim_movies' and upper("table_name") = upper('dim_movies')

                )
             or 
                (
                    
    "table_schema" ilike 'snapshots' and upper("table_schema") = upper('snapshots')

                    and 
    "table_name" ilike 'snap_tags' and upper("table_name") = upper('snap_tags')

                )
             or 
                (
                    
    "table_schema" ilike 'DEV' and upper("table_schema") = upper('DEV')

                    and 
    "table_name" ilike 'ep_movie_with_tags' and upper("table_name") = upper('ep_movie_with_tags')

                )
             or 
                (
                    
    "table_schema" ilike 'DEV' and upper("table_schema") = upper('DEV')

                    and 
    "table_name" ilike 'src_tags' and upper("table_name") = upper('src_tags')

                )
             or 
                (
                    
    "table_schema" ilike 'DEV' and upper("table_schema") = upper('DEV')

                    and 
    "table_name" ilike 'src_genome_tags' and upper("table_name") = upper('src_genome_tags')

                )
             or 
                (
                    
    "table_schema" ilike 'DEV' and upper("table_schema") = upper('DEV')

                    and 
    "table_name" ilike 'dim_genome_tags' and upper("table_name") = upper('dim_genome_tags')

                )
             or 
                (
                    
    "table_schema" ilike 'DEV' and upper("table_schema") = upper('DEV')

                    and 
    "table_name" ilike 'src_links' and upper("table_name") = upper('src_links')

                )
             or 
                (
                    
    "table_schema" ilike 'DEV' and upper("table_schema") = upper('DEV')

                    and 
    "table_name" ilike 'fct_genome_scores' and upper("table_name") = upper('fct_genome_scores')

                )
             or 
                (
                    
    "table_schema" ilike 'DEV' and upper("table_schema") = upper('DEV')

                    and 
    "table_name" ilike 'src_movies' and upper("table_name") = upper('src_movies')

                )
             or 
                (
                    
    "table_schema" ilike 'DEV' and upper("table_schema") = upper('DEV')

                    and 
    "table_name" ilike 'dim_users' and upper("table_name") = upper('dim_users')

                )
             or 
                (
                    
    "table_schema" ilike 'DEV' and upper("table_schema") = upper('DEV')

                    and 
    "table_name" ilike 'mart_movie_releases' and upper("table_name") = upper('mart_movie_releases')

                )
            )
        )
        select *
    from tables
    join columns using ("table_database", "table_schema", "table_name")
    order by "column_index"
[0m00:06:25.559490 [debug] [ThreadPool]: Opening a new connection, currently in state init
[0m00:06:30.769316 [debug] [ThreadPool]: SQL status: SUCCESS 54 in 5.210 seconds
[0m00:06:30.800860 [debug] [MainThread]: Wrote artifact CatalogArtifact to /Users/sakshirai/Desktop/netflixanalysis/netflix_analysis/target/catalog.json
[0m00:06:30.819350 [debug] [MainThread]: Wrote artifact WritableManifest to /Users/sakshirai/Desktop/netflixanalysis/netflix_analysis/target/manifest.json
[0m00:06:30.820314 [debug] [MainThread]: Wrote artifact SemanticManifest to /Users/sakshirai/Desktop/netflixanalysis/netflix_analysis/target/semantic_manifest.json
[0m00:06:30.820476 [info ] [MainThread]: Catalog written to /Users/sakshirai/Desktop/netflixanalysis/netflix_analysis/target/catalog.json
[0m00:06:30.822171 [debug] [MainThread]: Resource report: {"command_name": "generate", "command_success": true, "command_wall_clock_time": 7.1374464, "process_in_blocks": "0", "process_kernel_time": 0.19403, "process_mem_max_rss": "175226880", "process_out_blocks": "0", "process_user_time": 1.078766}
[0m00:06:30.822415 [debug] [MainThread]: Command `dbt docs generate` succeeded at 00:06:30.822372 after 7.14 seconds
[0m00:06:30.822565 [debug] [MainThread]: Connection 'generate_catalog' was properly closed.
[0m00:06:30.822687 [debug] [MainThread]: Connection 'MOVIELENS.information_schema' was left open.
[0m00:06:30.822812 [debug] [MainThread]: On MOVIELENS.information_schema: Close
[0m00:06:31.025494 [debug] [MainThread]: Sending event: {'category': 'dbt', 'action': 'invocation', 'label': 'end', 'context': [<snowplow_tracker.self_describing_json.SelfDescribingJson object at 0x104a5bbd0>, <snowplow_tracker.self_describing_json.SelfDescribingJson object at 0x10474d750>, <snowplow_tracker.self_describing_json.SelfDescribingJson object at 0x10455b310>]}
[0m00:06:31.026469 [debug] [MainThread]: Flushing usage events
[0m00:06:32.068060 [debug] [MainThread]: An error was encountered while trying to flush usage events
[0m00:06:48.998547 [debug] [MainThread]: Sending event: {'category': 'dbt', 'action': 'invocation', 'label': 'start', 'context': [<snowplow_tracker.self_describing_json.SelfDescribingJson object at 0x1057ec150>, <snowplow_tracker.self_describing_json.SelfDescribingJson object at 0x105835010>, <snowplow_tracker.self_describing_json.SelfDescribingJson object at 0x105834d10>]}


============================== 00:06:49.000582 | 11b2d200-61d8-4d14-a92c-0adfecd1a38c ==============================
[0m00:06:49.000582 [info ] [MainThread]: Running with dbt=1.9.0
[0m00:06:49.000832 [debug] [MainThread]: running dbt with arguments {'printer_width': '80', 'indirect_selection': 'eager', 'log_cache_events': 'False', 'write_json': 'True', 'partial_parse': 'True', 'cache_selected_only': 'False', 'warn_error': 'None', 'debug': 'False', 'profiles_dir': '/Users/sakshirai/.dbt', 'log_path': '/Users/sakshirai/Desktop/netflixanalysis/netflix_analysis/logs', 'fail_fast': 'False', 'version_check': 'True', 'use_colors': 'True', 'use_experimental_parser': 'False', 'empty': 'None', 'quiet': 'False', 'no_print': 'None', 'log_format': 'default', 'static_parser': 'True', 'warn_error_options': 'WarnErrorOptions(include=[], exclude=[])', 'introspect': 'True', 'target_path': 'None', 'invocation_command': 'dbt docs serve', 'send_anonymous_usage_stats': 'True'}
[0m00:06:49.148384 [debug] [MainThread]: Sending event: {'category': 'dbt', 'action': 'project_id', 'label': '11b2d200-61d8-4d14-a92c-0adfecd1a38c', 'context': [<snowplow_tracker.self_describing_json.SelfDescribingJson object at 0x1057ef210>]}
[0m00:06:49.166394 [debug] [MainThread]: Sending event: {'category': 'dbt', 'action': 'adapter_info', 'label': '11b2d200-61d8-4d14-a92c-0adfecd1a38c', 'context': [<snowplow_tracker.self_describing_json.SelfDescribingJson object at 0x106a0b690>]}
[0m00:17:03.475186 [error] [MainThread]: Encountered an error:

[0m00:17:03.487914 [error] [MainThread]: Traceback (most recent call last):
  File "/Users/sakshirai/Desktop/netflixanalysis/venv/lib/python3.11/site-packages/dbt/cli/requires.py", line 153, in wrapper
    result, success = func(*args, **kwargs)
                      ^^^^^^^^^^^^^^^^^^^^^
  File "/Users/sakshirai/Desktop/netflixanalysis/venv/lib/python3.11/site-packages/dbt/cli/requires.py", line 103, in wrapper
    return func(*args, **kwargs)
           ^^^^^^^^^^^^^^^^^^^^^
  File "/Users/sakshirai/Desktop/netflixanalysis/venv/lib/python3.11/site-packages/dbt/cli/requires.py", line 235, in wrapper
    return func(*args, **kwargs)
           ^^^^^^^^^^^^^^^^^^^^^
  File "/Users/sakshirai/Desktop/netflixanalysis/venv/lib/python3.11/site-packages/dbt/cli/requires.py", line 264, in wrapper
    return func(*args, **kwargs)
           ^^^^^^^^^^^^^^^^^^^^^
  File "/Users/sakshirai/Desktop/netflixanalysis/venv/lib/python3.11/site-packages/dbt/cli/requires.py", line 311, in wrapper
    return func(*args, **kwargs)
           ^^^^^^^^^^^^^^^^^^^^^
  File "/Users/sakshirai/Desktop/netflixanalysis/venv/lib/python3.11/site-packages/dbt/cli/main.py", line 301, in docs_serve
    results = task.run()
              ^^^^^^^^^^
  File "/Users/sakshirai/Desktop/netflixanalysis/venv/lib/python3.11/site-packages/dbt/task/docs/serve.py", line 29, in run
    httpd.serve_forever()
  File "/Library/Frameworks/Python.framework/Versions/3.11/lib/python3.11/socketserver.py", line 233, in serve_forever
    ready = selector.select(poll_interval)
            ^^^^^^^^^^^^^^^^^^^^^^^^^^^^^^
  File "/Library/Frameworks/Python.framework/Versions/3.11/lib/python3.11/selectors.py", line 415, in select
    fd_event_list = self._selector.poll(timeout)
                    ^^^^^^^^^^^^^^^^^^^^^^^^^^^^
KeyboardInterrupt

[0m00:17:03.493210 [debug] [MainThread]: Resource report: {"command_name": "serve", "command_success": false, "command_wall_clock_time": 614.49, "process_in_blocks": "0", "process_kernel_time": 0.146892, "process_mem_max_rss": "137887744", "process_out_blocks": "0", "process_user_time": 0.648043}
[0m00:17:03.494733 [debug] [MainThread]: Command `dbt docs serve` failed at 00:17:03.494603 after 614.49 seconds
[0m00:17:03.495300 [debug] [MainThread]: Sending event: {'category': 'dbt', 'action': 'invocation', 'label': 'end', 'context': [<snowplow_tracker.self_describing_json.SelfDescribingJson object at 0x1057ebdd0>, <snowplow_tracker.self_describing_json.SelfDescribingJson object at 0x1057ea510>, <snowplow_tracker.self_describing_json.SelfDescribingJson object at 0x1057e3790>]}
[0m00:17:03.495967 [debug] [MainThread]: Flushing usage events
[0m00:17:04.819786 [debug] [MainThread]: An error was encountered while trying to flush usage events
[0m00:17:10.714034 [debug] [MainThread]: Sending event: {'category': 'dbt', 'action': 'invocation', 'label': 'start', 'context': [<snowplow_tracker.self_describing_json.SelfDescribingJson object at 0x111ce3cd0>, <snowplow_tracker.self_describing_json.SelfDescribingJson object at 0x111d57b10>, <snowplow_tracker.self_describing_json.SelfDescribingJson object at 0x111d57f90>]}


============================== 00:17:10.716777 | 7d2e0ed8-982c-464d-961c-bae1d9845c17 ==============================
[0m00:17:10.716777 [info ] [MainThread]: Running with dbt=1.9.0
[0m00:17:10.717024 [debug] [MainThread]: running dbt with arguments {'printer_width': '80', 'indirect_selection': 'eager', 'log_cache_events': 'False', 'write_json': 'True', 'partial_parse': 'True', 'cache_selected_only': 'False', 'warn_error': 'None', 'debug': 'False', 'version_check': 'True', 'log_path': '/Users/sakshirai/Desktop/netflixanalysis/netflix_analysis/logs', 'profiles_dir': '/Users/sakshirai/.dbt', 'fail_fast': 'False', 'use_colors': 'True', 'use_experimental_parser': 'False', 'empty': 'None', 'quiet': 'False', 'no_print': 'None', 'warn_error_options': 'WarnErrorOptions(include=[], exclude=[])', 'introspect': 'True', 'static_parser': 'True', 'invocation_command': 'dbt test', 'target_path': 'None', 'log_format': 'default', 'send_anonymous_usage_stats': 'True'}
[0m00:17:10.928668 [debug] [MainThread]: Sending event: {'category': 'dbt', 'action': 'project_id', 'label': '7d2e0ed8-982c-464d-961c-bae1d9845c17', 'context': [<snowplow_tracker.self_describing_json.SelfDescribingJson object at 0x115e99010>]}
[0m00:17:10.945903 [debug] [MainThread]: Sending event: {'category': 'dbt', 'action': 'adapter_info', 'label': '7d2e0ed8-982c-464d-961c-bae1d9845c17', 'context': [<snowplow_tracker.self_describing_json.SelfDescribingJson object at 0x115cf3710>]}
[0m00:17:10.946485 [info ] [MainThread]: Registered adapter: snowflake=1.9.0
[0m00:17:10.994833 [debug] [MainThread]: checksum: c99e828bba267739642b5a3ce85f17518764ea526e0e6c4fdc649171c1a66bff, vars: {}, profile: , target: , version: 1.9.0
[0m00:17:11.041594 [info ] [MainThread]: Unable to do partial parsing because of a version mismatch
[0m00:17:11.041860 [debug] [MainThread]: Sending event: {'category': 'dbt', 'action': 'partial_parser', 'label': '7d2e0ed8-982c-464d-961c-bae1d9845c17', 'context': [<snowplow_tracker.self_describing_json.SelfDescribingJson object at 0x111747810>]}
[0m00:17:11.521474 [error] [MainThread]: Encountered an error:
Compilation Error in test relevance_score_test (tests/relevance_score_test.sql)
  'dbt.context.providers.ParseDatabaseWrapper object' has no attribute 'dbt_utils'
[0m00:17:11.522801 [debug] [MainThread]: Resource report: {"command_name": "test", "command_success": false, "command_wall_clock_time": 0.832692, "process_in_blocks": "0", "process_kernel_time": 0.155493, "process_mem_max_rss": "148209664", "process_out_blocks": "0", "process_user_time": 1.121348}
[0m00:17:11.523034 [debug] [MainThread]: Command `dbt test` failed at 00:17:11.523001 after 0.83 seconds
[0m00:17:11.523174 [debug] [MainThread]: Sending event: {'category': 'dbt', 'action': 'invocation', 'label': 'end', 'context': [<snowplow_tracker.self_describing_json.SelfDescribingJson object at 0x1043bd290>, <snowplow_tracker.self_describing_json.SelfDescribingJson object at 0x1043bd450>, <snowplow_tracker.self_describing_json.SelfDescribingJson object at 0x117c5a150>]}
[0m00:17:11.523303 [debug] [MainThread]: Flushing usage events
[0m00:17:12.705465 [debug] [MainThread]: An error was encountered while trying to flush usage events
[0m00:17:49.241907 [debug] [MainThread]: Sending event: {'category': 'dbt', 'action': 'invocation', 'label': 'start', 'context': [<snowplow_tracker.self_describing_json.SelfDescribingJson object at 0x106da0050>, <snowplow_tracker.self_describing_json.SelfDescribingJson object at 0x106df0d10>, <snowplow_tracker.self_describing_json.SelfDescribingJson object at 0x106e06fd0>]}


============================== 00:17:49.243829 | a04e6c74-5df9-46e7-9f4c-3b92e4203253 ==============================
[0m00:17:49.243829 [info ] [MainThread]: Running with dbt=1.9.0
[0m00:17:49.244085 [debug] [MainThread]: running dbt with arguments {'printer_width': '80', 'indirect_selection': 'eager', 'write_json': 'True', 'log_cache_events': 'False', 'partial_parse': 'True', 'cache_selected_only': 'False', 'warn_error': 'None', 'version_check': 'True', 'fail_fast': 'False', 'log_path': '/Users/sakshirai/Desktop/netflixanalysis/netflix_analysis/logs', 'profiles_dir': '/Users/sakshirai/.dbt', 'debug': 'False', 'use_colors': 'True', 'use_experimental_parser': 'False', 'empty': 'None', 'quiet': 'False', 'no_print': 'None', 'log_format': 'default', 'introspect': 'True', 'invocation_command': 'dbt deps', 'static_parser': 'True', 'target_path': 'None', 'warn_error_options': 'WarnErrorOptions(include=[], exclude=[])', 'send_anonymous_usage_stats': 'True'}
[0m00:17:49.281027 [debug] [MainThread]: Sending event: {'category': 'dbt', 'action': 'project_id', 'label': 'a04e6c74-5df9-46e7-9f4c-3b92e4203253', 'context': [<snowplow_tracker.self_describing_json.SelfDescribingJson object at 0x106df0710>]}
[0m00:17:49.291535 [debug] [MainThread]: Set downloads directory='/var/folders/rp/101xsw9131zdqm5fxfd452tm0000gn/T/dbt-downloads-z2z3ww8_'
[0m00:17:49.291746 [debug] [MainThread]: Making package index registry request: GET https://hub.getdbt.com/api/v1/index.json
[0m00:17:49.875988 [debug] [MainThread]: Response from registry index: GET https://hub.getdbt.com/api/v1/index.json 200
[0m00:17:49.878798 [debug] [MainThread]: Making package registry request: GET https://hub.getdbt.com/api/v1/dbt-labs/dbt_utils.json
[0m00:17:50.159647 [debug] [MainThread]: Response from registry: GET https://hub.getdbt.com/api/v1/dbt-labs/dbt_utils.json 200
[0m00:17:50.177484 [info ] [MainThread]: Updating lock file in file path: /Users/sakshirai/Desktop/netflixanalysis/netflix_analysis/package-lock.yml
[0m00:17:50.179968 [debug] [MainThread]: Set downloads directory='/var/folders/rp/101xsw9131zdqm5fxfd452tm0000gn/T/dbt-downloads-100poy24'
[0m00:17:50.183213 [info ] [MainThread]: Installing dbt-labs/dbt_utils
[0m00:17:50.531544 [info ] [MainThread]: Installed from version 1.3.0
[0m00:17:50.531787 [info ] [MainThread]: Updated version available: 1.3.3
[0m00:17:50.531973 [debug] [MainThread]: Sending event: {'category': 'dbt', 'action': 'package', 'label': 'a04e6c74-5df9-46e7-9f4c-3b92e4203253', 'property_': 'install', 'context': [<snowplow_tracker.self_describing_json.SelfDescribingJson object at 0x106e6ba90>, <snowplow_tracker.self_describing_json.SelfDescribingJson object at 0x106be37d0>]}
[0m00:17:50.532171 [info ] [MainThread]: 
[0m00:17:50.532322 [info ] [MainThread]: Updates available for packages: ['dbt-labs/dbt_utils']                 
Update your versions in packages.yml, then run dbt deps
[0m00:17:50.534054 [debug] [MainThread]: Resource report: {"command_name": "deps", "command_success": true, "command_wall_clock_time": 1.3168614, "process_in_blocks": "0", "process_kernel_time": 0.150966, "process_mem_max_rss": "117735424", "process_out_blocks": "0", "process_user_time": 0.545656}
[0m00:17:50.534283 [debug] [MainThread]: Command `dbt deps` succeeded at 00:17:50.534241 after 1.32 seconds
[0m00:17:50.534457 [debug] [MainThread]: Sending event: {'category': 'dbt', 'action': 'invocation', 'label': 'end', 'context': [<snowplow_tracker.self_describing_json.SelfDescribingJson object at 0x106dc6f10>, <snowplow_tracker.self_describing_json.SelfDescribingJson object at 0x102922c50>, <snowplow_tracker.self_describing_json.SelfDescribingJson object at 0x102922d10>]}
[0m00:17:50.534615 [debug] [MainThread]: Flushing usage events
[0m00:17:51.423394 [debug] [MainThread]: An error was encountered while trying to flush usage events
[0m00:18:06.056889 [debug] [MainThread]: Sending event: {'category': 'dbt', 'action': 'invocation', 'label': 'start', 'context': [<snowplow_tracker.self_describing_json.SelfDescribingJson object at 0x10740d0d0>, <snowplow_tracker.self_describing_json.SelfDescribingJson object at 0x10742f710>, <snowplow_tracker.self_describing_json.SelfDescribingJson object at 0x10742fd90>]}


============================== 00:18:06.059524 | d711e865-38f6-4b29-95d4-907437a9367b ==============================
[0m00:18:06.059524 [info ] [MainThread]: Running with dbt=1.9.0
[0m00:18:06.059764 [debug] [MainThread]: running dbt with arguments {'printer_width': '80', 'indirect_selection': 'eager', 'log_cache_events': 'False', 'write_json': 'True', 'partial_parse': 'True', 'cache_selected_only': 'False', 'warn_error': 'None', 'fail_fast': 'False', 'profiles_dir': '/Users/sakshirai/.dbt', 'log_path': '/Users/sakshirai/Desktop/netflixanalysis/netflix_analysis/logs', 'debug': 'False', 'version_check': 'True', 'use_colors': 'True', 'use_experimental_parser': 'False', 'empty': 'None', 'quiet': 'False', 'no_print': 'None', 'log_format': 'default', 'invocation_command': 'dbt test', 'introspect': 'True', 'warn_error_options': 'WarnErrorOptions(include=[], exclude=[])', 'target_path': 'None', 'static_parser': 'True', 'send_anonymous_usage_stats': 'True'}
[0m00:18:06.285680 [debug] [MainThread]: Sending event: {'category': 'dbt', 'action': 'project_id', 'label': 'd711e865-38f6-4b29-95d4-907437a9367b', 'context': [<snowplow_tracker.self_describing_json.SelfDescribingJson object at 0x106f8ca50>]}
[0m00:18:06.303213 [debug] [MainThread]: Sending event: {'category': 'dbt', 'action': 'adapter_info', 'label': 'd711e865-38f6-4b29-95d4-907437a9367b', 'context': [<snowplow_tracker.self_describing_json.SelfDescribingJson object at 0x10812fa10>]}
[0m00:18:06.303822 [info ] [MainThread]: Registered adapter: snowflake=1.9.0
[0m00:18:06.353590 [debug] [MainThread]: checksum: c99e828bba267739642b5a3ce85f17518764ea526e0e6c4fdc649171c1a66bff, vars: {}, profile: , target: , version: 1.9.0
[0m00:18:06.398101 [info ] [MainThread]: Unable to do partial parsing because of a version mismatch
[0m00:18:06.398314 [debug] [MainThread]: Sending event: {'category': 'dbt', 'action': 'partial_parser', 'label': 'd711e865-38f6-4b29-95d4-907437a9367b', 'context': [<snowplow_tracker.self_describing_json.SelfDescribingJson object at 0x1087a8d90>]}
[0m00:18:06.881142 [error] [MainThread]: Encountered an error:
Compilation Error in test relevance_score_test (tests/relevance_score_test.sql)
  'dbt.context.providers.ParseDatabaseWrapper object' has no attribute 'dbt_utils'
[0m00:18:06.883260 [debug] [MainThread]: Resource report: {"command_name": "test", "command_success": false, "command_wall_clock_time": 0.85104835, "process_in_blocks": "0", "process_kernel_time": 0.173724, "process_mem_max_rss": "148701184", "process_out_blocks": "0", "process_user_time": 1.118962}
[0m00:18:06.883504 [debug] [MainThread]: Command `dbt test` failed at 00:18:06.883469 after 0.85 seconds
[0m00:18:06.883645 [debug] [MainThread]: Sending event: {'category': 'dbt', 'action': 'invocation', 'label': 'end', 'context': [<snowplow_tracker.self_describing_json.SelfDescribingJson object at 0x10944aa90>, <snowplow_tracker.self_describing_json.SelfDescribingJson object at 0x109448890>, <snowplow_tracker.self_describing_json.SelfDescribingJson object at 0x1085b5990>]}
[0m00:18:06.883779 [debug] [MainThread]: Flushing usage events
[0m00:18:08.103967 [debug] [MainThread]: An error was encountered while trying to flush usage events
[0m00:21:43.870643 [debug] [MainThread]: Sending event: {'category': 'dbt', 'action': 'invocation', 'label': 'start', 'context': [<snowplow_tracker.self_describing_json.SelfDescribingJson object at 0x1071150d0>, <snowplow_tracker.self_describing_json.SelfDescribingJson object at 0x107123e10>, <snowplow_tracker.self_describing_json.SelfDescribingJson object at 0x107123fd0>]}


============================== 00:21:43.873210 | 8946d48f-9c1d-4fea-99a1-9f1286822270 ==============================
[0m00:21:43.873210 [info ] [MainThread]: Running with dbt=1.9.0
[0m00:21:43.873462 [debug] [MainThread]: running dbt with arguments {'printer_width': '80', 'indirect_selection': 'eager', 'log_cache_events': 'False', 'write_json': 'True', 'partial_parse': 'True', 'cache_selected_only': 'False', 'warn_error': 'None', 'fail_fast': 'False', 'version_check': 'True', 'log_path': '/Users/sakshirai/Desktop/netflixanalysis/netflix_analysis/logs', 'debug': 'False', 'profiles_dir': '/Users/sakshirai/.dbt', 'use_colors': 'True', 'use_experimental_parser': 'False', 'empty': 'None', 'quiet': 'False', 'no_print': 'None', 'log_format': 'default', 'static_parser': 'True', 'introspect': 'True', 'invocation_command': 'dbt test', 'target_path': 'None', 'warn_error_options': 'WarnErrorOptions(include=[], exclude=[])', 'send_anonymous_usage_stats': 'True'}
[0m00:21:44.093522 [debug] [MainThread]: Sending event: {'category': 'dbt', 'action': 'project_id', 'label': '8946d48f-9c1d-4fea-99a1-9f1286822270', 'context': [<snowplow_tracker.self_describing_json.SelfDescribingJson object at 0x1070d0b10>]}
[0m00:21:44.111126 [debug] [MainThread]: Sending event: {'category': 'dbt', 'action': 'adapter_info', 'label': '8946d48f-9c1d-4fea-99a1-9f1286822270', 'context': [<snowplow_tracker.self_describing_json.SelfDescribingJson object at 0x107ddfb10>]}
[0m00:21:44.111572 [info ] [MainThread]: Registered adapter: snowflake=1.9.0
[0m00:21:44.162483 [debug] [MainThread]: checksum: c99e828bba267739642b5a3ce85f17518764ea526e0e6c4fdc649171c1a66bff, vars: {}, profile: , target: , version: 1.9.0
[0m00:21:44.206902 [info ] [MainThread]: Unable to do partial parsing because of a version mismatch
[0m00:21:44.207134 [debug] [MainThread]: Sending event: {'category': 'dbt', 'action': 'partial_parser', 'label': '8946d48f-9c1d-4fea-99a1-9f1286822270', 'context': [<snowplow_tracker.self_describing_json.SelfDescribingJson object at 0x106eff850>]}
[0m00:21:44.694603 [error] [MainThread]: Encountered an error:
Compilation Error in test relevance_score_test (tests/relevance_score_test.sql)
  'dbt.context.providers.ParseDatabaseWrapper object' has no attribute 'dbt_utils'
[0m00:21:44.696745 [debug] [MainThread]: Resource report: {"command_name": "test", "command_success": false, "command_wall_clock_time": 0.8524829, "process_in_blocks": "0", "process_kernel_time": 0.17335, "process_mem_max_rss": "147161088", "process_out_blocks": "0", "process_user_time": 1.116259}
[0m00:21:44.696986 [debug] [MainThread]: Command `dbt test` failed at 00:21:44.696952 after 0.85 seconds
[0m00:21:44.697125 [debug] [MainThread]: Sending event: {'category': 'dbt', 'action': 'invocation', 'label': 'end', 'context': [<snowplow_tracker.self_describing_json.SelfDescribingJson object at 0x102ae5510>, <snowplow_tracker.self_describing_json.SelfDescribingJson object at 0x102ae55d0>, <snowplow_tracker.self_describing_json.SelfDescribingJson object at 0x10831d310>]}
[0m00:21:44.697254 [debug] [MainThread]: Flushing usage events
[0m00:21:46.013167 [debug] [MainThread]: An error was encountered while trying to flush usage events
[0m00:23:07.704603 [debug] [MainThread]: Sending event: {'category': 'dbt', 'action': 'invocation', 'label': 'start', 'context': [<snowplow_tracker.self_describing_json.SelfDescribingJson object at 0x1116ebad0>, <snowplow_tracker.self_describing_json.SelfDescribingJson object at 0x11194e890>, <snowplow_tracker.self_describing_json.SelfDescribingJson object at 0x11194f350>]}


============================== 00:23:07.707084 | d53a5fa0-a465-4548-b09a-005501b9c5b8 ==============================
[0m00:23:07.707084 [info ] [MainThread]: Running with dbt=1.9.0
[0m00:23:07.707323 [debug] [MainThread]: running dbt with arguments {'printer_width': '80', 'indirect_selection': 'eager', 'log_cache_events': 'False', 'write_json': 'True', 'partial_parse': 'True', 'cache_selected_only': 'False', 'warn_error': 'None', 'version_check': 'True', 'debug': 'False', 'log_path': '/Users/sakshirai/Desktop/netflixanalysis/netflix_analysis/logs', 'fail_fast': 'False', 'profiles_dir': '/Users/sakshirai/.dbt', 'use_colors': 'True', 'use_experimental_parser': 'False', 'empty': 'None', 'quiet': 'False', 'no_print': 'None', 'warn_error_options': 'WarnErrorOptions(include=[], exclude=[])', 'introspect': 'True', 'invocation_command': 'dbt clean', 'log_format': 'default', 'target_path': 'None', 'static_parser': 'True', 'send_anonymous_usage_stats': 'True'}
[0m00:23:07.744998 [debug] [MainThread]: Sending event: {'category': 'dbt', 'action': 'project_id', 'label': 'd53a5fa0-a465-4548-b09a-005501b9c5b8', 'context': [<snowplow_tracker.self_describing_json.SelfDescribingJson object at 0x111996990>]}
[0m00:23:07.763376 [debug] [MainThread]: Resource report: {"command_name": "clean", "command_success": true, "command_wall_clock_time": 0.084401704, "process_in_blocks": "0", "process_kernel_time": 0.10083, "process_mem_max_rss": "110788608", "process_out_blocks": "0", "process_user_time": 0.462957}
[0m00:23:07.763554 [debug] [MainThread]: Command `dbt clean` succeeded at 00:23:07.763520 after 0.08 seconds
[0m00:23:07.763685 [debug] [MainThread]: Sending event: {'category': 'dbt', 'action': 'invocation', 'label': 'end', 'context': [<snowplow_tracker.self_describing_json.SelfDescribingJson object at 0x1116e32d0>, <snowplow_tracker.self_describing_json.SelfDescribingJson object at 0x104595390>, <snowplow_tracker.self_describing_json.SelfDescribingJson object at 0x104595610>]}
[0m00:23:07.763812 [debug] [MainThread]: Flushing usage events
[0m00:23:08.778401 [debug] [MainThread]: An error was encountered while trying to flush usage events
[0m00:23:16.428806 [debug] [MainThread]: Sending event: {'category': 'dbt', 'action': 'invocation', 'label': 'start', 'context': [<snowplow_tracker.self_describing_json.SelfDescribingJson object at 0x1055eb6d0>, <snowplow_tracker.self_describing_json.SelfDescribingJson object at 0x105638510>, <snowplow_tracker.self_describing_json.SelfDescribingJson object at 0x105638b50>]}


============================== 00:23:16.431263 | 465502e6-911d-48a0-980f-18ffcc116e2a ==============================
[0m00:23:16.431263 [info ] [MainThread]: Running with dbt=1.9.0
[0m00:23:16.431514 [debug] [MainThread]: running dbt with arguments {'printer_width': '80', 'indirect_selection': 'eager', 'log_cache_events': 'False', 'write_json': 'True', 'partial_parse': 'True', 'cache_selected_only': 'False', 'profiles_dir': '/Users/sakshirai/.dbt', 'version_check': 'True', 'debug': 'False', 'log_path': '/Users/sakshirai/Desktop/netflixanalysis/netflix_analysis/logs', 'fail_fast': 'False', 'warn_error': 'None', 'use_colors': 'True', 'use_experimental_parser': 'False', 'no_print': 'None', 'quiet': 'False', 'empty': 'None', 'log_format': 'default', 'static_parser': 'True', 'introspect': 'True', 'warn_error_options': 'WarnErrorOptions(include=[], exclude=[])', 'target_path': 'None', 'invocation_command': 'dbt deps', 'send_anonymous_usage_stats': 'True'}
[0m00:23:16.469243 [debug] [MainThread]: Sending event: {'category': 'dbt', 'action': 'project_id', 'label': '465502e6-911d-48a0-980f-18ffcc116e2a', 'context': [<snowplow_tracker.self_describing_json.SelfDescribingJson object at 0x10202ac10>]}
[0m00:23:16.479332 [debug] [MainThread]: Set downloads directory='/var/folders/rp/101xsw9131zdqm5fxfd452tm0000gn/T/dbt-downloads-y0zvnln6'
[0m00:23:16.479525 [debug] [MainThread]: Making package index registry request: GET https://hub.getdbt.com/api/v1/index.json
[0m00:23:16.545184 [debug] [MainThread]: Response from registry index: GET https://hub.getdbt.com/api/v1/index.json 200
[0m00:23:16.545994 [debug] [MainThread]: Making package registry request: GET https://hub.getdbt.com/api/v1/dbt-labs/dbt_utils.json
[0m00:23:16.581651 [debug] [MainThread]: Response from registry: GET https://hub.getdbt.com/api/v1/dbt-labs/dbt_utils.json 200
[0m00:23:16.588567 [info ] [MainThread]: Updating lock file in file path: /Users/sakshirai/Desktop/netflixanalysis/netflix_analysis/package-lock.yml
[0m00:23:16.589452 [debug] [MainThread]: Set downloads directory='/var/folders/rp/101xsw9131zdqm5fxfd452tm0000gn/T/dbt-downloads-8llh_8x5'
[0m00:23:16.591177 [info ] [MainThread]: Installing dbt-labs/dbt_utils
[0m00:23:16.916821 [info ] [MainThread]: Installed from version 1.3.0
[0m00:23:16.917051 [info ] [MainThread]: Updated version available: 1.3.3
[0m00:23:16.917216 [debug] [MainThread]: Sending event: {'category': 'dbt', 'action': 'package', 'label': '465502e6-911d-48a0-980f-18ffcc116e2a', 'property_': 'install', 'context': [<snowplow_tracker.self_describing_json.SelfDescribingJson object at 0x104e9d2d0>, <snowplow_tracker.self_describing_json.SelfDescribingJson object at 0x1057235d0>]}
[0m00:23:16.917396 [info ] [MainThread]: 
[0m00:23:16.917531 [info ] [MainThread]: Updates available for packages: ['dbt-labs/dbt_utils']                 
Update your versions in packages.yml, then run dbt deps
[0m00:23:16.919493 [debug] [MainThread]: Resource report: {"command_name": "deps", "command_success": true, "command_wall_clock_time": 0.5168602, "process_in_blocks": "0", "process_kernel_time": 0.152303, "process_mem_max_rss": "116391936", "process_out_blocks": "0", "process_user_time": 0.522078}
[0m00:23:16.919698 [debug] [MainThread]: Command `dbt deps` succeeded at 00:23:16.919659 after 0.52 seconds
[0m00:23:16.919844 [debug] [MainThread]: Sending event: {'category': 'dbt', 'action': 'invocation', 'label': 'end', 'context': [<snowplow_tracker.self_describing_json.SelfDescribingJson object at 0x1055f6950>, <snowplow_tracker.self_describing_json.SelfDescribingJson object at 0x10471c790>, <snowplow_tracker.self_describing_json.SelfDescribingJson object at 0x100512bd0>]}
[0m00:23:16.919993 [debug] [MainThread]: Flushing usage events
[0m00:23:17.801782 [debug] [MainThread]: An error was encountered while trying to flush usage events
[0m00:27:38.962050 [debug] [MainThread]: Sending event: {'category': 'dbt', 'action': 'invocation', 'label': 'start', 'context': [<snowplow_tracker.self_describing_json.SelfDescribingJson object at 0x10a608ad0>, <snowplow_tracker.self_describing_json.SelfDescribingJson object at 0x10b5679d0>, <snowplow_tracker.self_describing_json.SelfDescribingJson object at 0x10b567890>]}


============================== 00:27:38.972924 | 16854a1e-4c0a-4b7d-b29a-2426486ebcad ==============================
[0m00:27:38.972924 [info ] [MainThread]: Running with dbt=1.11.8
[0m00:27:38.973247 [debug] [MainThread]: running dbt with arguments {'log_format': 'default', 'send_anonymous_usage_stats': 'True', 'warn_error_options': 'WarnErrorOptionsV2(error=[], warn=[], silence=[])', 'indirect_selection': 'eager', 'profiles_dir': '/Users/sakshirai/.dbt', 'use_experimental_parser': 'False', 'fail_fast': 'False', 'no_print': 'None', 'empty': 'None', 'version_check': 'True', 'quiet': 'False', 'write_json': 'True', 'target_path': 'None', 'use_colors': 'True', 'static_parser': 'True', 'debug': 'False', 'cache_selected_only': 'False', 'introspect': 'True', 'printer_width': '80', 'invocation_command': 'dbt ', 'warn_error': 'None', 'log_cache_events': 'False', 'log_path': '/Users/sakshirai/Desktop/netflixanalysis/netflix_analysis/logs', 'partial_parse': 'True'}
[0m00:27:39.019427 [debug] [MainThread]: Sending event: {'category': 'dbt', 'action': 'project_id', 'label': '16854a1e-4c0a-4b7d-b29a-2426486ebcad', 'context': [<snowplow_tracker.self_describing_json.SelfDescribingJson object at 0x10a8a4770>]}
[0m00:27:39.044378 [debug] [MainThread]: Set downloads directory='/var/folders/rp/101xsw9131zdqm5fxfd452tm0000gn/T/dbt-downloads-gstqlc_t'
[0m00:27:39.044600 [debug] [MainThread]: Making package index registry request: GET https://hub.getdbt.com/api/v1/index.json
[0m00:27:40.140597 [debug] [MainThread]: Response from registry index: GET https://hub.getdbt.com/api/v1/index.json 200
[0m00:27:40.141913 [debug] [MainThread]: Making package registry request: GET https://hub.getdbt.com/api/v1/dbt-labs/dbt_utils.json
[0m00:27:40.214323 [debug] [MainThread]: Response from registry: GET https://hub.getdbt.com/api/v1/dbt-labs/dbt_utils.json 200
[0m00:27:40.217970 [info ] [MainThread]: Installing dbt-labs/dbt_utils
[0m00:27:40.589596 [info ] [MainThread]: Installed from version 1.3.0
[0m00:27:40.589874 [info ] [MainThread]: Updated version available: 1.3.3
[0m00:27:40.590102 [debug] [MainThread]: Sending event: {'category': 'dbt', 'action': 'package', 'label': '16854a1e-4c0a-4b7d-b29a-2426486ebcad', 'property_': 'install', 'context': [<snowplow_tracker.self_describing_json.SelfDescribingJson object at 0x10b4be690>, <snowplow_tracker.self_describing_json.SelfDescribingJson object at 0x10b4bde10>]}
[0m00:27:40.590350 [info ] [MainThread]: 
[0m00:27:40.590490 [info ] [MainThread]: Updates available for packages: ['dbt-labs/dbt_utils']                 
Update your versions in packages.yml, then run dbt deps
[0m00:27:40.592905 [debug] [MainThread]: Resource report: {"command_name": "deps", "command_success": true, "command_wall_clock_time": 1.6584674, "process_in_blocks": "0", "process_kernel_time": 0.140114, "process_mem_max_rss": "123355136", "process_out_blocks": "0", "process_user_time": 0.634253}
[0m00:27:40.593108 [debug] [MainThread]: Command `cli deps` succeeded at 00:27:40.593061 after 1.66 seconds
[0m00:27:40.593252 [debug] [MainThread]: Sending event: {'category': 'dbt', 'action': 'invocation', 'label': 'end', 'context': [<snowplow_tracker.self_describing_json.SelfDescribingJson object at 0x10b788e50>, <snowplow_tracker.self_describing_json.SelfDescribingJson object at 0x10a0809b0>, <snowplow_tracker.self_describing_json.SelfDescribingJson object at 0x10b7214f0>]}
[0m00:27:40.593377 [debug] [MainThread]: Flushing usage events
[0m00:27:41.533044 [debug] [MainThread]: An error was encountered while trying to flush usage events
[0m00:28:14.689535 [debug] [MainThread]: Sending event: {'category': 'dbt', 'action': 'invocation', 'label': 'start', 'context': [<snowplow_tracker.self_describing_json.SelfDescribingJson object at 0x108cc3e10>, <snowplow_tracker.self_describing_json.SelfDescribingJson object at 0x108d1c510>, <snowplow_tracker.self_describing_json.SelfDescribingJson object at 0x108cc9ed0>]}


============================== 00:28:14.691718 | f5cf0138-2142-4dc1-a6c2-28983442d784 ==============================
[0m00:28:14.691718 [info ] [MainThread]: Running with dbt=1.9.0
[0m00:28:14.691991 [debug] [MainThread]: running dbt with arguments {'printer_width': '80', 'indirect_selection': 'eager', 'write_json': 'True', 'log_cache_events': 'False', 'partial_parse': 'True', 'cache_selected_only': 'False', 'warn_error': 'None', 'debug': 'False', 'fail_fast': 'False', 'log_path': '/Users/sakshirai/Desktop/netflixanalysis/netflix_analysis/logs', 'profiles_dir': '/Users/sakshirai/.dbt', 'version_check': 'True', 'use_colors': 'True', 'use_experimental_parser': 'False', 'empty': 'None', 'quiet': 'False', 'no_print': 'None', 'warn_error_options': 'WarnErrorOptions(include=[], exclude=[])', 'invocation_command': 'dbt test', 'static_parser': 'True', 'introspect': 'True', 'target_path': 'None', 'log_format': 'default', 'send_anonymous_usage_stats': 'True'}
[0m00:28:14.930198 [debug] [MainThread]: Sending event: {'category': 'dbt', 'action': 'project_id', 'label': 'f5cf0138-2142-4dc1-a6c2-28983442d784', 'context': [<snowplow_tracker.self_describing_json.SelfDescribingJson object at 0x109c48190>]}
[0m00:28:14.947342 [debug] [MainThread]: Sending event: {'category': 'dbt', 'action': 'adapter_info', 'label': 'f5cf0138-2142-4dc1-a6c2-28983442d784', 'context': [<snowplow_tracker.self_describing_json.SelfDescribingJson object at 0x1099fba10>]}
[0m00:28:14.947814 [info ] [MainThread]: Registered adapter: snowflake=1.9.0
[0m00:28:14.996049 [debug] [MainThread]: checksum: c99e828bba267739642b5a3ce85f17518764ea526e0e6c4fdc649171c1a66bff, vars: {}, profile: , target: , version: 1.9.0
[0m00:28:15.040121 [info ] [MainThread]: Unable to do partial parsing because of a version mismatch
[0m00:28:15.040355 [debug] [MainThread]: Sending event: {'category': 'dbt', 'action': 'partial_parser', 'label': 'f5cf0138-2142-4dc1-a6c2-28983442d784', 'context': [<snowplow_tracker.self_describing_json.SelfDescribingJson object at 0x1081068d0>]}
[0m00:28:15.645308 [debug] [MainThread]: Sending event: {'category': 'dbt', 'action': 'load_project', 'label': 'f5cf0138-2142-4dc1-a6c2-28983442d784', 'context': [<snowplow_tracker.self_describing_json.SelfDescribingJson object at 0x10a1ac090>]}
[0m00:28:15.683118 [debug] [MainThread]: Wrote artifact WritableManifest to /Users/sakshirai/Desktop/netflixanalysis/netflix_analysis/target/manifest.json
[0m00:28:15.688863 [debug] [MainThread]: Wrote artifact SemanticManifest to /Users/sakshirai/Desktop/netflixanalysis/netflix_analysis/target/semantic_manifest.json
[0m00:28:15.702740 [debug] [MainThread]: Sending event: {'category': 'dbt', 'action': 'resource_counts', 'label': 'f5cf0138-2142-4dc1-a6c2-28983442d784', 'context': [<snowplow_tracker.self_describing_json.SelfDescribingJson object at 0x10b0ca190>]}
[0m00:28:15.702927 [info ] [MainThread]: Found 14 models, 1 snapshot, 13 data tests, 1 seed, 590 macros
[0m00:28:15.703054 [debug] [MainThread]: Sending event: {'category': 'dbt', 'action': 'runnable_timing', 'label': 'f5cf0138-2142-4dc1-a6c2-28983442d784', 'context': [<snowplow_tracker.self_describing_json.SelfDescribingJson object at 0x109bb9d10>]}
[0m00:28:15.703957 [info ] [MainThread]: 
[0m00:28:15.704085 [info ] [MainThread]: Concurrency: 1 threads (target='dev')
[0m00:28:15.704182 [info ] [MainThread]: 
[0m00:28:15.704356 [debug] [MainThread]: Acquiring new snowflake connection 'master'
[0m00:28:15.706240 [debug] [ThreadPool]: Acquiring new snowflake connection 'list_MOVIELENS_DEV'
[0m00:28:15.741205 [debug] [ThreadPool]: Using snowflake connection "list_MOVIELENS_DEV"
[0m00:28:15.741380 [debug] [ThreadPool]: On list_MOVIELENS_DEV: /* {"app": "dbt", "dbt_version": "1.9.0", "profile_name": "netflix_analysis", "target_name": "dev", "connection_name": "list_MOVIELENS_DEV"} */
show objects in MOVIELENS.DEV limit 10000;
[0m00:28:15.741479 [debug] [ThreadPool]: Opening a new connection, currently in state init
[0m00:28:16.653359 [debug] [ThreadPool]: SQL status: SUCCESS 14 in 0.912 seconds
[0m00:28:16.657142 [debug] [ThreadPool]: Re-using an available connection from the pool (formerly list_MOVIELENS_DEV, now list_MOVIELENS_snapshots)
[0m00:28:16.663217 [debug] [ThreadPool]: Using snowflake connection "list_MOVIELENS_snapshots"
[0m00:28:16.663567 [debug] [ThreadPool]: On list_MOVIELENS_snapshots: /* {"app": "dbt", "dbt_version": "1.9.0", "profile_name": "netflix_analysis", "target_name": "dev", "connection_name": "list_MOVIELENS_snapshots"} */
show objects in MOVIELENS.snapshots limit 10000;
[0m00:28:16.798303 [debug] [ThreadPool]: SQL status: SUCCESS 1 in 0.134 seconds
[0m00:28:16.801900 [debug] [MainThread]: Sending event: {'category': 'dbt', 'action': 'runnable_timing', 'label': 'f5cf0138-2142-4dc1-a6c2-28983442d784', 'context': [<snowplow_tracker.self_describing_json.SelfDescribingJson object at 0x109b95690>]}
[0m00:28:16.804382 [debug] [Thread-1 (]: Began running node test.netflix_analysis.not_null_dim_genome_tags_tag_id.f11f861a5f
[0m00:28:16.804984 [info ] [Thread-1 (]: 1 of 13 START test not_null_dim_genome_tags_tag_id ............................. [RUN]
[0m00:28:16.805534 [debug] [Thread-1 (]: Re-using an available connection from the pool (formerly list_MOVIELENS_snapshots, now test.netflix_analysis.not_null_dim_genome_tags_tag_id.f11f861a5f)
[0m00:28:16.805910 [debug] [Thread-1 (]: Began compiling node test.netflix_analysis.not_null_dim_genome_tags_tag_id.f11f861a5f
[0m00:28:16.821950 [debug] [Thread-1 (]: Writing injected SQL for node "test.netflix_analysis.not_null_dim_genome_tags_tag_id.f11f861a5f"
[0m00:28:16.823107 [debug] [Thread-1 (]: Began executing node test.netflix_analysis.not_null_dim_genome_tags_tag_id.f11f861a5f
[0m00:28:16.837288 [debug] [Thread-1 (]: Writing runtime sql for node "test.netflix_analysis.not_null_dim_genome_tags_tag_id.f11f861a5f"
[0m00:28:16.838310 [debug] [Thread-1 (]: Using snowflake connection "test.netflix_analysis.not_null_dim_genome_tags_tag_id.f11f861a5f"
[0m00:28:16.838561 [debug] [Thread-1 (]: On test.netflix_analysis.not_null_dim_genome_tags_tag_id.f11f861a5f: /* {"app": "dbt", "dbt_version": "1.9.0", "profile_name": "netflix_analysis", "target_name": "dev", "node_id": "test.netflix_analysis.not_null_dim_genome_tags_tag_id.f11f861a5f"} */
select
      count(*) as failures,
      count(*) != 0 as should_warn,
      count(*) != 0 as should_error
    from (
      
    
  
    
    



select tag_id
from MOVIELENS.DEV.dim_genome_tags
where tag_id is null



  
  
      
    ) dbt_internal_test
[0m00:28:16.962369 [debug] [Thread-1 (]: SQL status: SUCCESS 1 in 0.123 seconds
[0m00:28:16.971787 [info ] [Thread-1 (]: 1 of 13 PASS not_null_dim_genome_tags_tag_id ................................... [[32mPASS[0m in 0.17s]
[0m00:28:16.972728 [debug] [Thread-1 (]: Finished running node test.netflix_analysis.not_null_dim_genome_tags_tag_id.f11f861a5f
[0m00:28:16.973149 [debug] [Thread-1 (]: Began running node test.netflix_analysis.not_null_dim_genome_tags_tag_name.27503c0804
[0m00:28:16.973643 [info ] [Thread-1 (]: 2 of 13 START test not_null_dim_genome_tags_tag_name ........................... [RUN]
[0m00:28:16.974368 [debug] [Thread-1 (]: Re-using an available connection from the pool (formerly test.netflix_analysis.not_null_dim_genome_tags_tag_id.f11f861a5f, now test.netflix_analysis.not_null_dim_genome_tags_tag_name.27503c0804)
[0m00:28:16.974744 [debug] [Thread-1 (]: Began compiling node test.netflix_analysis.not_null_dim_genome_tags_tag_name.27503c0804
[0m00:28:16.983156 [debug] [Thread-1 (]: Writing injected SQL for node "test.netflix_analysis.not_null_dim_genome_tags_tag_name.27503c0804"
[0m00:28:16.984205 [debug] [Thread-1 (]: Began executing node test.netflix_analysis.not_null_dim_genome_tags_tag_name.27503c0804
[0m00:28:16.986788 [debug] [Thread-1 (]: Writing runtime sql for node "test.netflix_analysis.not_null_dim_genome_tags_tag_name.27503c0804"
[0m00:28:16.987767 [debug] [Thread-1 (]: Using snowflake connection "test.netflix_analysis.not_null_dim_genome_tags_tag_name.27503c0804"
[0m00:28:16.988081 [debug] [Thread-1 (]: On test.netflix_analysis.not_null_dim_genome_tags_tag_name.27503c0804: /* {"app": "dbt", "dbt_version": "1.9.0", "profile_name": "netflix_analysis", "target_name": "dev", "node_id": "test.netflix_analysis.not_null_dim_genome_tags_tag_name.27503c0804"} */
select
      count(*) as failures,
      count(*) != 0 as should_warn,
      count(*) != 0 as should_error
    from (
      
    
  
    
    



select tag_name
from MOVIELENS.DEV.dim_genome_tags
where tag_name is null



  
  
      
    ) dbt_internal_test
[0m00:28:17.107518 [debug] [Thread-1 (]: SQL status: SUCCESS 1 in 0.119 seconds
[0m00:28:17.112069 [info ] [Thread-1 (]: 2 of 13 PASS not_null_dim_genome_tags_tag_name ................................. [[32mPASS[0m in 0.14s]
[0m00:28:17.112741 [debug] [Thread-1 (]: Finished running node test.netflix_analysis.not_null_dim_genome_tags_tag_name.27503c0804
[0m00:28:17.113128 [debug] [Thread-1 (]: Began running node test.netflix_analysis.not_null_dim_movies_movie_id.0f96ca970d
[0m00:28:17.113594 [info ] [Thread-1 (]: 3 of 13 START test not_null_dim_movies_movie_id ................................ [RUN]
[0m00:28:17.114031 [debug] [Thread-1 (]: Re-using an available connection from the pool (formerly test.netflix_analysis.not_null_dim_genome_tags_tag_name.27503c0804, now test.netflix_analysis.not_null_dim_movies_movie_id.0f96ca970d)
[0m00:28:17.114319 [debug] [Thread-1 (]: Began compiling node test.netflix_analysis.not_null_dim_movies_movie_id.0f96ca970d
[0m00:28:17.119249 [debug] [Thread-1 (]: Writing injected SQL for node "test.netflix_analysis.not_null_dim_movies_movie_id.0f96ca970d"
[0m00:28:17.120115 [debug] [Thread-1 (]: Began executing node test.netflix_analysis.not_null_dim_movies_movie_id.0f96ca970d
[0m00:28:17.122869 [debug] [Thread-1 (]: Writing runtime sql for node "test.netflix_analysis.not_null_dim_movies_movie_id.0f96ca970d"
[0m00:28:17.123974 [debug] [Thread-1 (]: Using snowflake connection "test.netflix_analysis.not_null_dim_movies_movie_id.0f96ca970d"
[0m00:28:17.124338 [debug] [Thread-1 (]: On test.netflix_analysis.not_null_dim_movies_movie_id.0f96ca970d: /* {"app": "dbt", "dbt_version": "1.9.0", "profile_name": "netflix_analysis", "target_name": "dev", "node_id": "test.netflix_analysis.not_null_dim_movies_movie_id.0f96ca970d"} */
select
      count(*) as failures,
      count(*) != 0 as should_warn,
      count(*) != 0 as should_error
    from (
      
    
  
    
    



select movie_id
from MOVIELENS.DEV.dim_movies
where movie_id is null



  
  
      
    ) dbt_internal_test
[0m00:28:17.245911 [debug] [Thread-1 (]: SQL status: SUCCESS 1 in 0.121 seconds
[0m00:28:17.249995 [info ] [Thread-1 (]: 3 of 13 PASS not_null_dim_movies_movie_id ...................................... [[32mPASS[0m in 0.14s]
[0m00:28:17.250767 [debug] [Thread-1 (]: Finished running node test.netflix_analysis.not_null_dim_movies_movie_id.0f96ca970d
[0m00:28:17.251196 [debug] [Thread-1 (]: Began running node test.netflix_analysis.not_null_dim_movies_movie_title.0206534c81
[0m00:28:17.251717 [info ] [Thread-1 (]: 4 of 13 START test not_null_dim_movies_movie_title ............................. [RUN]
[0m00:28:17.252257 [debug] [Thread-1 (]: Re-using an available connection from the pool (formerly test.netflix_analysis.not_null_dim_movies_movie_id.0f96ca970d, now test.netflix_analysis.not_null_dim_movies_movie_title.0206534c81)
[0m00:28:17.252622 [debug] [Thread-1 (]: Began compiling node test.netflix_analysis.not_null_dim_movies_movie_title.0206534c81
[0m00:28:17.258436 [debug] [Thread-1 (]: Writing injected SQL for node "test.netflix_analysis.not_null_dim_movies_movie_title.0206534c81"
[0m00:28:17.259516 [debug] [Thread-1 (]: Began executing node test.netflix_analysis.not_null_dim_movies_movie_title.0206534c81
[0m00:28:17.262567 [debug] [Thread-1 (]: Writing runtime sql for node "test.netflix_analysis.not_null_dim_movies_movie_title.0206534c81"
[0m00:28:17.263896 [debug] [Thread-1 (]: Using snowflake connection "test.netflix_analysis.not_null_dim_movies_movie_title.0206534c81"
[0m00:28:17.264217 [debug] [Thread-1 (]: On test.netflix_analysis.not_null_dim_movies_movie_title.0206534c81: /* {"app": "dbt", "dbt_version": "1.9.0", "profile_name": "netflix_analysis", "target_name": "dev", "node_id": "test.netflix_analysis.not_null_dim_movies_movie_title.0206534c81"} */
select
      count(*) as failures,
      count(*) != 0 as should_warn,
      count(*) != 0 as should_error
    from (
      
    
  
    
    



select movie_title
from MOVIELENS.DEV.dim_movies
where movie_title is null



  
  
      
    ) dbt_internal_test
[0m00:28:17.387992 [debug] [Thread-1 (]: SQL status: SUCCESS 1 in 0.123 seconds
[0m00:28:17.391258 [info ] [Thread-1 (]: 4 of 13 PASS not_null_dim_movies_movie_title ................................... [[32mPASS[0m in 0.14s]
[0m00:28:17.392085 [debug] [Thread-1 (]: Finished running node test.netflix_analysis.not_null_dim_movies_movie_title.0206534c81
[0m00:28:17.392525 [debug] [Thread-1 (]: Began running node test.netflix_analysis.not_null_dim_users_user_id.e754bb5812
[0m00:28:17.393016 [info ] [Thread-1 (]: 5 of 13 START test not_null_dim_users_user_id .................................. [RUN]
[0m00:28:17.393560 [debug] [Thread-1 (]: Re-using an available connection from the pool (formerly test.netflix_analysis.not_null_dim_movies_movie_title.0206534c81, now test.netflix_analysis.not_null_dim_users_user_id.e754bb5812)
[0m00:28:17.393957 [debug] [Thread-1 (]: Began compiling node test.netflix_analysis.not_null_dim_users_user_id.e754bb5812
[0m00:28:17.400822 [debug] [Thread-1 (]: Writing injected SQL for node "test.netflix_analysis.not_null_dim_users_user_id.e754bb5812"
[0m00:28:17.402427 [debug] [Thread-1 (]: Began executing node test.netflix_analysis.not_null_dim_users_user_id.e754bb5812
[0m00:28:17.406108 [debug] [Thread-1 (]: Writing runtime sql for node "test.netflix_analysis.not_null_dim_users_user_id.e754bb5812"
[0m00:28:17.407559 [debug] [Thread-1 (]: Using snowflake connection "test.netflix_analysis.not_null_dim_users_user_id.e754bb5812"
[0m00:28:17.407890 [debug] [Thread-1 (]: On test.netflix_analysis.not_null_dim_users_user_id.e754bb5812: /* {"app": "dbt", "dbt_version": "1.9.0", "profile_name": "netflix_analysis", "target_name": "dev", "node_id": "test.netflix_analysis.not_null_dim_users_user_id.e754bb5812"} */
select
      count(*) as failures,
      count(*) != 0 as should_warn,
      count(*) != 0 as should_error
    from (
      
    
  
    
    



select user_id
from MOVIELENS.DEV.dim_users
where user_id is null



  
  
      
    ) dbt_internal_test
[0m00:28:17.527728 [debug] [Thread-1 (]: SQL status: SUCCESS 1 in 0.119 seconds
[0m00:28:17.529712 [info ] [Thread-1 (]: 5 of 13 PASS not_null_dim_users_user_id ........................................ [[32mPASS[0m in 0.14s]
[0m00:28:17.530187 [debug] [Thread-1 (]: Finished running node test.netflix_analysis.not_null_dim_users_user_id.e754bb5812
[0m00:28:17.530477 [debug] [Thread-1 (]: Began running node test.netflix_analysis.not_null_fct_genome_scores_movie_id.d1288b589a
[0m00:28:17.530849 [info ] [Thread-1 (]: 6 of 13 START test not_null_fct_genome_scores_movie_id ......................... [RUN]
[0m00:28:17.531292 [debug] [Thread-1 (]: Re-using an available connection from the pool (formerly test.netflix_analysis.not_null_dim_users_user_id.e754bb5812, now test.netflix_analysis.not_null_fct_genome_scores_movie_id.d1288b589a)
[0m00:28:17.531597 [debug] [Thread-1 (]: Began compiling node test.netflix_analysis.not_null_fct_genome_scores_movie_id.d1288b589a
[0m00:28:17.535096 [debug] [Thread-1 (]: Writing injected SQL for node "test.netflix_analysis.not_null_fct_genome_scores_movie_id.d1288b589a"
[0m00:28:17.535695 [debug] [Thread-1 (]: Began executing node test.netflix_analysis.not_null_fct_genome_scores_movie_id.d1288b589a
[0m00:28:17.539185 [debug] [Thread-1 (]: Writing runtime sql for node "test.netflix_analysis.not_null_fct_genome_scores_movie_id.d1288b589a"
[0m00:28:17.540283 [debug] [Thread-1 (]: Using snowflake connection "test.netflix_analysis.not_null_fct_genome_scores_movie_id.d1288b589a"
[0m00:28:17.540626 [debug] [Thread-1 (]: On test.netflix_analysis.not_null_fct_genome_scores_movie_id.d1288b589a: /* {"app": "dbt", "dbt_version": "1.9.0", "profile_name": "netflix_analysis", "target_name": "dev", "node_id": "test.netflix_analysis.not_null_fct_genome_scores_movie_id.d1288b589a"} */
select
      count(*) as failures,
      count(*) != 0 as should_warn,
      count(*) != 0 as should_error
    from (
      
    
  
    
    



select movie_id
from MOVIELENS.DEV.fct_genome_scores
where movie_id is null



  
  
      
    ) dbt_internal_test
[0m00:28:17.657606 [debug] [Thread-1 (]: SQL status: SUCCESS 1 in 0.117 seconds
[0m00:28:17.658675 [info ] [Thread-1 (]: 6 of 13 PASS not_null_fct_genome_scores_movie_id ............................... [[32mPASS[0m in 0.13s]
[0m00:28:17.658962 [debug] [Thread-1 (]: Finished running node test.netflix_analysis.not_null_fct_genome_scores_movie_id.d1288b589a
[0m00:28:17.659135 [debug] [Thread-1 (]: Began running node test.netflix_analysis.not_null_fct_genome_scores_relevance_score.20561448f1
[0m00:28:17.659355 [info ] [Thread-1 (]: 7 of 13 START test not_null_fct_genome_scores_relevance_score .................. [RUN]
[0m00:28:17.659592 [debug] [Thread-1 (]: Re-using an available connection from the pool (formerly test.netflix_analysis.not_null_fct_genome_scores_movie_id.d1288b589a, now test.netflix_analysis.not_null_fct_genome_scores_relevance_score.20561448f1)
[0m00:28:17.659759 [debug] [Thread-1 (]: Began compiling node test.netflix_analysis.not_null_fct_genome_scores_relevance_score.20561448f1
[0m00:28:17.661715 [debug] [Thread-1 (]: Writing injected SQL for node "test.netflix_analysis.not_null_fct_genome_scores_relevance_score.20561448f1"
[0m00:28:17.662069 [debug] [Thread-1 (]: Began executing node test.netflix_analysis.not_null_fct_genome_scores_relevance_score.20561448f1
[0m00:28:17.663203 [debug] [Thread-1 (]: Writing runtime sql for node "test.netflix_analysis.not_null_fct_genome_scores_relevance_score.20561448f1"
[0m00:28:17.663699 [debug] [Thread-1 (]: Using snowflake connection "test.netflix_analysis.not_null_fct_genome_scores_relevance_score.20561448f1"
[0m00:28:17.663858 [debug] [Thread-1 (]: On test.netflix_analysis.not_null_fct_genome_scores_relevance_score.20561448f1: /* {"app": "dbt", "dbt_version": "1.9.0", "profile_name": "netflix_analysis", "target_name": "dev", "node_id": "test.netflix_analysis.not_null_fct_genome_scores_relevance_score.20561448f1"} */
select
      count(*) as failures,
      count(*) != 0 as should_warn,
      count(*) != 0 as should_error
    from (
      
    
  
    
    



select relevance_score
from MOVIELENS.DEV.fct_genome_scores
where relevance_score is null



  
  
      
    ) dbt_internal_test
[0m00:28:17.856164 [debug] [Thread-1 (]: SQL status: SUCCESS 1 in 0.192 seconds
[0m00:28:17.857780 [info ] [Thread-1 (]: 7 of 13 PASS not_null_fct_genome_scores_relevance_score ........................ [[32mPASS[0m in 0.20s]
[0m00:28:17.858253 [debug] [Thread-1 (]: Finished running node test.netflix_analysis.not_null_fct_genome_scores_relevance_score.20561448f1
[0m00:28:17.858552 [debug] [Thread-1 (]: Began running node test.netflix_analysis.not_null_fct_genome_scores_tag_id.eb610dc620
[0m00:28:17.858896 [info ] [Thread-1 (]: 8 of 13 START test not_null_fct_genome_scores_tag_id ........................... [RUN]
[0m00:28:17.859275 [debug] [Thread-1 (]: Re-using an available connection from the pool (formerly test.netflix_analysis.not_null_fct_genome_scores_relevance_score.20561448f1, now test.netflix_analysis.not_null_fct_genome_scores_tag_id.eb610dc620)
[0m00:28:17.859538 [debug] [Thread-1 (]: Began compiling node test.netflix_analysis.not_null_fct_genome_scores_tag_id.eb610dc620
[0m00:28:17.863279 [debug] [Thread-1 (]: Writing injected SQL for node "test.netflix_analysis.not_null_fct_genome_scores_tag_id.eb610dc620"
[0m00:28:17.863964 [debug] [Thread-1 (]: Began executing node test.netflix_analysis.not_null_fct_genome_scores_tag_id.eb610dc620
[0m00:28:17.866527 [debug] [Thread-1 (]: Writing runtime sql for node "test.netflix_analysis.not_null_fct_genome_scores_tag_id.eb610dc620"
[0m00:28:17.867555 [debug] [Thread-1 (]: Using snowflake connection "test.netflix_analysis.not_null_fct_genome_scores_tag_id.eb610dc620"
[0m00:28:17.867870 [debug] [Thread-1 (]: On test.netflix_analysis.not_null_fct_genome_scores_tag_id.eb610dc620: /* {"app": "dbt", "dbt_version": "1.9.0", "profile_name": "netflix_analysis", "target_name": "dev", "node_id": "test.netflix_analysis.not_null_fct_genome_scores_tag_id.eb610dc620"} */
select
      count(*) as failures,
      count(*) != 0 as should_warn,
      count(*) != 0 as should_error
    from (
      
    
  
    
    



select tag_id
from MOVIELENS.DEV.fct_genome_scores
where tag_id is null



  
  
      
    ) dbt_internal_test
[0m00:28:18.006448 [debug] [Thread-1 (]: SQL status: SUCCESS 1 in 0.138 seconds
[0m00:28:18.009329 [info ] [Thread-1 (]: 8 of 13 PASS not_null_fct_genome_scores_tag_id ................................. [[32mPASS[0m in 0.15s]
[0m00:28:18.010114 [debug] [Thread-1 (]: Finished running node test.netflix_analysis.not_null_fct_genome_scores_tag_id.eb610dc620
[0m00:28:18.010479 [debug] [Thread-1 (]: Began running node test.netflix_analysis.not_null_fct_ratings_movie_id.68d088c553
[0m00:28:18.010954 [info ] [Thread-1 (]: 9 of 13 START test not_null_fct_ratings_movie_id ............................... [RUN]
[0m00:28:18.011418 [debug] [Thread-1 (]: Re-using an available connection from the pool (formerly test.netflix_analysis.not_null_fct_genome_scores_tag_id.eb610dc620, now test.netflix_analysis.not_null_fct_ratings_movie_id.68d088c553)
[0m00:28:18.011711 [debug] [Thread-1 (]: Began compiling node test.netflix_analysis.not_null_fct_ratings_movie_id.68d088c553
[0m00:28:18.017222 [debug] [Thread-1 (]: Writing injected SQL for node "test.netflix_analysis.not_null_fct_ratings_movie_id.68d088c553"
[0m00:28:18.018368 [debug] [Thread-1 (]: Began executing node test.netflix_analysis.not_null_fct_ratings_movie_id.68d088c553
[0m00:28:18.021477 [debug] [Thread-1 (]: Writing runtime sql for node "test.netflix_analysis.not_null_fct_ratings_movie_id.68d088c553"
[0m00:28:18.023343 [debug] [Thread-1 (]: Using snowflake connection "test.netflix_analysis.not_null_fct_ratings_movie_id.68d088c553"
[0m00:28:18.023884 [debug] [Thread-1 (]: On test.netflix_analysis.not_null_fct_ratings_movie_id.68d088c553: /* {"app": "dbt", "dbt_version": "1.9.0", "profile_name": "netflix_analysis", "target_name": "dev", "node_id": "test.netflix_analysis.not_null_fct_ratings_movie_id.68d088c553"} */
select
      count(*) as failures,
      count(*) != 0 as should_warn,
      count(*) != 0 as should_error
    from (
      
    
  
    
    



select movie_id
from MOVIELENS.DEV.fct_ratings
where movie_id is null



  
  
      
    ) dbt_internal_test
[0m00:28:18.150285 [debug] [Thread-1 (]: SQL status: SUCCESS 1 in 0.126 seconds
[0m00:28:18.153049 [info ] [Thread-1 (]: 9 of 13 PASS not_null_fct_ratings_movie_id ..................................... [[32mPASS[0m in 0.14s]
[0m00:28:18.153814 [debug] [Thread-1 (]: Finished running node test.netflix_analysis.not_null_fct_ratings_movie_id.68d088c553
[0m00:28:18.154213 [debug] [Thread-1 (]: Began running node test.netflix_analysis.not_null_fct_ratings_rating.25c6481558
[0m00:28:18.154643 [info ] [Thread-1 (]: 10 of 13 START test not_null_fct_ratings_rating ................................ [RUN]
[0m00:28:18.155172 [debug] [Thread-1 (]: Re-using an available connection from the pool (formerly test.netflix_analysis.not_null_fct_ratings_movie_id.68d088c553, now test.netflix_analysis.not_null_fct_ratings_rating.25c6481558)
[0m00:28:18.155527 [debug] [Thread-1 (]: Began compiling node test.netflix_analysis.not_null_fct_ratings_rating.25c6481558
[0m00:28:18.161326 [debug] [Thread-1 (]: Writing injected SQL for node "test.netflix_analysis.not_null_fct_ratings_rating.25c6481558"
[0m00:28:18.162565 [debug] [Thread-1 (]: Began executing node test.netflix_analysis.not_null_fct_ratings_rating.25c6481558
[0m00:28:18.169075 [debug] [Thread-1 (]: Writing runtime sql for node "test.netflix_analysis.not_null_fct_ratings_rating.25c6481558"
[0m00:28:18.170370 [debug] [Thread-1 (]: Using snowflake connection "test.netflix_analysis.not_null_fct_ratings_rating.25c6481558"
[0m00:28:18.170753 [debug] [Thread-1 (]: On test.netflix_analysis.not_null_fct_ratings_rating.25c6481558: /* {"app": "dbt", "dbt_version": "1.9.0", "profile_name": "netflix_analysis", "target_name": "dev", "node_id": "test.netflix_analysis.not_null_fct_ratings_rating.25c6481558"} */
select
      count(*) as failures,
      count(*) != 0 as should_warn,
      count(*) != 0 as should_error
    from (
      
    
  
    
    



select rating
from MOVIELENS.DEV.fct_ratings
where rating is null



  
  
      
    ) dbt_internal_test
[0m00:28:18.293304 [debug] [Thread-1 (]: SQL status: SUCCESS 1 in 0.122 seconds
[0m00:28:18.296202 [info ] [Thread-1 (]: 10 of 13 PASS not_null_fct_ratings_rating ...................................... [[32mPASS[0m in 0.14s]
[0m00:28:18.296995 [debug] [Thread-1 (]: Finished running node test.netflix_analysis.not_null_fct_ratings_rating.25c6481558
[0m00:28:18.297432 [debug] [Thread-1 (]: Began running node test.netflix_analysis.not_null_fct_ratings_user_id.652655a4cf
[0m00:28:18.297882 [info ] [Thread-1 (]: 11 of 13 START test not_null_fct_ratings_user_id ............................... [RUN]
[0m00:28:18.298369 [debug] [Thread-1 (]: Re-using an available connection from the pool (formerly test.netflix_analysis.not_null_fct_ratings_rating.25c6481558, now test.netflix_analysis.not_null_fct_ratings_user_id.652655a4cf)
[0m00:28:18.298715 [debug] [Thread-1 (]: Began compiling node test.netflix_analysis.not_null_fct_ratings_user_id.652655a4cf
[0m00:28:18.302558 [debug] [Thread-1 (]: Writing injected SQL for node "test.netflix_analysis.not_null_fct_ratings_user_id.652655a4cf"
[0m00:28:18.303297 [debug] [Thread-1 (]: Began executing node test.netflix_analysis.not_null_fct_ratings_user_id.652655a4cf
[0m00:28:18.305460 [debug] [Thread-1 (]: Writing runtime sql for node "test.netflix_analysis.not_null_fct_ratings_user_id.652655a4cf"
[0m00:28:18.306398 [debug] [Thread-1 (]: Using snowflake connection "test.netflix_analysis.not_null_fct_ratings_user_id.652655a4cf"
[0m00:28:18.306703 [debug] [Thread-1 (]: On test.netflix_analysis.not_null_fct_ratings_user_id.652655a4cf: /* {"app": "dbt", "dbt_version": "1.9.0", "profile_name": "netflix_analysis", "target_name": "dev", "node_id": "test.netflix_analysis.not_null_fct_ratings_user_id.652655a4cf"} */
select
      count(*) as failures,
      count(*) != 0 as should_warn,
      count(*) != 0 as should_error
    from (
      
    
  
    
    



select user_id
from MOVIELENS.DEV.fct_ratings
where user_id is null



  
  
      
    ) dbt_internal_test
[0m00:28:18.424771 [debug] [Thread-1 (]: SQL status: SUCCESS 1 in 0.118 seconds
[0m00:28:18.426876 [info ] [Thread-1 (]: 11 of 13 PASS not_null_fct_ratings_user_id ..................................... [[32mPASS[0m in 0.13s]
[0m00:28:18.427601 [debug] [Thread-1 (]: Finished running node test.netflix_analysis.not_null_fct_ratings_user_id.652655a4cf
[0m00:28:18.430767 [debug] [Thread-1 (]: Began running node test.netflix_analysis.relationships_fct_ratings_movie_id__movie_id__ref_dim_movies_.fb3ebb34b0
[0m00:28:18.431228 [info ] [Thread-1 (]: 12 of 13 START test relationships_fct_ratings_movie_id__movie_id__ref_dim_movies_  [RUN]
[0m00:28:18.434799 [debug] [Thread-1 (]: Re-using an available connection from the pool (formerly test.netflix_analysis.not_null_fct_ratings_user_id.652655a4cf, now test.netflix_analysis.relationships_fct_ratings_movie_id__movie_id__ref_dim_movies_.fb3ebb34b0)
[0m00:28:18.435117 [debug] [Thread-1 (]: Began compiling node test.netflix_analysis.relationships_fct_ratings_movie_id__movie_id__ref_dim_movies_.fb3ebb34b0
[0m00:28:18.439779 [debug] [Thread-1 (]: Writing injected SQL for node "test.netflix_analysis.relationships_fct_ratings_movie_id__movie_id__ref_dim_movies_.fb3ebb34b0"
[0m00:28:18.440516 [debug] [Thread-1 (]: Began executing node test.netflix_analysis.relationships_fct_ratings_movie_id__movie_id__ref_dim_movies_.fb3ebb34b0
[0m00:28:18.442302 [debug] [Thread-1 (]: Writing runtime sql for node "test.netflix_analysis.relationships_fct_ratings_movie_id__movie_id__ref_dim_movies_.fb3ebb34b0"
[0m00:28:18.443154 [debug] [Thread-1 (]: Using snowflake connection "test.netflix_analysis.relationships_fct_ratings_movie_id__movie_id__ref_dim_movies_.fb3ebb34b0"
[0m00:28:18.443421 [debug] [Thread-1 (]: On test.netflix_analysis.relationships_fct_ratings_movie_id__movie_id__ref_dim_movies_.fb3ebb34b0: /* {"app": "dbt", "dbt_version": "1.9.0", "profile_name": "netflix_analysis", "target_name": "dev", "node_id": "test.netflix_analysis.relationships_fct_ratings_movie_id__movie_id__ref_dim_movies_.fb3ebb34b0"} */
select
      count(*) as failures,
      count(*) != 0 as should_warn,
      count(*) != 0 as should_error
    from (
      
    
  
    
    

with child as (
    select movie_id as from_field
    from MOVIELENS.DEV.fct_ratings
    where movie_id is not null
),

parent as (
    select movie_id as to_field
    from MOVIELENS.DEV.dim_movies
)

select
    from_field

from child
left join parent
    on child.from_field = parent.to_field

where parent.to_field is null



  
  
      
    ) dbt_internal_test
[0m00:28:18.568962 [debug] [Thread-1 (]: SQL status: SUCCESS 1 in 0.125 seconds
[0m00:28:18.571885 [info ] [Thread-1 (]: 12 of 13 PASS relationships_fct_ratings_movie_id__movie_id__ref_dim_movies_ .... [[32mPASS[0m in 0.14s]
[0m00:28:18.572612 [debug] [Thread-1 (]: Finished running node test.netflix_analysis.relationships_fct_ratings_movie_id__movie_id__ref_dim_movies_.fb3ebb34b0
[0m00:28:18.573003 [debug] [Thread-1 (]: Began running node test.netflix_analysis.relevance_score_test
[0m00:28:18.573422 [info ] [Thread-1 (]: 13 of 13 START test relevance_score_test ....................................... [RUN]
[0m00:28:18.573891 [debug] [Thread-1 (]: Re-using an available connection from the pool (formerly test.netflix_analysis.relationships_fct_ratings_movie_id__movie_id__ref_dim_movies_.fb3ebb34b0, now test.netflix_analysis.relevance_score_test)
[0m00:28:18.574228 [debug] [Thread-1 (]: Began compiling node test.netflix_analysis.relevance_score_test
[0m00:28:18.588103 [debug] [Thread-1 (]: Using snowflake connection "test.netflix_analysis.relevance_score_test"
[0m00:28:18.588643 [debug] [Thread-1 (]: On test.netflix_analysis.relevance_score_test: /* {"app": "dbt", "dbt_version": "1.9.0", "profile_name": "netflix_analysis", "target_name": "dev", "node_id": "test.netflix_analysis.relevance_score_test"} */
describe table MOVIELENS.DEV.fct_genome_scores
[0m00:28:18.710306 [debug] [Thread-1 (]: SQL status: SUCCESS 3 in 0.121 seconds
[0m00:28:18.714602 [debug] [Thread-1 (]: Writing injected SQL for node "test.netflix_analysis.relevance_score_test"
[0m00:28:18.716648 [debug] [Thread-1 (]: Began executing node test.netflix_analysis.relevance_score_test
[0m00:28:18.718649 [debug] [Thread-1 (]: Writing runtime sql for node "test.netflix_analysis.relevance_score_test"
[0m00:28:18.719406 [debug] [Thread-1 (]: Using snowflake connection "test.netflix_analysis.relevance_score_test"
[0m00:28:18.719606 [debug] [Thread-1 (]: On test.netflix_analysis.relevance_score_test: /* {"app": "dbt", "dbt_version": "1.9.0", "profile_name": "netflix_analysis", "target_name": "dev", "node_id": "test.netflix_analysis.relevance_score_test"} */
select
      count(*) as failures,
      count(*) != 0 as should_warn,
      count(*) != 0 as should_error
    from (
      
    
  -- SELECT
--   movie_id,
--   relevance_score,
--   tag_id
-- FROM MOVIELENS.DEV.fct_genome_scores
-- WHERE relevance_score<=0





SELECT *
FROM MOVIELENS.DEV.fct_genome_scores
WHERE

    MOVIE_ID IS NULL
     OR 

    TAG_ID IS NULL
     OR 

    RELEVANCE_SCORE IS NULL
    



  
  
      
    ) dbt_internal_test
[0m00:28:19.132489 [debug] [Thread-1 (]: SQL status: SUCCESS 1 in 0.412 seconds
[0m00:28:19.136386 [info ] [Thread-1 (]: 13 of 13 PASS relevance_score_test ............................................. [[32mPASS[0m in 0.56s]
[0m00:28:19.137126 [debug] [Thread-1 (]: Finished running node test.netflix_analysis.relevance_score_test
[0m00:28:19.138680 [debug] [MainThread]: Connection 'master' was properly closed.
[0m00:28:19.139102 [debug] [MainThread]: Connection 'test.netflix_analysis.relevance_score_test' was left open.
[0m00:28:19.139436 [debug] [MainThread]: On test.netflix_analysis.relevance_score_test: Close
[0m00:28:19.355704 [info ] [MainThread]: 
[0m00:28:19.356703 [info ] [MainThread]: Finished running 13 data tests in 0 hours 0 minutes and 3.65 seconds (3.65s).
[0m00:28:19.359157 [debug] [MainThread]: Command end result
[0m00:28:19.391539 [debug] [MainThread]: Wrote artifact WritableManifest to /Users/sakshirai/Desktop/netflixanalysis/netflix_analysis/target/manifest.json
[0m00:28:19.393141 [debug] [MainThread]: Wrote artifact SemanticManifest to /Users/sakshirai/Desktop/netflixanalysis/netflix_analysis/target/semantic_manifest.json
[0m00:28:19.397304 [debug] [MainThread]: Wrote artifact RunExecutionResult to /Users/sakshirai/Desktop/netflixanalysis/netflix_analysis/target/run_results.json
[0m00:28:19.397504 [info ] [MainThread]: 
[0m00:28:19.397714 [info ] [MainThread]: [32mCompleted successfully[0m
[0m00:28:19.397883 [info ] [MainThread]: 
[0m00:28:19.398046 [info ] [MainThread]: Done. PASS=13 WARN=0 ERROR=0 SKIP=0 TOTAL=13
[0m00:28:19.400049 [debug] [MainThread]: Resource report: {"command_name": "test", "command_success": true, "command_wall_clock_time": 4.7335415, "process_in_blocks": "0", "process_kernel_time": 0.234799, "process_mem_max_rss": "183222272", "process_out_blocks": "0", "process_user_time": 1.764967}
[0m00:28:19.400278 [debug] [MainThread]: Command `dbt test` succeeded at 00:28:19.400236 after 4.73 seconds
[0m00:28:19.400461 [debug] [MainThread]: Sending event: {'category': 'dbt', 'action': 'invocation', 'label': 'end', 'context': [<snowplow_tracker.self_describing_json.SelfDescribingJson object at 0x108cdf710>, <snowplow_tracker.self_describing_json.SelfDescribingJson object at 0x108d1f050>, <snowplow_tracker.self_describing_json.SelfDescribingJson object at 0x108c08290>]}
[0m00:28:19.400636 [debug] [MainThread]: Flushing usage events
[0m00:28:20.287642 [debug] [MainThread]: An error was encountered while trying to flush usage events
[0m18:54:42.362426 [debug] [MainThread]: Sending event: {'category': 'dbt', 'action': 'invocation', 'label': 'start', 'context': [<snowplow_tracker.self_describing_json.SelfDescribingJson object at 0x108ae0ad0>, <snowplow_tracker.self_describing_json.SelfDescribingJson object at 0x109a3f890>, <snowplow_tracker.self_describing_json.SelfDescribingJson object at 0x109a3f9d0>]}


============================== 18:54:42.364418 | 091a18df-97cd-4910-be4f-f5894b33b46b ==============================
[0m18:54:42.364418 [info ] [MainThread]: Running with dbt=1.11.8
[0m18:54:42.364674 [debug] [MainThread]: running dbt with arguments {'use_experimental_parser': 'False', 'debug': 'False', 'target_path': 'None', 'invocation_command': 'dbt ', 'printer_width': '80', 'static_parser': 'True', 'warn_error_options': 'WarnErrorOptionsV2(error=[], warn=[], silence=[])', 'no_print': 'None', 'send_anonymous_usage_stats': 'True', 'use_colors': 'True', 'empty': 'None', 'fail_fast': 'False', 'version_check': 'True', 'warn_error': 'None', 'partial_parse': 'True', 'log_cache_events': 'False', 'write_json': 'True', 'quiet': 'False', 'profiles_dir': '/Users/sakshirai/.dbt', 'indirect_selection': 'eager', 'log_format': 'default', 'introspect': 'True', 'log_path': '/Users/sakshirai/Documents/Projects/netflixanalysis/netflix_analysis/logs', 'cache_selected_only': 'False'}
[0m18:54:42.480019 [debug] [MainThread]: Sending event: {'category': 'dbt', 'action': 'project_id', 'label': '091a18df-97cd-4910-be4f-f5894b33b46b', 'context': [<snowplow_tracker.self_describing_json.SelfDescribingJson object at 0x108d7c770>]}
[0m18:54:42.502682 [debug] [MainThread]: Set downloads directory='/var/folders/rp/101xsw9131zdqm5fxfd452tm0000gn/T/dbt-downloads-918vmba3'
[0m18:54:42.502895 [debug] [MainThread]: Making package index registry request: GET https://hub.getdbt.com/api/v1/index.json
[0m18:54:42.559405 [debug] [MainThread]: Response from registry index: GET https://hub.getdbt.com/api/v1/index.json 200
[0m18:54:42.559945 [debug] [MainThread]: Making package registry request: GET https://hub.getdbt.com/api/v1/dbt-labs/dbt_utils.json
[0m18:54:42.607965 [debug] [MainThread]: Response from registry: GET https://hub.getdbt.com/api/v1/dbt-labs/dbt_utils.json 200
[0m18:54:42.610062 [info ] [MainThread]: Installing dbt-labs/dbt_utils
[0m18:54:42.975030 [info ] [MainThread]: Installed from version 1.3.0
[0m18:54:42.975244 [info ] [MainThread]: Updated version available: 1.3.3
[0m18:54:42.975423 [debug] [MainThread]: Sending event: {'category': 'dbt', 'action': 'package', 'label': '091a18df-97cd-4910-be4f-f5894b33b46b', 'property_': 'install', 'context': [<snowplow_tracker.self_describing_json.SelfDescribingJson object at 0x109996690>, <snowplow_tracker.self_describing_json.SelfDescribingJson object at 0x109995e10>]}
[0m18:54:42.975721 [info ] [MainThread]: 
[0m18:54:42.975899 [info ] [MainThread]: Updates available for packages: ['dbt-labs/dbt_utils']                 
Update your versions in packages.yml, then run dbt deps
[0m18:54:42.991536 [debug] [MainThread]: Resource report: {"command_name": "deps", "command_success": true, "command_wall_clock_time": 0.65773, "process_in_blocks": "0", "process_kernel_time": 0.139219, "process_mem_max_rss": "123322368", "process_out_blocks": "0", "process_user_time": 0.60639}
[0m18:54:42.991836 [debug] [MainThread]: Command `cli deps` succeeded at 18:54:42.991773 after 0.66 seconds
[0m18:54:42.992011 [debug] [MainThread]: Sending event: {'category': 'dbt', 'action': 'invocation', 'label': 'end', 'context': [<snowplow_tracker.self_describing_json.SelfDescribingJson object at 0x109c64c50>, <snowplow_tracker.self_describing_json.SelfDescribingJson object at 0x108558b90>, <snowplow_tracker.self_describing_json.SelfDescribingJson object at 0x109c0d6d0>]}
[0m18:54:42.992177 [debug] [MainThread]: Flushing usage events
[0m18:54:43.882135 [debug] [MainThread]: An error was encountered while trying to flush usage events
